series,run_id,state,start_date,end_date,year,phase,holding_days,segment_return,return_available,source_detail,zero_transfer_days,aligned_segment_return,is_directional
仅零段反转（0→-1/0→+1）,1,0,2018-01-03,2018-01-15,2018,Train,9,0.0,True,基础0,0,0.0,False
仅零段反转（0→-1/0→+1）,2,-1,2018-01-16,2018-01-23,2018,Train,6,-0.01730315224805079,True,0转-1持有；基础-1,1,-0.01730315224805079,True
仅零段反转（0→-1/0→+1）,3,0,2018-01-24,2018-02-01,2018,Train,7,0.0,True,基础0,0,0.0,False
仅零段反转（0→-1/0→+1）,4,-1,2018-02-02,2018-02-05,2018,Train,2,0.008647119851577845,True,0转-1持有,2,0.008647119851577845,True
仅零段反转（0→-1/0→+1）,5,0,2018-02-06,2018-02-08,2018,Train,3,0.0,True,基础0,0,0.0,False
仅零段反转（0→-1/0→+1）,6,-1,2018-02-09,2018-02-22,2018,Train,5,-0.0432439128816019,True,0转-1持有,5,-0.0432439128816019,True
仅零段反转（0→-1/0→+1）,7,1,2018-02-23,2018-02-28,2018,Train,4,0.018707519134140926,True,0转+1持有,4,0.018707519134140926,True
仅零段反转（0→-1/0→+1）,8,0,2018-03-01,2018-03-05,2018,Train,3,0.0,True,基础0,0,0.0,False
仅零段反转（0→-1/0→+1）,9,-1,2018-03-06,2018-03-07,2018,Train,2,0.000516906738970091,True,0转-1持有,2,0.000516906738970091,True
仅零段反转（0→-1/0→+1）,10,1,2018-03-08,2018-03-16,2018,Train,7,0.011589220233626518,True,基础+1,0,0.011589220233626518,True
仅零段反转（0→-1/0→+1）,11,0,2018-03-19,2018-03-21,2018,Train,3,0.0,True,基础0,0,0.0,False
仅零段反转（0→-1/0→+1）,12,-1,2018-03-22,2018-03-26,2018,Train,3,0.026686574505412564,True,0转-1持有,3,0.026686574505412564,True
仅零段反转（0→-1/0→+1）,13,0,2018-03-27,2018-03-29,2018,Train,3,0.0,True,基础0,0,0.0,False
仅零段反转（0→-1/0→+1）,14,-1,2018-03-30,2018-04-02,2018,Train,2,0.00198741434537808,True,0转-1持有,2,0.00198741434537808,True
仅零段反转（0→-1/0→+1）,15,0,2018-04-03,2018-04-16,2018,Train,8,0.0,True,基础0,0,0.0,False
仅零段反转（0→-1/0→+1）,16,-1,2018-04-17,2018-04-18,2018,Train,2,0.009737005013244926,True,0转-1持有,2,0.009737005013244926,True
仅零段反转（0→-1/0→+1）,17,0,2018-04-19,2018-04-25,2018,Train,5,0.0,True,基础0,0,0.0,False
仅零段反转（0→-1/0→+1）,18,-1,2018-04-26,2018-05-03,2018,Train,4,0.010001638198241514,True,0转-1持有,4,0.010001638198241514,True
仅零段反转（0→-1/0→+1）,19,0,2018-05-04,2018-05-11,2018,Train,6,0.0,True,基础0,0,0.0,False
仅零段反转（0→-1/0→+1）,20,1,2018-05-14,2018-05-15,2018,Train,2,0.0033991652443225995,True,0转+1持有,2,0.0033991652443225995,True
仅零段反转（0→-1/0→+1）,21,0,2018-05-16,2018-05-30,2018,Train,11,0.0,True,零段同日冲突置0；基础0,0,0.0,False
仅零段反转（0→-1/0→+1）,22,-1,2018-05-31,2018-06-01,2018,Train,2,0.005230286418030916,True,0转-1持有,2,0.005230286418030916,True
仅零段反转（0→-1/0→+1）,23,0,2018-06-04,2018-06-05,2018,Train,2,0.0,True,基础0,0,0.0,False
仅零段反转（0→-1/0→+1）,24,1,2018-06-06,2018-06-08,2018,Train,3,-0.019654438978525035,True,0转+1持有,3,-0.019654438978525035,True
仅零段反转（0→-1/0→+1）,25,0,2018-06-11,2018-06-15,2018,Train,5,0.0,True,零段同日冲突置0；基础0,0,0.0,False
仅零段反转（0→-1/0→+1）,26,-1,2018-06-19,2018-06-20,2018,Train,2,0.03632225991229587,True,0转-1持有,2,0.03632225991229587,True
仅零段反转（0→-1/0→+1）,27,0,2018-06-21,2018-06-29,2018,Train,7,0.0,True,基础0,0,0.0,False
仅零段反转（0→-1/0→+1）,28,1,2018-07-02,2018-07-05,2018,Train,4,-0.04554497410209979,True,0转+1持有,4,-0.04554497410209979,True
仅零段反转（0→-1/0→+1）,29,0,2018-07-06,2018-07-17,2018,Train,8,0.0,True,基础0,0,0.0,False
仅零段反转（0→-1/0→+1）,30,1,2018-07-18,2018-07-25,2018,Train,6,0.020998827968526368,True,0转+1持有,6,0.020998827968526368,True
仅零段反转（0→-1/0→+1）,31,0,2018-07-26,2018-07-26,2018,Train,1,0.0,True,基础0,0,0.0,False
仅零段反转（0→-1/0→+1）,32,1,2018-07-27,2018-08-02,2018,Train,5,-0.055530811980927464,True,基础+1,0,-0.055530811980927464,True
仅零段反转（0→-1/0→+1）,33,-1,2018-08-03,2018-08-06,2018,Train,2,0.029631908650936456,True,0转-1持有,2,0.029631908650936456,True
仅零段反转（0→-1/0→+1）,34,0,2018-08-07,2018-08-07,2018,Train,1,0.0,True,基础0,0,0.0,False
仅零段反转（0→-1/0→+1）,35,1,2018-08-08,2018-08-10,2018,Train,3,0.008706258031750513,True,0转+1持有,3,0.008706258031750513,True
仅零段反转（0→-1/0→+1）,36,0,2018-08-13,2018-08-21,2018,Train,7,0.0,True,零段同日冲突置0；基础0,0,0.0,False
仅零段反转（0→-1/0→+1）,37,-1,2018-08-22,2018-08-30,2018,Train,7,0.004077509410887248,True,0转-1持有；基础-1,2,0.004077509410887248,True
仅零段反转（0→-1/0→+1）,38,0,2018-08-31,2018-09-04,2018,Train,3,0.0,True,基础0,0,0.0,False
仅零段反转（0→-1/0→+1）,39,1,2018-09-05,2018-09-10,2018,Train,4,-0.0360865654102448,True,0转+1持有,4,-0.0360865654102448,True
仅零段反转（0→-1/0→+1）,40,0,2018-09-11,2018-10-11,2018,Train,17,0.0,True,基础0,0,0.0,False
仅零段反转（0→-1/0→+1）,41,-1,2018-10-12,2018-10-19,2018,Train,6,0.021778219841656066,True,0转-1持有；基础-1,1,0.021778219841656066,True
仅零段反转（0→-1/0→+1）,42,0,2018-10-22,2018-10-24,2018,Train,3,0.0,True,基础0,0,0.0,False
仅零段反转（0→-1/0→+1）,43,1,2018-10-25,2018-11-01,2018,Train,6,0.0583575412470565,True,0转+1持有,6,0.0583575412470565,True
仅零段反转（0→-1/0→+1）,44,0,2018-11-02,2018-11-19,2018,Train,12,0.0,True,基础0,0,0.0,False
仅零段反转（0→-1/0→+1）,45,1,2018-11-20,2018-11-26,2018,Train,5,-0.05088213303382105,True,基础+1,0,-0.05088213303382105,True
仅零段反转（0→-1/0→+1）,46,0,2018-11-27,2018-11-27,2018,Train,1,0.0,True,基础0,0,0.0,False
仅零段反转（0→-1/0→+1）,47,1,2018-11-28,2018-11-29,2018,Train,2,-0.012229804184973103,True,0转+1持有,2,-0.012229804184973103,True
仅零段反转（0→-1/0→+1）,48,0,2018-11-30,2018-12-03,2018,Train,2,0.0,True,零段同日冲突置0,0,0.0,False
仅零段反转（0→-1/0→+1）,49,1,2018-12-04,2018-12-05,2018,Train,2,-0.006480980863138641,True,0转+1持有,2,-0.006480980863138641,True
仅零段反转（0→-1/0→+1）,50,0,2018-12-06,2018-12-24,2018,Train,13,0.0,True,基础0,0,0.0,False
仅零段反转（0→-1/0→+1）,51,-1,2018-12-25,2019-01-04,2018,Train,7,-0.0015598144296589123,True,0转-1持有；基础-1,2,-0.0015598144296589123,True
仅零段反转（0→-1/0→+1）,52,1,2019-01-07,2019-01-25,2019,Train,15,0.02531118752794781,True,0转+1持有；基础+1,6,0.02531118752794781,True
仅零段反转（0→-1/0→+1）,53,0,2019-01-28,2019-01-29,2019,Train,2,0.0,True,基础0,0,0.0,False
仅零段反转（0→-1/0→+1）,54,-1,2019-01-30,2019-01-31,2019,Train,2,0.01092620618104101,True,0转-1持有,2,0.01092620618104101,True
仅零段反转（0→-1/0→+1）,55,0,2019-02-01,2019-02-11,2019,Train,2,0.0,True,基础0,0,0.0,False
仅零段反转（0→-1/0→+1）,56,1,2019-02-12,2019-03-11,2019,Train,20,0.22796213936376752,True,0转+1持有；基础+1,1,0.22796213936376752,True
仅零段反转（0→-1/0→+1）,57,-1,2019-03-12,2019-03-13,2019,Train,2,0.02145905961050565,True,0转-1持有,2,0.02145905961050565,True
仅零段反转（0→-1/0→+1）,58,0,2019-03-14,2019-03-27,2019,Train,10,0.0,True,基础0,0,0.0,False
仅零段反转（0→-1/0→+1）,59,-1,2019-03-28,2019-03-29,2019,Train,2,-0.029688700980503135,True,0转-1持有,2,-0.029688700980503135,True
仅零段反转（0→-1/0→+1）,60,1,2019-04-01,2019-04-08,2019,Train,5,0.04353739223785924,True,0转+1持有,5,0.04353739223785924,True
仅零段反转（0→-1/0→+1）,61,0,2019-04-09,2019-04-24,2019,Train,12,0.0,True,零段同日冲突置0；基础0,0,0.0,False
仅零段反转（0→-1/0→+1）,62,-1,2019-04-25,2019-05-13,2019,Train,10,0.13157513292280654,True,0转-1持有；基础-1,2,0.13157513292280654,True
仅零段反转（0→-1/0→+1）,63,1,2019-05-14,2019-05-17,2019,Train,4,-0.0002568093892421075,True,0转+1持有,4,-0.0002568093892421075,True
仅零段反转（0→-1/0→+1）,64,0,2019-05-20,2019-05-20,2019,Train,1,0.0,True,零段同日冲突置0,0,0.0,False
仅零段反转（0→-1/0→+1）,65,-1,2019-05-21,2019-05-21,2019,Train,1,-0.017248707350539627,True,0转-1持有,1,-0.017248707350539627,True
仅零段反转（0→-1/0→+1）,66,0,2019-05-22,2019-06-03,2019,Train,9,0.0,True,基础0,0,0.0,False
仅零段反转（0→-1/0→+1）,67,-1,2019-06-04,2019-06-05,2019,Train,2,0.014707660243164056,True,0转-1持有,2,0.014707660243164056,True
仅零段反转（0→-1/0→+1）,68,1,2019-06-06,2019-06-12,2019,Train,4,0.017170525760710875,True,0转+1持有,4,0.017170525760710875,True
仅零段反转（0→-1/0→+1）,69,0,2019-06-13,2019-06-17,2019,Train,3,0.0,True,基础0,0,0.0,False
仅零段反转（0→-1/0→+1）,70,-1,2019-06-18,2019-06-19,2019,Train,2,-0.010388210029944056,True,0转-1持有,2,-0.010388210029944056,True
仅零段反转（0→-1/0→+1）,71,1,2019-06-20,2019-06-25,2019,Train,4,0.018981062312173114,True,0转+1持有,4,0.018981062312173114,True
仅零段反转（0→-1/0→+1）,72,0,2019-06-26,2019-07-05,2019,Train,8,0.0,True,基础0,0,0.0,False
仅零段反转（0→-1/0→+1）,73,-1,2019-07-08,2019-07-10,2019,Train,3,0.03198851811180359,True,0转-1持有,3,0.03198851811180359,True
仅零段反转（0→-1/0→+1）,74,0,2019-07-11,2019-07-23,2019,Train,9,0.0,True,基础0,0,0.0,False
仅零段反转（0→-1/0→+1）,75,-1,2019-07-24,2019-07-25,2019,Train,2,-0.008867247905143039,True,0转-1持有,2,-0.008867247905143039,True
仅零段反转（0→-1/0→+1）,76,0,2019-07-26,2019-08-02,2019,Train,6,0.0,True,基础0,0,0.0,False
仅零段反转（0→-1/0→+1）,77,-1,2019-08-05,2019-08-07,2019,Train,3,0.03223813419832555,True,0转-1持有,3,0.03223813419832555,True
仅零段反转（0→-1/0→+1）,78,0,2019-08-08,2019-08-20,2019,Train,9,0.0,True,基础0,0,0.0,False
仅零段反转（0→-1/0→+1）,79,1,2019-08-21,2019-09-12,2019,Train,17,0.07967096180631428,True,基础+1,0,0.07967096180631428,True
仅零段反转（0→-1/0→+1）,80,-1,2019-09-16,2019-09-17,2019,Train,2,0.021978120018135372,True,0转-1持有,2,0.021978120018135372,True
仅零段反转（0→-1/0→+1）,81,0,2019-09-18,2019-09-27,2019,Train,8,0.0,True,基础0,0,0.0,False
仅零段反转（0→-1/0→+1）,82,-1,2019-09-30,2019-10-09,2019,Train,3,0.00404661872727341,True,0转-1持有,3,0.00404661872727341,True
仅零段反转（0→-1/0→+1）,83,0,2019-10-10,2019-11-07,2019,Train,21,0.0,True,基础0,0,0.0,False
仅零段反转（0→-1/0→+1）,84,-1,2019-11-08,2019-11-11,2019,Train,2,0.03155566336379756,True,0转-1持有,2,0.03155566336379756,True
仅零段反转（0→-1/0→+1）,85,0,2019-11-12,2019-11-20,2019,Train,7,0.0,True,基础0,0,0.0,False
仅零段反转（0→-1/0→+1）,86,-1,2019-11-21,2019-11-26,2019,Train,4,0.009801115626563717,True,0转-1持有,4,0.009801115626563717,True
仅零段反转（0→-1/0→+1）,87,0,2019-11-27,2019-12-06,2019,Train,8,0.0,True,基础0,0,0.0,False
仅零段反转（0→-1/0→+1）,88,1,2019-12-09,2020-01-13,2019,Train,25,0.10639273478676325,True,基础+1,0,0.10639273478676325,True
仅零段反转（0→-1/0→+1）,89,0,2020-01-14,2020-02-03,2020,Train,9,0.0,True,基础0；零段同日冲突置0,0,0.0,False
仅零段反转（0→-1/0→+1）,90,1,2020-02-04,2020-02-10,2020,Train,5,0.13208315771172652,True,0转+1持有,5,0.13208315771172652,True
仅零段反转（0→-1/0→+1）,91,0,2020-02-11,2020-02-14,2020,Train,4,0.0,True,基础0,0,0.0,False
仅零段反转（0→-1/0→+1）,92,-1,2020-02-17,2020-02-17,2020,Train,1,-0.02811963547059615,True,0转-1持有,1,-0.02811963547059615,True
仅零段反转（0→-1/0→+1）,93,0,2020-02-18,2020-02-18,2020,Train,1,0.0,True,零段同日冲突置0,0,0.0,False
仅零段反转（0→-1/0→+1）,94,1,2020-02-19,2020-02-28,2020,Train,8,-0.0235551189533183,True,基础+1,0,-0.0235551189533183,True
仅零段反转（0→-1/0→+1）,95,0,2020-03-02,2020-03-02,2020,Train,1,0.0,True,基础0,0,0.0,False
仅零段反转（0→-1/0→+1）,96,1,2020-03-03,2020-03-04,2020,Train,2,0.0070103298945448644,True,0转+1持有,2,0.0070103298945448644,True
仅零段反转（0→-1/0→+1）,97,0,2020-03-05,2020-03-13,2020,Train,7,0.0,True,零段同日冲突置0；基础0,0,0.0,False
仅零段反转（0→-1/0→+1）,98,-1,2020-03-16,2020-03-25,2020,Train,8,0.05707282537791325,True,基础-1,0,0.05707282537791325,True
仅零段反转（0→-1/0→+1）,99,1,2020-03-26,2020-03-31,2020,Train,4,-0.029071058392499016,True,0转+1持有,4,-0.029071058392499016,True
仅零段反转（0→-1/0→+1）,100,0,2020-04-01,2020-04-01,2020,Train,1,0.0,True,零段同日冲突置0,0,0.0,False
仅零段反转（0→-1/0→+1）,101,-1,2020-04-02,2020-04-02,2020,Train,1,-0.02898648606610066,True,0转-1持有,1,-0.02898648606610066,True
仅零段反转（0→-1/0→+1）,102,0,2020-04-03,2020-04-23,2020,Train,14,0.0,True,基础0,0,0.0,False
仅零段反转（0→-1/0→+1）,103,-1,2020-04-24,2020-04-27,2020,Train,2,0.015431001376227216,True,0转-1持有,2,0.015431001376227216,True
仅零段反转（0→-1/0→+1）,104,0,2020-04-28,2020-05-07,2020,Train,5,0.0,True,基础0,0,0.0,False
仅零段反转（0→-1/0→+1）,105,1,2020-05-08,2020-05-21,2020,Train,10,-0.009515607184077512,True,基础+1,0,-0.009515607184077512,True
仅零段反转（0→-1/0→+1）,106,0,2020-05-22,2020-06-04,2020,Train,10,0.0,True,基础0,0,0.0,False
仅零段反转（0→-1/0→+1）,107,-1,2020-06-05,2020-06-08,2020,Train,2,0.0005015074313424739,True,0转-1持有,2,0.0005015074313424739,True
仅零段反转（0→-1/0→+1）,108,0,2020-06-09,2020-06-10,2020,Train,2,0.0,True,基础0,0,0.0,False
仅零段反转（0→-1/0→+1）,109,1,2020-06-11,2020-06-23,2020,Train,9,0.03395677481314563,True,基础+1,0,0.03395677481314563,True
仅零段反转（0→-1/0→+1）,110,-1,2020-06-24,2020-06-24,2020,Train,1,0.005867275948987505,True,0转-1持有,1,0.005867275948987505,True
仅零段反转（0→-1/0→+1）,111,0,2020-06-29,2020-06-29,2020,Train,1,0.0,True,零段同日冲突置0,0,0.0,False
仅零段反转（0→-1/0→+1）,112,1,2020-06-30,2020-07-16,2020,Train,13,0.09257258583557249,True,0转+1持有；基础+1,4,0.09257258583557249,True
仅零段反转（0→-1/0→+1）,113,0,2020-07-17,2020-07-17,2020,Train,1,0.0,True,基础0,0,0.0,False
仅零段反转（0→-1/0→+1）,114,-1,2020-07-20,2020-07-22,2020,Train,3,-0.022224060596933937,True,0转-1持有,3,-0.022224060596933937,True
仅零段反转（0→-1/0→+1）,115,0,2020-07-23,2020-07-29,2020,Train,5,0.0,True,基础0；零段同日冲突置0,0,0.0,False
仅零段反转（0→-1/0→+1）,116,1,2020-07-30,2020-07-31,2020,Train,2,0.013387931940572084,True,0转+1持有,2,0.013387931940572084,True
仅零段反转（0→-1/0→+1）,117,0,2020-08-03,2020-08-10,2020,Train,6,0.0,True,基础0,0,0.0,False
仅零段反转（0→-1/0→+1）,118,-1,2020-08-11,2020-08-12,2020,Train,2,0.026163250735457555,True,0转-1持有,2,0.026163250735457555,True
仅零段反转（0→-1/0→+1）,119,0,2020-08-13,2020-08-17,2020,Train,3,0.0,True,基础0,0,0.0,False
仅零段反转（0→-1/0→+1）,120,1,2020-08-18,2020-08-21,2020,Train,4,-0.011657925344627618,True,0转+1持有,4,-0.011657925344627618,True
仅零段反转（0→-1/0→+1）,121,0,2020-08-24,2020-08-25,2020,Train,2,0.0,True,零段同日冲突置0,0,0.0,False
仅零段反转（0→-1/0→+1）,122,1,2020-08-26,2020-08-26,2020,Train,1,-0.01688800259952372,True,0转+1持有,1,-0.01688800259952372,True
仅零段反转（0→-1/0→+1）,123,0,2020-08-27,2020-09-02,2020,Train,5,0.0,True,基础0,0,0.0,False
仅零段反转（0→-1/0→+1）,124,1,2020-09-03,2020-09-09,2020,Train,5,-0.046714016586007934,True,0转+1持有,5,-0.046714016586007934,True
仅零段反转（0→-1/0→+1）,125,-1,2020-09-10,2020-09-18,2020,Train,7,-0.014522332553197126,True,0转-1持有；基础-1,1,-0.014522332553197126,True
仅零段反转（0→-1/0→+1）,126,1,2020-09-21,2020-09-23,2020,Train,3,-0.02143734972259137,True,0转+1持有,3,-0.02143734972259137,True
仅零段反转（0→-1/0→+1）,127,0,2020-09-24,2020-09-24,2020,Train,1,0.0,True,零段同日冲突置0,0,0.0,False
仅零段反转（0→-1/0→+1）,128,-1,2020-09-25,2020-09-25,2020,Train,1,0.0026595337583705803,True,0转-1持有,1,0.0026595337583705803,True
仅零段反转（0→-1/0→+1）,129,0,2020-09-28,2020-10-15,2020,Train,8,0.0,True,基础0,0,0.0,False
仅零段反转（0→-1/0→+1）,130,1,2020-10-16,2020-10-20,2020,Train,3,-0.004502999307811173,True,0转+1持有,3,-0.004502999307811173,True
仅零段反转（0→-1/0→+1）,131,0,2020-10-21,2020-10-21,2020,Train,1,0.0,True,零段同日冲突置0,0,0.0,False
仅零段反转（0→-1/0→+1）,132,-1,2020-10-22,2020-10-22,2020,Train,1,0.0031264551047279765,True,0转-1持有,1,0.0031264551047279765,True
仅零段反转（0→-1/0→+1）,133,0,2020-10-23,2020-10-26,2020,Train,2,0.0,True,基础0,0,0.0,False
仅零段反转（0→-1/0→+1）,134,-1,2020-10-27,2020-11-03,2020,Train,6,-0.010120488616025325,True,基础-1,0,-0.010120488616025325,True
仅零段反转（0→-1/0→+1）,135,0,2020-11-04,2020-11-12,2020,Train,7,0.0,True,基础0,0,0.0,False
仅零段反转（0→-1/0→+1）,136,-1,2020-11-13,2020-11-16,2020,Train,2,-0.012080638822143719,True,0转-1持有,2,-0.012080638822143719,True
仅零段反转（0→-1/0→+1）,137,0,2020-11-17,2020-11-19,2020,Train,3,0.0,True,基础0,0,0.0,False
仅零段反转（0→-1/0→+1）,138,-1,2020-11-20,2020-11-23,2020,Train,2,-0.018489248849635098,True,0转-1持有,2,-0.018489248849635098,True
仅零段反转（0→-1/0→+1）,139,0,2020-11-24,2020-12-04,2020,Train,9,0.0,True,基础0,0,0.0,False
仅零段反转（0→-1/0→+1）,140,-1,2020-12-07,2020-12-08,2020,Train,2,0.005485637163710644,True,0转-1持有,2,0.005485637163710644,True
仅零段反转（0→-1/0→+1）,141,0,2020-12-09,2020-12-11,2020,Train,3,0.0,True,基础0,0,0.0,False
仅零段反转（0→-1/0→+1）,142,-1,2020-12-14,2020-12-16,2020,Train,3,-0.0028264328971592256,True,0转-1持有,3,-0.0028264328971592256,True
仅零段反转（0→-1/0→+1）,143,0,2020-12-17,2020-12-22,2020,Train,4,0.0,True,基础0,0,0.0,False
仅零段反转（0→-1/0→+1）,144,-1,2020-12-23,2020-12-24,2020,Train,2,0.010130645893314139,True,0转-1持有,2,0.010130645893314139,True
仅零段反转（0→-1/0→+1）,145,0,2020-12-25,2020-12-29,2020,Train,3,0.0,True,基础0,0,0.0,False
仅零段反转（0→-1/0→+1）,146,-1,2020-12-30,2020-12-31,2020,Train,2,-0.031890873184904134,True,0转-1持有,2,-0.031890873184904134,True
仅零段反转（0→-1/0→+1）,147,0,2021-01-04,2021-01-05,2021,Train,2,0.0,True,基础0,0,0.0,False
仅零段反转（0→-1/0→+1）,148,1,2021-01-06,2021-01-11,2021,Train,4,-0.01888167736796731,True,0转+1持有,4,-0.01888167736796731,True
仅零段反转（0→-1/0→+1）,149,0,2021-01-12,2021-01-12,2021,Train,1,0.0,True,基础0,0,0.0,False
仅零段反转（0→-1/0→+1）,150,-1,2021-01-13,2021-01-14,2021,Train,2,0.018846333429624607,True,0转-1持有,2,0.018846333429624607,True
仅零段反转（0→-1/0→+1）,151,0,2021-01-15,2021-01-18,2021,Train,2,0.0,True,基础0,0,0.0,False
仅零段反转（0→-1/0→+1）,152,1,2021-01-19,2021-01-20,2021,Train,2,0.006440797570073431,True,0转+1持有,2,0.006440797570073431,True
仅零段反转（0→-1/0→+1）,153,0,2021-01-21,2021-01-22,2021,Train,2,0.0,True,零段同日冲突置0,0,0.0,False
仅零段反转（0→-1/0→+1）,154,1,2021-01-25,2021-01-25,2021,Train,1,-0.0022710972373488625,True,0转+1持有,1,-0.0022710972373488625,True
仅零段反转（0→-1/0→+1）,155,0,2021-01-26,2021-02-01,2021,Train,5,0.0,True,基础0,0,0.0,False
仅零段反转（0→-1/0→+1）,156,-1,2021-02-02,2021-02-18,2021,Train,8,-0.031064475368326683,True,0转-1持有；基础-1,3,-0.031064475368326683,True
仅零段反转（0→-1/0→+1）,157,0,2021-02-19,2021-02-19,2021,Train,1,0.0,True,基础0,0,0.0,False
仅零段反转（0→-1/0→+1）,158,1,2021-02-22,2021-02-22,2021,Train,1,-0.017515250006335914,True,0转+1持有,1,-0.017515250006335914,True
仅零段反转（0→-1/0→+1）,159,0,2021-02-23,2021-02-24,2021,Train,2,0.0,True,零段同日冲突置0,0,0.0,False
仅零段反转（0→-1/0→+1）,160,1,2021-02-25,2021-02-26,2021,Train,2,-0.02901657915977085,True,0转+1持有,2,-0.02901657915977085,True
仅零段反转（0→-1/0→+1）,161,0,2021-03-01,2021-03-04,2021,Train,4,0.0,True,基础0,0,0.0,False
仅零段反转（0→-1/0→+1）,162,-1,2021-03-05,2021-03-12,2021,Train,6,0.020012150345789403,True,0转-1持有；基础-1,1,0.020012150345789403,True
仅零段反转（0→-1/0→+1）,163,0,2021-03-15,2021-03-15,2021,Train,1,0.0,True,基础0,0,0.0,False
仅零段反转（0→-1/0→+1）,164,1,2021-03-16,2021-03-16,2021,Train,1,0.0007811279942895322,True,0转+1持有,1,0.0007811279942895322,True
仅零段反转（0→-1/0→+1）,165,-1,2021-03-17,2021-03-29,2021,Train,9,-0.010051623484410577,True,基础-1；0转-1持有,4,-0.010051623484410577,True
仅零段反转（0→-1/0→+1）,166,0,2021-03-30,2021-04-01,2021,Train,3,0.0,True,基础0,0,0.0,False
仅零段反转（0→-1/0→+1）,167,1,2021-04-02,2021-04-06,2021,Train,2,0.005351247954713534,True,0转+1持有,2,0.005351247954713534,True
仅零段反转（0→-1/0→+1）,168,0,2021-04-07,2021-04-09,2021,Train,3,0.0,True,零段同日冲突置0；基础0,0,0.0,False
仅零段反转（0→-1/0→+1）,169,1,2021-04-12,2021-05-07,2021,Train,17,0.02180148103124191,True,基础+1,0,0.02180148103124191,True
仅零段反转（0→-1/0→+1）,170,-1,2021-05-10,2021-05-10,2021,Train,1,0.0038887127321765025,True,0转-1持有,1,0.0038887127321765025,True
仅零段反转（0→-1/0→+1）,171,0,2021-05-11,2021-05-13,2021,Train,3,0.0,True,零段同日冲突置0,0,0.0,False
仅零段反转（0→-1/0→+1）,172,1,2021-05-14,2021-05-18,2021,Train,3,0.019641201811740894,True,0转+1持有,3,0.019641201811740894,True
仅零段反转（0→-1/0→+1）,173,0,2021-05-19,2021-05-19,2021,Train,1,0.0,True,零段同日冲突置0,0,0.0,False
仅零段反转（0→-1/0→+1）,174,-1,2021-05-20,2021-05-21,2021,Train,2,0.0038458325820558414,True,0转-1持有,2,0.0038458325820558414,True
仅零段反转（0→-1/0→+1）,175,0,2021-05-24,2021-05-28,2021,Train,5,0.0,True,基础0,0,0.0,False
仅零段反转（0→-1/0→+1）,176,1,2021-05-31,2021-06-09,2021,Train,8,0.0012431177041090091,True,基础+1,0,0.0012431177041090091,True
仅零段反转（0→-1/0→+1）,177,-1,2021-06-10,2021-06-10,2021,Train,1,-0.012681311523564665,True,0转-1持有,1,-0.012681311523564665,True
仅零段反转（0→-1/0→+1）,178,0,2021-06-11,2021-06-15,2021,Train,2,0.0,True,零段同日冲突置0,0,0.0,False
仅零段反转（0→-1/0→+1）,179,1,2021-06-16,2021-06-24,2021,Train,7,0.013621311196348018,True,0转+1持有,7,0.013621311196348018,True
仅零段反转（0→-1/0→+1）,180,0,2021-06-25,2021-06-30,2021,Train,4,0.0,True,基础0,0,0.0,False
仅零段反转（0→-1/0→+1）,181,-1,2021-07-01,2021-07-02,2021,Train,2,0.023163777182204526,True,0转-1持有,2,0.023163777182204526,True
仅零段反转（0→-1/0→+1）,182,0,2021-07-05,2021-07-07,2021,Train,3,0.0,True,基础0,0,0.0,False
仅零段反转（0→-1/0→+1）,183,1,2021-07-08,2021-07-08,2021,Train,1,-0.007857877423258386,True,0转+1持有,1,-0.007857877423258386,True
仅零段反转（0→-1/0→+1）,184,0,2021-07-09,2021-07-12,2021,Train,2,0.0,True,零段同日冲突置0,0,0.0,False
仅零段反转（0→-1/0→+1）,185,1,2021-07-13,2021-07-16,2021,Train,4,0.0016196220510991122,True,0转+1持有,4,0.0016196220510991122,True
仅零段反转（0→-1/0→+1）,186,-1,2021-07-19,2021-07-21,2021,Train,3,-0.012316748974631864,True,0转-1持有,3,-0.012316748974631864,True
仅零段反转（0→-1/0→+1）,187,0,2021-07-22,2021-07-23,2021,Train,2,0.0,True,基础0,0,0.0,False
仅零段反转（0→-1/0→+1）,188,1,2021-07-26,2021-08-04,2021,Train,8,-0.0067199752892304065,True,基础+1；0转+1持有,3,-0.0067199752892304065,True
仅零段反转（0→-1/0→+1）,189,0,2021-08-05,2021-08-06,2021,Train,2,0.0,True,零段同日冲突置0,0,0.0,False
仅零段反转（0→-1/0→+1）,190,-1,2021-08-09,2021-08-09,2021,Train,1,-0.008172009003110103,True,0转-1持有,1,-0.008172009003110103,True
仅零段反转（0→-1/0→+1）,191,0,2021-08-10,2021-08-17,2021,Train,6,0.0,True,基础0,0,0.0,False
仅零段反转（0→-1/0→+1）,192,-1,2021-08-18,2021-08-20,2021,Train,3,-0.00957696093250282,True,0转-1持有,3,-0.00957696093250282,True
仅零段反转（0→-1/0→+1）,193,0,2021-08-23,2021-08-26,2021,Train,4,0.0,True,基础0,0,0.0,False
仅零段反转（0→-1/0→+1）,194,-1,2021-08-27,2021-08-30,2021,Train,2,-0.01491841051465459,True,0转-1持有,2,-0.01491841051465459,True
仅零段反转（0→-1/0→+1）,195,0,2021-08-31,2021-08-31,2021,Train,1,0.0,True,基础0,0,0.0,False
仅零段反转（0→-1/0→+1）,196,1,2021-09-01,2021-09-15,2021,Train,11,0.04724299801072951,True,基础+1,0,0.04724299801072951,True
仅零段反转（0→-1/0→+1）,197,-1,2021-09-16,2021-09-17,2021,Train,2,0.04133855468303771,True,0转-1持有,2,0.04133855468303771,True
仅零段反转（0→-1/0→+1）,198,0,2021-09-22,2021-09-27,2021,Train,4,0.0,True,基础0,0,0.0,False
仅零段反转（0→-1/0→+1）,199,-1,2021-09-28,2021-11-01,2021,Train,20,0.012774627892898294,True,基础-1；0转-1持有,8,0.012774627892898294,True
仅零段反转（0→-1/0→+1）,200,0,2021-11-02,2021-11-03,2021,Train,2,0.0,True,基础0,0,0.0,False
仅零段反转（0→-1/0→+1）,201,1,2021-11-04,2021-11-11,2021,Train,6,0.012473418407623948,True,0转+1持有,6,0.012473418407623948,True
仅零段反转（0→-1/0→+1）,202,0,2021-11-12,2021-11-17,2021,Train,4,0.0,True,基础0,0,0.0,False
仅零段反转（0→-1/0→+1）,203,-1,2021-11-18,2021-11-18,2021,Train,1,0.0036255308347789006,True,0转-1持有,1,0.0036255308347789006,True
仅零段反转（0→-1/0→+1）,204,0,2021-11-19,2021-11-19,2021,Train,1,0.0,True,零段同日冲突置0,0,0.0,False
仅零段反转（0→-1/0→+1）,205,1,2021-11-22,2021-11-24,2021,Train,3,0.011874564433141943,True,0转+1持有,3,0.011874564433141943,True
仅零段反转（0→-1/0→+1）,206,0,2021-11-25,2021-12-06,2021,Train,8,0.0,True,基础0,0,0.0,False
仅零段反转（0→-1/0→+1）,207,-1,2021-12-07,2021-12-09,2021,Train,3,-0.0017036432099046817,True,0转-1持有,3,-0.0017036432099046817,True
仅零段反转（0→-1/0→+1）,208,1,2021-12-10,2021-12-16,2021,Train,5,0.012973660386610297,True,0转+1持有,5,0.012973660386610297,True
仅零段反转（0→-1/0→+1）,209,0,2021-12-17,2021-12-17,2021,Train,1,0.0,True,基础0,0,0.0,False
仅零段反转（0→-1/0→+1）,210,-1,2021-12-20,2021-12-24,2021,Train,5,0.002723095332544556,True,0转-1持有,5,0.002723095332544556,True
仅零段反转（0→-1/0→+1）,211,0,2021-12-27,2021-12-28,2021,Train,2,0.0,True,基础0,0,0.0,False
仅零段反转（0→-1/0→+1）,212,1,2021-12-29,2022-01-04,2021,Train,4,0.009454148650552274,True,0转+1持有,4,0.009454148650552274,True
仅零段反转（0→-1/0→+1）,213,-1,2022-01-05,2022-01-18,2022,Train,10,0.026938197225933602,True,0转-1持有；基础-1,2,0.026938197225933602,True
仅零段反转（0→-1/0→+1）,214,0,2022-01-19,2022-01-20,2022,Train,2,0.0,True,基础0,0,0.0,False
仅零段反转（0→-1/0→+1）,215,-1,2022-01-21,2022-01-27,2022,Train,5,0.05007350031420521,True,基础-1,0,0.05007350031420521,True
仅零段反转（0→-1/0→+1）,216,0,2022-01-28,2022-02-15,2022,Train,8,0.0,True,基础0,0,0.0,False
仅零段反转（0→-1/0→+1）,217,-1,2022-02-16,2022-02-17,2022,Train,2,0.006601694443018724,True,0转-1持有,2,0.006601694443018724,True
仅零段反转（0→-1/0→+1）,218,0,2022-02-18,2022-02-24,2022,Train,5,0.0,True,基础0,0,0.0,False
仅零段反转（0→-1/0→+1）,219,-1,2022-02-25,2022-03-07,2022,Train,7,0.022682296066382612,True,0转-1持有,7,0.022682296066382612,True
仅零段反转（0→-1/0→+1）,220,0,2022-03-08,2022-03-09,2022,Train,2,0.0,True,基础0,0,0.0,False
仅零段反转（0→-1/0→+1）,221,-1,2022-03-10,2022-03-17,2022,Train,6,0.026363580179647017,True,基础-1,0,0.026363580179647017,True
仅零段反转（0→-1/0→+1）,222,1,2022-03-18,2022-03-18,2022,Train,1,0.01457448592489996,True,0转+1持有,1,0.01457448592489996,True
仅零段反转（0→-1/0→+1）,223,0,2022-03-21,2022-03-22,2022,Train,2,0.0,True,零段同日冲突置0,0,0.0,False
仅零段反转（0→-1/0→+1）,224,1,2022-03-23,2022-03-23,2022,Train,1,0.0004174418196742913,True,0转+1持有,1,0.0004174418196742913,True
仅零段反转（0→-1/0→+1）,225,0,2022-03-24,2022-03-31,2022,Train,6,0.0,True,基础0,0,0.0,False
仅零段反转（0→-1/0→+1）,226,-1,2022-04-01,2022-04-07,2022,Train,3,0.009735929992412018,True,0转-1持有,3,0.009735929992412018,True
仅零段反转（0→-1/0→+1）,227,0,2022-04-08,2022-04-08,2022,Train,1,0.0,True,基础0,0,0.0,False
仅零段反转（0→-1/0→+1）,228,1,2022-04-11,2022-04-12,2022,Train,2,-0.016940578780488047,True,0转+1持有,2,-0.016940578780488047,True
仅零段反转（0→-1/0→+1）,229,0,2022-04-13,2022-04-14,2022,Train,2,0.0,True,零段同日冲突置0,0,0.0,False
仅零段反转（0→-1/0→+1）,230,-1,2022-04-15,2022-04-28,2022,Train,10,0.106064665868697,True,0转-1持有；基础-1,2,0.106064665868697,True
仅零段反转（0→-1/0→+1）,231,1,2022-04-29,2022-05-09,2022,Train,4,0.013846385629216251,True,0转+1持有,4,0.013846385629216251,True
仅零段反转（0→-1/0→+1）,232,0,2022-05-10,2022-05-11,2022,Train,2,0.0,True,零段同日冲突置0,0,0.0,False
仅零段反转（0→-1/0→+1）,233,1,2022-05-12,2022-05-13,2022,Train,2,0.02311610067164338,True,0转+1持有,2,0.02311610067164338,True
仅零段反转（0→-1/0→+1）,234,0,2022-05-16,2022-05-20,2022,Train,5,0.0,True,基础0,0,0.0,False
仅零段反转（0→-1/0→+1）,235,1,2022-05-23,2022-05-25,2022,Train,3,-0.014916243915824134,True,0转+1持有,3,-0.014916243915824134,True
仅零段反转（0→-1/0→+1）,236,0,2022-05-26,2022-05-27,2022,Train,2,0.0,True,零段同日冲突置0,0,0.0,False
仅零段反转（0→-1/0→+1）,237,1,2022-05-30,2022-06-22,2022,Train,17,0.04555468658448447,True,基础+1,0,0.04555468658448447,True
仅零段反转（0→-1/0→+1）,238,0,2022-06-23,2022-06-23,2022,Train,1,0.0,True,基础0,0,0.0,False
仅零段反转（0→-1/0→+1）,239,1,2022-06-24,2022-07-07,2022,Train,10,0.027381765274179015,True,0转+1持有；基础+1,3,0.027381765274179015,True
仅零段反转（0→-1/0→+1）,240,0,2022-07-08,2022-07-15,2022,Train,6,0.0,True,基础0,0,0.0,False
仅零段反转（0→-1/0→+1）,241,-1,2022-07-18,2022-07-22,2022,Train,5,-0.013189772687074108,True,基础-1,0,-0.013189772687074108,True
仅零段反转（0→-1/0→+1）,242,0,2022-07-25,2022-07-25,2022,Train,1,0.0,True,基础0,0,0.0,False
仅零段反转（0→-1/0→+1）,243,1,2022-07-26,2022-07-26,2022,Train,1,0.010001187971141468,True,0转+1持有,1,0.010001187971141468,True
仅零段反转（0→-1/0→+1）,244,0,2022-07-27,2022-07-28,2022,Train,2,0.0,True,零段同日冲突置0,0,0.0,False
仅零段反转（0→-1/0→+1）,245,1,2022-07-29,2022-07-29,2022,Train,1,-0.009932682667076809,True,0转+1持有,1,-0.009932682667076809,True
仅零段反转（0→-1/0→+1）,246,0,2022-08-01,2022-08-02,2022,Train,2,0.0,True,基础0,0,0.0,False
仅零段反转（0→-1/0→+1）,247,-1,2022-08-03,2022-08-10,2022,Train,6,-0.028563298962674066,True,0转-1持有；基础-1,1,-0.028563298962674066,True
仅零段反转（0→-1/0→+1）,248,0,2022-08-11,2022-08-11,2022,Train,1,0.0,True,基础0,0,0.0,False
仅零段反转（0→-1/0→+1）,249,1,2022-08-12,2022-08-31,2022,Train,14,-0.042190606655348906,True,0转+1持有；基础+1,5,-0.042190606655348906,True
仅零段反转（0→-1/0→+1）,250,-1,2022-09-01,2022-09-05,2022,Train,3,-0.007359040911949499,True,0转-1持有,3,-0.007359040911949499,True
仅零段反转（0→-1/0→+1）,251,0,2022-09-06,2022-09-13,2022,Train,5,0.0,True,基础0,0,0.0,False
仅零段反转（0→-1/0→+1）,252,1,2022-09-14,2022-09-15,2022,Train,2,-0.01955296764206138,True,0转+1持有,2,-0.01955296764206138,True
仅零段反转（0→-1/0→+1）,253,0,2022-09-16,2022-09-16,2022,Train,1,0.0,True,零段同日冲突置0,0,0.0,False
仅零段反转（0→-1/0→+1）,254,-1,2022-09-19,2022-09-28,2022,Train,8,0.020733676418492886,True,基础-1,0,0.020733676418492886,True
仅零段反转（0→-1/0→+1）,255,0,2022-09-29,2022-09-29,2022,Train,1,0.0,True,基础0,0,0.0,False
仅零段反转（0→-1/0→+1）,256,1,2022-09-30,2022-10-17,2022,Train,7,0.04588275295787925,True,0转+1持有,7,0.04588275295787925,True
仅零段反转（0→-1/0→+1）,257,0,2022-10-18,2022-10-24,2022,Train,5,0.0,True,基础0,0,0.0,False
仅零段反转（0→-1/0→+1）,258,-1,2022-10-25,2022-10-26,2022,Train,2,-0.01946291553774726,True,0转-1持有,2,-0.01946291553774726,True
仅零段反转（0→-1/0→+1）,259,0,2022-10-27,2022-11-14,2022,Train,13,0.0,True,基础0,0,0.0,False
仅零段反转（0→-1/0→+1）,260,1,2022-11-15,2022-11-24,2022,Train,8,-0.004547719490155644,True,基础+1；0转+1持有,1,-0.004547719490155644,True
仅零段反转（0→-1/0→+1）,261,0,2022-11-25,2022-11-28,2022,Train,2,0.0,True,零段同日冲突置0,0,0.0,False
仅零段反转（0→-1/0→+1）,262,-1,2022-11-29,2022-12-05,2022,Train,5,-0.021517834652819312,True,基础-1,0,-0.021517834652819312,True
仅零段反转（0→-1/0→+1）,263,0,2022-12-06,2022-12-09,2022,Train,4,0.0,True,基础0,0,0.0,False
仅零段反转（0→-1/0→+1）,264,1,2022-12-12,2022-12-14,2022,Train,3,-0.014815244436398589,True,0转+1持有,3,-0.014815244436398589,True
仅零段反转（0→-1/0→+1）,265,-1,2022-12-15,2022-12-27,2022,Train,9,0.03628292750536832,True,基础-1,0,0.03628292750536832,True
仅零段反转（0→-1/0→+1）,266,1,2022-12-28,2022-12-28,2022,Train,1,-0.004346655250275666,True,0转+1持有,1,-0.004346655250275666,True
仅零段反转（0→-1/0→+1）,267,0,2022-12-29,2023-01-03,2022,Train,3,0.0,True,零段同日冲突置0,0,0.0,False
仅零段反转（0→-1/0→+1）,268,1,2023-01-04,2023-01-06,2023,Val,3,0.012705958907068604,True,0转+1持有,3,0.012705958907068604,True
仅零段反转（0→-1/0→+1）,269,0,2023-01-09,2023-01-13,2023,Val,5,0.0,True,基础0,0,0.0,False
仅零段反转（0→-1/0→+1）,270,1,2023-01-16,2023-02-16,2023,Val,19,0.035785085564223884,True,基础+1,0,0.035785085564223884,True
仅零段反转（0→-1/0→+1）,271,-1,2023-02-17,2023-02-20,2023,Val,2,-0.01043467568257872,True,0转-1持有,2,-0.01043467568257872,True
仅零段反转（0→-1/0→+1）,272,0,2023-02-21,2023-03-07,2023,Val,11,0.0,True,基础0,0,0.0,False
仅零段反转（0→-1/0→+1）,273,-1,2023-03-08,2023-03-09,2023,Val,2,0.001984567342074639,True,0转-1持有,2,0.001984567342074639,True
仅零段反转（0→-1/0→+1）,274,0,2023-03-10,2023-03-14,2023,Val,3,0.0,True,基础0,0,0.0,False
仅零段反转（0→-1/0→+1）,275,-1,2023-03-15,2023-03-22,2023,Val,6,-0.006934743739638094,True,基础-1,0,-0.006934743739638094,True
仅零段反转（0→-1/0→+1）,276,0,2023-03-23,2023-03-30,2023,Val,6,0.0,True,基础0,0,0.0,False
仅零段反转（0→-1/0→+1）,277,-1,2023-03-31,2023-04-03,2023,Val,2,-0.02057354795744981,True,0转-1持有,2,-0.02057354795744981,True
仅零段反转（0→-1/0→+1）,278,0,2023-04-04,2023-04-04,2023,Val,1,0.0,True,基础0,0,0.0,False
仅零段反转（0→-1/0→+1）,279,1,2023-04-06,2023-04-20,2023,Val,11,0.003938486475968506,True,基础+1,0,0.003938486475968506,True
仅零段反转（0→-1/0→+1）,280,0,2023-04-21,2023-04-21,2023,Val,1,0.0,True,基础0,0,0.0,False
仅零段反转（0→-1/0→+1）,281,-1,2023-04-24,2023-05-04,2023,Val,6,-0.0010475541067896943,True,0转-1持有；基础-1,1,-0.0010475541067896943,True
仅零段反转（0→-1/0→+1）,282,1,2023-05-05,2023-05-09,2023,Val,3,-0.01412883146154753,True,0转+1持有,3,-0.01412883146154753,True
仅零段反转（0→-1/0→+1）,283,0,2023-05-10,2023-05-10,2023,Val,1,0.0,True,零段同日冲突置0,0,0.0,False
仅零段反转（0→-1/0→+1）,284,-1,2023-05-11,2023-05-26,2023,Val,12,0.022404589497307947,True,基础-1,0,0.022404589497307947,True
仅零段反转（0→-1/0→+1）,285,0,2023-05-29,2023-05-29,2023,Val,1,0.0,True,基础0,0,0.0,False
仅零段反转（0→-1/0→+1）,286,-1,2023-05-30,2023-05-31,2023,Val,2,-0.0034003081714841787,True,0转-1持有,2,-0.0034003081714841787,True
仅零段反转（0→-1/0→+1）,287,0,2023-06-01,2023-06-07,2023,Val,5,0.0,True,基础0,0,0.0,False
仅零段反转（0→-1/0→+1）,288,-1,2023-06-08,2023-06-09,2023,Val,2,-0.0046734182406166225,True,0转-1持有,2,-0.0046734182406166225,True
仅零段反转（0→-1/0→+1）,289,0,2023-06-12,2023-06-13,2023,Val,2,0.0,True,基础0,0,0.0,False
仅零段反转（0→-1/0→+1）,290,1,2023-06-14,2023-06-28,2023,Val,9,-0.019174571050076472,True,0转+1持有；基础+1,4,-0.019174571050076472,True
仅零段反转（0→-1/0→+1）,291,0,2023-06-29,2023-07-10,2023,Val,8,0.0,True,基础0,0,0.0,False
仅零段反转（0→-1/0→+1）,292,-1,2023-07-11,2023-07-13,2023,Val,3,-0.010394491736468225,True,0转-1持有,3,-0.010394491736468225,True
仅零段反转（0→-1/0→+1）,293,0,2023-07-14,2023-08-14,2023,Val,22,0.0,True,基础0,0,0.0,False
仅零段反转（0→-1/0→+1）,294,-1,2023-08-15,2023-08-22,2023,Val,6,0.031815872055112604,True,基础-1,0,0.031815872055112604,True
仅零段反转（0→-1/0→+1）,295,0,2023-08-23,2023-09-01,2023,Val,8,0.0,True,基础0,0,0.0,False
仅零段反转（0→-1/0→+1）,296,-1,2023-09-04,2023-09-04,2023,Val,1,-0.00830559235468531,True,0转-1持有,1,-0.00830559235468531,True
仅零段反转（0→-1/0→+1）,297,0,2023-09-05,2023-09-05,2023,Val,1,0.0,True,零段同日冲突置0,0,0.0,False
仅零段反转（0→-1/0→+1）,298,1,2023-09-06,2023-09-08,2023,Val,3,-0.008328401361093363,True,0转+1持有,3,-0.008328401361093363,True
仅零段反转（0→-1/0→+1）,299,-1,2023-09-11,2023-09-12,2023,Val,2,-0.0073198975305280856,True,0转-1持有,2,-0.0073198975305280856,True
仅零段反转（0→-1/0→+1）,300,0,2023-09-13,2023-09-27,2023,Val,11,0.0,True,基础0,0,0.0,False
仅零段反转（0→-1/0→+1）,301,1,2023-09-28,2023-10-09,2023,Val,2,-0.003867787953439339,True,0转+1持有,2,-0.003867787953439339,True
仅零段反转（0→-1/0→+1）,302,0,2023-10-10,2023-10-11,2023,Val,2,0.0,True,零段同日冲突置0,0,0.0,False
仅零段反转（0→-1/0→+1）,303,-1,2023-10-12,2023-10-12,2023,Val,1,0.001799327531769368,True,0转-1持有,1,0.001799327531769368,True
仅零段反转（0→-1/0→+1）,304,0,2023-10-13,2023-10-18,2023,Val,4,0.0,True,基础0,0,0.0,False
仅零段反转（0→-1/0→+1）,305,-1,2023-10-19,2023-10-20,2023,Val,2,0.017580181073602485,True,0转-1持有,2,0.017580181073602485,True
仅零段反转（0→-1/0→+1）,306,0,2023-10-23,2023-10-26,2023,Val,4,0.0,True,基础0,0,0.0,False
仅零段反转（0→-1/0→+1）,307,1,2023-10-27,2023-11-02,2023,Val,5,0.014082716903809578,True,0转+1持有,5,0.014082716903809578,True
仅零段反转（0→-1/0→+1）,308,0,2023-11-03,2023-11-07,2023,Val,3,0.0,True,基础0,0,0.0,False
仅零段反转（0→-1/0→+1）,309,1,2023-11-08,2023-11-17,2023,Val,8,0.00597979466063947,True,基础+1,0,0.00597979466063947,True
仅零段反转（0→-1/0→+1）,310,0,2023-11-20,2023-11-21,2023,Val,2,0.0,True,基础0,0,0.0,False
仅零段反转（0→-1/0→+1）,311,1,2023-11-22,2023-11-28,2023,Val,5,-0.005923322915869722,True,基础+1,0,-0.005923322915869722,True
仅零段反转（0→-1/0→+1）,312,-1,2023-11-29,2023-11-30,2023,Val,2,0.008517224302964865,True,0转-1持有,2,0.008517224302964865,True
仅零段反转（0→-1/0→+1）,313,0,2023-12-01,2023-12-08,2023,Val,6,0.0,True,基础0,0,0.0,False
仅零段反转（0→-1/0→+1）,314,1,2023-12-11,2023-12-14,2023,Val,4,0.00483996308990875,True,0转+1持有,4,0.00483996308990875,True
仅零段反转（0→-1/0→+1）,315,0,2023-12-15,2023-12-19,2023,Val,3,0.0,True,基础0,0,0.0,False
仅零段反转（0→-1/0→+1）,316,-1,2023-12-20,2023-12-27,2023,Val,6,0.01944807930431669,True,基础-1,0,0.01944807930431669,True
仅零段反转（0→-1/0→+1）,317,0,2023-12-28,2024-01-03,2023,Val,4,0.0,True,基础0,0,0.0,False
仅零段反转（0→-1/0→+1）,318,1,2024-01-04,2024-01-10,2024,Val,5,-0.04573425745596038,True,0转+1持有,5,-0.04573425745596038,True
仅零段反转（0→-1/0→+1）,319,0,2024-01-11,2024-01-15,2024,Val,3,0.0,True,基础0,0,0.0,False
仅零段反转（0→-1/0→+1）,320,-1,2024-01-16,2024-01-24,2024,Val,7,0.04879343498194555,True,基础-1,0,0.04879343498194555,True
仅零段反转（0→-1/0→+1）,321,1,2024-01-25,2024-01-30,2024,Val,4,-0.02886153314380213,True,0转+1持有,4,-0.02886153314380213,True
仅零段反转（0→-1/0→+1）,322,-1,2024-01-31,2024-02-06,2024,Val,5,-0.010824634704631908,True,基础-1,0,-0.010824634704631908,True
仅零段反转（0→-1/0→+1）,323,0,2024-02-07,2024-02-07,2024,Val,1,0.0,True,基础0,0,0.0,False
仅零段反转（0→-1/0→+1）,324,1,2024-02-08,2024-03-07,2024,Val,15,0.031082147150973904,True,0转+1持有；基础+1,7,0.031082147150973904,True
仅零段反转（0→-1/0→+1）,325,0,2024-03-08,2024-03-12,2024,Val,3,0.0,True,基础0,0,0.0,False
仅零段反转（0→-1/0→+1）,326,1,2024-03-13,2024-03-19,2024,Val,5,0.00749282164112508,True,0转+1持有,5,0.00749282164112508,True
仅零段反转（0→-1/0→+1）,327,0,2024-03-20,2024-03-20,2024,Val,1,0.0,True,基础0,0,0.0,False
仅零段反转（0→-1/0→+1）,328,-1,2024-03-21,2024-03-22,2024,Val,2,0.02483212552181502,True,0转-1持有,2,0.02483212552181502,True
仅零段反转（0→-1/0→+1）,329,0,2024-03-25,2024-03-28,2024,Val,4,0.0,True,基础0,0,0.0,False
仅零段反转（0→-1/0→+1）,330,1,2024-03-29,2024-04-08,2024,Val,5,0.014418735996107879,True,0转+1持有,5,0.014418735996107879,True
仅零段反转（0→-1/0→+1）,331,0,2024-04-09,2024-04-18,2024,Val,8,0.0,True,零段同日冲突置0；基础0,0,0.0,False
仅零段反转（0→-1/0→+1）,332,1,2024-04-19,2024-04-24,2024,Val,4,-0.015407914795081523,True,0转+1持有,4,-0.015407914795081523,True
仅零段反转（0→-1/0→+1）,333,0,2024-04-25,2024-04-26,2024,Val,2,0.0,True,零段同日冲突置0,0,0.0,False
仅零段反转（0→-1/0→+1）,334,1,2024-04-29,2024-05-15,2024,Val,10,0.017102780619705937,True,0转+1持有；基础+1,2,0.017102780619705937,True
仅零段反转（0→-1/0→+1）,335,0,2024-05-16,2024-05-16,2024,Val,1,0.0,True,基础0,0,0.0,False
仅零段反转（0→-1/0→+1）,336,1,2024-05-17,2024-05-22,2024,Val,4,0.005714276474605096,True,0转+1持有,4,0.005714276474605096,True
仅零段反转（0→-1/0→+1）,337,0,2024-05-23,2024-05-30,2024,Val,6,0.0,True,基础0,0,0.0,False
仅零段反转（0→-1/0→+1）,338,-1,2024-05-31,2024-06-06,2024,Val,5,0.011879266013087864,True,基础-1,0,0.011879266013087864,True
仅零段反转（0→-1/0→+1）,339,0,2024-06-07,2024-06-12,2024,Val,3,0.0,True,基础0,0,0.0,False
仅零段反转（0→-1/0→+1）,340,-1,2024-06-13,2024-06-14,2024,Val,2,0.00813010282343063,True,0转-1持有,2,0.00813010282343063,True
仅零段反转（0→-1/0→+1）,341,0,2024-06-17,2024-06-21,2024,Val,5,0.0,True,基础0,0,0.0,False
仅零段反转（0→-1/0→+1）,342,-1,2024-06-24,2024-07-02,2024,Val,7,0.02489976002377592,True,0转-1持有；基础-1,2,0.02489976002377592,True
仅零段反转（0→-1/0→+1）,343,0,2024-07-03,2024-07-04,2024,Val,2,0.0,True,基础0,0,0.0,False
仅零段反转（0→-1/0→+1）,344,-1,2024-07-05,2024-07-12,2024,Val,6,-0.01571471105065403,True,基础-1,0,-0.01571471105065403,True
仅零段反转（0→-1/0→+1）,345,0,2024-07-15,2024-07-23,2024,Val,7,0.0,True,基础0,0,0.0,False
仅零段反转（0→-1/0→+1）,346,-1,2024-07-24,2024-07-25,2024,Val,2,0.008798365397669206,True,0转-1持有,2,0.008798365397669206,True
仅零段反转（0→-1/0→+1）,347,0,2024-07-26,2024-07-26,2024,Val,1,0.0,True,基础0,0,0.0,False
仅零段反转（0→-1/0→+1）,348,1,2024-07-29,2024-08-01,2024,Val,4,0.017043030637233225,True,0转+1持有,4,0.017043030637233225,True
仅零段反转（0→-1/0→+1）,349,0,2024-08-02,2024-08-13,2024,Val,8,0.0,True,基础0,0,0.0,False
仅零段反转（0→-1/0→+1）,350,-1,2024-08-14,2024-08-15,2024,Val,2,0.005385798838210221,True,0转-1持有,2,0.005385798838210221,True
仅零段反转（0→-1/0→+1）,351,0,2024-08-16,2024-08-23,2024,Val,6,0.0,True,基础0,0,0.0,False
仅零段反转（0→-1/0→+1）,352,-1,2024-08-26,2024-08-27,2024,Val,2,0.012443860993160527,True,0转-1持有,2,0.012443860993160527,True
仅零段反转（0→-1/0→+1）,353,0,2024-08-28,2024-09-11,2024,Val,11,0.0,True,基础0,0,0.0,False
仅零段反转（0→-1/0→+1）,354,-1,2024-09-12,2024-09-13,2024,Val,2,0.015292590919911198,True,0转-1持有,2,0.015292590919911198,True
仅零段反转（0→-1/0→+1）,355,0,2024-09-18,2024-09-23,2024,Val,4,0.0,True,基础0,0,0.0,False
仅零段反转（0→-1/0→+1）,356,1,2024-09-24,2024-10-16,2024,Val,12,0.220148223472851,True,0转+1持有；基础+1,2,0.220148223472851,True
仅零段反转（0→-1/0→+1）,357,0,2024-10-17,2024-10-22,2024,Val,4,0.0,True,基础0,0,0.0,False
仅零段反转（0→-1/0→+1）,358,1,2024-10-23,2024-11-13,2024,Val,16,0.08535877843346962,True,0转+1持有；基础+1,3,0.08535877843346962,True
仅零段反转（0→-1/0→+1）,359,0,2024-11-14,2024-11-18,2024,Val,3,0.0,True,基础0,0,0.0,False
仅零段反转（0→-1/0→+1）,360,-1,2024-11-19,2024-11-21,2024,Val,3,-0.022583435420686637,True,0转-1持有,3,-0.022583435420686637,True
仅零段反转（0→-1/0→+1）,361,1,2024-11-22,2024-12-02,2024,Val,7,-0.0024174513296235656,True,0转+1持有,7,-0.0024174513296235656,True
仅零段反转（0→-1/0→+1）,362,0,2024-12-03,2024-12-05,2024,Val,3,0.0,True,基础0,0,0.0,False
仅零段反转（0→-1/0→+1）,363,-1,2024-12-06,2024-12-09,2024,Val,2,-0.03841868723297659,True,0转-1持有,2,-0.03841868723297659,True
仅零段反转（0→-1/0→+1）,364,0,2024-12-10,2024-12-10,2024,Val,1,0.0,True,零段同日冲突置0,0,0.0,False
仅零段反转（0→-1/0→+1）,365,1,2024-12-11,2024-12-13,2024,Val,3,0.0018220775958878166,True,0转+1持有,3,0.0018220775958878166,True
仅零段反转（0→-1/0→+1）,366,0,2024-12-16,2024-12-20,2024,Val,5,0.0,True,基础0,0,0.0,False
仅零段反转（0→-1/0→+1）,367,-1,2024-12-23,2024-12-25,2024,Val,3,0.014555238897926648,True,0转-1持有,3,0.014555238897926648,True
仅零段反转（0→-1/0→+1）,368,0,2024-12-26,2024-12-26,2024,Val,1,0.0,True,基础0,0,0.0,False
仅零段反转（0→-1/0→+1）,369,1,2024-12-27,2025-01-02,2024,Val,4,-0.05849568422671991,True,0转+1持有,4,-0.05849568422671991,True
仅零段反转（0→-1/0→+1）,370,0,2025-01-03,2025-01-13,2025,Test,7,0.0,True,基础0,0,0.0,False
仅零段反转（0→-1/0→+1）,371,1,2025-01-14,2025-01-17,2025,Test,4,0.04205943280417557,True,0转+1持有,4,0.04205943280417557,True
仅零段反转（0→-1/0→+1）,372,0,2025-01-20,2025-01-20,2025,Test,1,0.0,True,零段同日冲突置0,0,0.0,False
仅零段反转（0→-1/0→+1）,373,-1,2025-01-21,2025-01-22,2025,Test,2,-0.003559051782234257,True,0转-1持有,2,-0.003559051782234257,True
仅零段反转（0→-1/0→+1）,374,0,2025-01-23,2025-02-05,2025,Test,4,0.0,True,基础0,0,0.0,False
仅零段反转（0→-1/0→+1）,375,1,2025-02-06,2025-03-24,2025,Test,33,0.06520422228579958,True,0转+1持有；基础+1,2,0.06520422228579958,True
仅零段反转（0→-1/0→+1）,376,0,2025-03-25,2025-03-26,2025,Test,2,0.0,True,基础0,0,0.0,False
仅零段反转（0→-1/0→+1）,377,-1,2025-03-27,2025-03-28,2025,Test,2,0.007637177355242053,True,0转-1持有,2,0.007637177355242053,True
仅零段反转（0→-1/0→+1）,378,0,2025-03-31,2025-04-02,2025,Test,3,0.0,True,基础0,0,0.0,False
仅零段反转（0→-1/0→+1）,379,-1,2025-04-03,2025-04-08,2025,Test,3,0.10444391638917816,True,0转-1持有,3,0.10444391638917816,True
仅零段反转（0→-1/0→+1）,380,0,2025-04-09,2025-04-11,2025,Test,3,0.0,True,基础0,0,0.0,False
仅零段反转（0→-1/0→+1）,381,-1,2025-04-14,2025-04-15,2025,Test,2,0.00782019855879601,True,0转-1持有,2,0.00782019855879601,True
仅零段反转（0→-1/0→+1）,382,0,2025-04-16,2025-05-16,2025,Test,20,0.0,True,基础0,0,0.0,False
仅零段反转（0→-1/0→+1）,383,-1,2025-05-19,2025-05-20,2025,Test,2,-0.0038880529680398457,True,0转-1持有,2,-0.0038880529680398457,True
仅零段反转（0→-1/0→+1）,384,0,2025-05-21,2025-05-26,2025,Test,4,0.0,True,基础0,0,0.0,False
仅零段反转（0→-1/0→+1）,385,-1,2025-05-27,2025-05-28,2025,Test,2,0.005166898373625162,True,0转-1持有,2,0.005166898373625162,True
仅零段反转（0→-1/0→+1）,386,0,2025-05-29,2025-05-29,2025,Test,1,0.0,True,基础0,0,0.0,False
仅零段反转（0→-1/0→+1）,387,1,2025-05-30,2025-06-06,2025,Test,5,0.011961691230530036,True,0转+1持有,5,0.011961691230530036,True
仅零段反转（0→-1/0→+1）,388,0,2025-06-09,2025-06-13,2025,Test,5,0.0,True,基础0,0,0.0,False
仅零段反转（0→-1/0→+1）,389,-1,2025-06-16,2025-06-17,2025,Test,2,-0.0026927549813449136,True,0转-1持有,2,-0.0026927549813449136,True
仅零段反转（0→-1/0→+1）,390,0,2025-06-18,2025-06-26,2025,Test,7,0.0,True,基础0,0,0.0,False
仅零段反转（0→-1/0→+1）,391,1,2025-06-27,2025-08-01,2025,Test,26,0.05710753027816162,True,0转+1持有；基础+1,1,0.05710753027816162,True
仅零段反转（0→-1/0→+1）,392,0,2025-08-04,2025-08-04,2025,Test,1,0.0,True,基础0,0,0.0,False
仅零段反转（0→-1/0→+1）,393,-1,2025-08-05,2025-08-06,2025,Test,2,-0.012604893574445608,True,0转-1持有,2,-0.012604893574445608,True
仅零段反转（0→-1/0→+1）,394,0,2025-08-07,2025-08-11,2025,Test,3,0.0,True,基础0,0,0.0,False
仅零段反转（0→-1/0→+1）,395,1,2025-08-12,2025-08-12,2025,Test,1,0.004753580817451919,True,0转+1持有,1,0.004753580817451919,True
仅零段反转（0→-1/0→+1）,396,0,2025-08-13,2025-08-15,2025,Test,3,0.0,True,零段同日冲突置0,0,0.0,False
仅零段反转（0→-1/0→+1）,397,1,2025-08-18,2025-09-03,2025,Test,13,0.041544918154641564,True,0转+1持有；基础+1,1,0.041544918154641564,True
仅零段反转（0→-1/0→+1）,398,0,2025-09-04,2025-09-09,2025,Test,4,0.0,True,基础0；零段同日冲突置0,0,0.0,False
仅零段反转（0→-1/0→+1）,399,1,2025-09-10,2025-09-12,2025,Test,3,0.037238719440424006,True,0转+1持有,3,0.037238719440424006,True
仅零段反转（0→-1/0→+1）,400,0,2025-09-15,2025-09-18,2025,Test,4,0.0,True,基础0,0,0.0,False
仅零段反转（0→-1/0→+1）,401,-1,2025-09-19,2025-09-22,2025,Test,2,-0.005596443285941444,True,0转-1持有,2,-0.005596443285941444,True
仅零段反转（0→-1/0→+1）,402,0,2025-09-23,2025-09-23,2025,Test,1,0.0,True,零段同日冲突置0,0,0.0,False
仅零段反转（0→-1/0→+1）,403,1,2025-09-24,2025-09-26,2025,Test,3,0.01582199232179582,True,0转+1持有,3,0.01582199232179582,True
仅零段反转（0→-1/0→+1）,404,0,2025-09-29,2025-10-15,2025,Test,7,0.0,True,基础0,0,0.0,False
仅零段反转（0→-1/0→+1）,405,-1,2025-10-16,2025-10-17,2025,Test,2,0.024372044286394057,True,0转-1持有,2,0.024372044286394057,True
仅零段反转（0→-1/0→+1）,406,0,2025-10-20,2025-10-21,2025,Test,2,0.0,True,基础0,0,0.0,False
仅零段反转（0→-1/0→+1）,407,1,2025-10-22,2025-10-28,2025,Test,5,0.030059646289963937,True,0转+1持有,5,0.030059646289963937,True
仅零段反转（0→-1/0→+1）,408,0,2025-10-29,2025-11-05,2025,Test,6,0.0,True,基础0,0,0.0,False
仅零段反转（0→-1/0→+1）,409,1,2025-11-06,2025-11-11,2025,Test,4,0.003133209668451542,True,0转+1持有,4,0.003133209668451542,True
仅零段反转（0→-1/0→+1）,410,0,2025-11-12,2025-11-14,2025,Test,3,0.0,True,基础0,0,0.0,False
仅零段反转（0→-1/0→+1）,411,-1,2025-11-17,2025-11-18,2025,Test,2,0.014899320188728193,True,0转-1持有,2,0.014899320188728193,True
仅零段反转（0→-1/0→+1）,412,0,2025-11-19,2025-11-21,2025,Test,3,0.0,True,基础0,0,0.0,False
仅零段反转（0→-1/0→+1）,413,-1,2025-11-24,2025-12-01,2025,Test,6,-0.0329014121498471,True,基础-1,0,-0.0329014121498471,True
仅零段反转（0→-1/0→+1）,414,0,2025-12-02,2025-12-10,2025,Test,7,0.0,True,基础0,0,0.0,False
仅零段反转（0→-1/0→+1）,415,-1,2025-12-11,2025-12-12,2025,Test,2,0.006893843940214861,True,0转-1持有,2,0.006893843940214861,True
仅零段反转（0→-1/0→+1）,416,1,2025-12-15,2025-12-18,2025,Test,4,0.000624436709769971,True,0转+1持有,4,0.000624436709769971,True
仅零段反转（0→-1/0→+1）,417,0,2025-12-19,2025-12-24,2025,Test,4,0.0,True,基础0,0,0.0,False
仅零段反转（0→-1/0→+1）,418,1,2025-12-25,2026-01-27,2025,Test,22,0.15640337669705895,True,基础+1,0,0.15640337669705895,True
仅零段反转（0→-1/0→+1）,419,0,2026-01-28,2026-01-28,2026,Test,1,0.0,True,基础0,0,0.0,False
仅零段反转（0→-1/0→+1）,420,1,2026-01-29,2026-02-03,2026,Test,4,-0.03662798521820587,True,0转+1持有,4,-0.03662798521820587,True
仅零段反转（0→-1/0→+1）,421,0,2026-02-04,2026-02-04,2026,Test,1,0.0,True,零段同日冲突置0,0,0.0,False
仅零段反转（0→-1/0→+1）,422,-1,2026-02-05,2026-02-05,2026,Test,1,0.018145015519630325,True,0转-1持有,1,0.018145015519630325,True
仅零段反转（0→-1/0→+1）,423,0,2026-02-06,2026-03-02,2026,Test,11,0.0,True,基础0,0,0.0,False
仅零段反转（0→-1/0→+1）,424,-1,2026-03-03,2026-03-04,2026,Test,2,0.029448925521919467,True,0转-1持有,2,0.029448925521919467,True
仅零段反转（0→-1/0→+1）,425,0,2026-03-05,2026-03-16,2026,Test,8,0.0,True,基础0,0,0.0,False
仅零段反转（0→-1/0→+1）,426,-1,2026-03-17,2026-03-25,2026,Test,7,0.05438143491421432,True,基础-1,0,0.05438143491421432,True
仅零段反转（0→-1/0→+1）,427,1,2026-03-26,2026-03-27,2026,Test,2,-0.012700092641427463,True,0转+1持有,2,-0.012700092641427463,True
仅零段反转（0→-1/0→+1）,428,-1,2026-03-30,2026-04-03,2026,Test,5,0.012030809257472685,True,基础-1,0,0.012030809257472685,True
仅零段反转（0→-1/0→+1）,429,0,2026-04-07,2026-04-14,2026,Test,6,0.0,True,基础0,0,0.0,False
仅零段反转（0→-1/0→+1）,430,1,2026-04-15,2026-04-16,2026,Test,2,0.0014015539945242406,True,0转+1持有,2,0.0014015539945242406,True
仅零段反转（0→-1/0→+1）,431,0,2026-04-17,2026-04-20,2026,Test,2,0.0,True,零段同日冲突置0,0,0.0,False
仅零段反转（0→-1/0→+1）,432,1,2026-04-21,2026-05-18,2026,Test,17,0.03340797628259806,True,0转+1持有；基础+1,1,0.03340797628259806,True
仅零段反转（0→-1/0→+1）,433,-1,2026-05-19,2026-05-22,2026,Test,4,-0.013127791306184355,True,0转-1持有,4,-0.013127791306184355,True
仅零段反转（0→-1/0→+1）,434,0,2026-05-25,2026-05-25,2026,Test,1,0.0,True,零段同日冲突置0,0,0.0,False
仅零段反转（0→-1/0→+1）,435,1,2026-05-26,2026-05-29,2026,Test,4,-0.03548099387536552,True,0转+1持有,4,-0.03548099387536552,True
仅零段反转（0→-1/0→+1）,436,-1,2026-06-01,2026-06-03,2026,Test,3,0.009403030011817859,True,0转-1持有,3,0.009403030011817859,True
仅零段反转（0→-1/0→+1）,437,0,2026-06-04,2026-06-05,2026,Test,2,0.0,True,基础0,0,0.0,False
仅零段反转（0→-1/0→+1）,438,-1,2026-06-08,2026-06-12,2026,Test,5,-0.02461927314649781,True,基础-1,0,-0.02461927314649781,True
仅零段反转（0→-1/0→+1）,439,0,2026-06-15,2026-06-17,2026,Test,3,0.0,True,基础0,0,0.0,False
仅零段反转（0→-1/0→+1）,440,1,2026-06-18,2026-07-07,2026,Test,13,-0.0039980453529564475,True,0转+1持有；基础+1,4,-0.0039980453529564475,True
仅零段反转（0→-1/0→+1）,441,0,2026-07-08,2026-07-10,2026,Test,3,0.0,True,基础0,0,0.0,False
仅零段反转（0→-1/0→+1）,442,-1,2026-07-13,2026-07-22,2026,Test,8,0.07828651169668888,True,0转-1持有；基础-1,1,0.07828651169668888,True
仅零段反转（0→-1/0→+1）,443,0,2026-07-23,2026-07-24,2026,Test,2,0.0,True,基础0,0,0.0,False
仅零段反转（0→-1/0→+1）,444,-1,2026-07-27,2026-08-03,2026,Test,6,0.005713379568566546,True,基础-1,0,0.005713379568566546,True
仅零段反转（0→-1/0→+1）,445,0,2026-08-04,2026-08-10,2026,Test,5,0.0,True,基础0,0,0.0,False
仅零段反转（0→-1/0→+1）,446,-1,2026-08-11,2026-08-18,2026,Test,6,-0.006871655229434448,True,0转-1持有,6,-0.006871655229434448,True
仅零段反转（0→-1/0→+1）,447,0,2026-08-19,2026-08-21,2026,Test,3,0.0,True,基础0,0,0.0,False
仅零段反转（0→-1/0→+1）,448,-1,2026-08-24,2026-08-25,2026,Test,2,,False,0转-1持有,2,,True
