series,run_id,state,state_label,start_date,end_date,start_formation_date,end_formation_date,phase,holding_days,previous_state,next_state,formation_mechanism,source_detail,segment_return,return_available,+1反转_days,-1反转_days,0转-1_days,0转+1_days,大涨_days,大跌_days
Adj 1545,4,-1,-1,2018-02-02,2018-02-05,2018-02-01,2018-02-02,Train,2,0,0.0,0转-1持有路径短段,0转-1持有,0.008647119851577845,True,0,0,2,0,1,0
Adj 1545,9,-1,-1,2018-03-06,2018-03-07,2018-03-05,2018-03-06,Train,2,0,1.0,0转-1持有路径短段,0转-1持有,0.000516906738970091,True,0,0,2,0,0,0
Adj 1545,11,0,0,2018-03-14,2018-03-14,2018-03-13,2018-03-13,Train,1,1,1.0,退出反转切出的0段,+1退出到0,0.0,True,1,0,0,0,0,0
Adj 1545,12,1,+1,2018-03-15,2018-03-16,2018-03-14,2018-03-15,Train,2,0,0.0,基础+1短段,基础+1,-0.004905249860305716,True,0,0,0,0,0,0
Adj 1545,16,-1,-1,2018-03-30,2018-04-02,2018-03-29,2018-03-30,Train,2,0,0.0,0转-1持有路径短段,0转-1持有,0.00198741434537808,True,0,0,2,0,0,0
Adj 1545,18,-1,-1,2018-04-17,2018-04-18,2018-04-16,2018-04-17,Train,2,0,0.0,0转-1持有路径短段,0转-1持有,0.009737005013244926,True,0,0,2,0,0,0
Adj 1545,22,1,+1,2018-05-14,2018-05-15,2018-05-11,2018-05-14,Train,2,0,0.0,0转+1持有路径短段,0转+1持有,0.0033991652443225995,True,0,0,0,2,0,0
Adj 1545,24,-1,-1,2018-05-31,2018-06-01,2018-05-30,2018-05-31,Train,2,0,0.0,0转-1持有路径短段,0转-1持有,0.005230286418030916,True,0,0,2,0,0,0
Adj 1545,25,0,0,2018-06-04,2018-06-05,2018-06-01,2018-06-04,Train,2,-1,1.0,基础0短段,基础0,0.0,True,0,0,0,0,0,0
Adj 1545,28,-1,-1,2018-06-19,2018-06-20,2018-06-15,2018-06-19,Train,2,0,0.0,0转-1持有路径短段,0转-1持有,0.03632225991229587,True,0,0,2,0,1,0
Adj 1545,33,0,0,2018-07-26,2018-07-26,2018-07-25,2018-07-25,Train,1,1,1.0,基础0短段,基础0,0.0,True,0,0,0,0,0,0
Adj 1545,35,-1,-1,2018-08-03,2018-08-06,2018-08-02,2018-08-03,Train,2,1,0.0,0转-1持有路径短段,0转-1持有,0.029631908650936456,True,0,0,2,0,0,0
Adj 1545,36,0,0,2018-08-07,2018-08-07,2018-08-06,2018-08-06,Train,1,-1,1.0,基础0短段,基础0,0.0,True,0,0,0,0,0,0
Adj 1545,48,0,0,2018-11-27,2018-11-27,2018-11-26,2018-11-26,Train,1,1,1.0,基础0短段,基础0,0.0,True,0,0,0,0,0,1
Adj 1545,49,1,+1,2018-11-28,2018-11-29,2018-11-27,2018-11-28,Train,2,0,0.0,0转+1持有路径短段,0转+1持有,-0.012229804184973103,True,0,0,0,2,0,2
Adj 1545,50,0,0,2018-11-30,2018-12-03,2018-11-29,2018-11-30,Train,2,1,1.0,0转-1与0转+1同日冲突置0,零段同日冲突置0,0.0,True,0,0,2,2,1,2
Adj 1545,51,1,+1,2018-12-04,2018-12-05,2018-12-03,2018-12-04,Train,2,0,0.0,0转+1持有路径短段,0转+1持有,-0.006480980863138641,True,0,0,0,2,0,2
Adj 1545,55,0,0,2019-01-28,2019-01-29,2019-01-25,2019-01-28,Train,2,1,-1.0,基础0短段,基础0,0.0,True,0,0,0,0,0,0
Adj 1545,56,-1,-1,2019-01-30,2019-01-31,2019-01-29,2019-01-30,Train,2,0,0.0,0转-1持有路径短段,0转-1持有,0.01092620618104101,True,0,0,2,0,0,0
Adj 1545,57,0,0,2019-02-01,2019-02-11,2019-01-31,2019-02-01,Train,2,-1,1.0,基础0短段,基础0,0.0,True,0,0,0,0,1,0
Adj 1545,59,-1,-1,2019-03-12,2019-03-13,2019-03-11,2019-03-12,Train,2,1,0.0,0转-1持有路径短段,0转-1持有,0.02145905961050565,True,0,0,2,0,0,0
Adj 1545,61,-1,-1,2019-03-28,2019-03-29,2019-03-27,2019-03-28,Train,2,0,1.0,0转-1持有路径短段,0转-1持有,-0.029688700980503135,True,0,0,2,0,0,1
Adj 1545,67,0,0,2019-05-20,2019-05-20,2019-05-17,2019-05-17,Train,1,1,-1.0,0转-1与0转+1同日冲突置0,零段同日冲突置0,0.0,True,0,0,1,1,1,0
Adj 1545,68,-1,-1,2019-05-21,2019-05-21,2019-05-20,2019-05-20,Train,1,0,0.0,0转-1持有路径短段,0转-1持有,-0.017248707350539627,True,0,0,1,0,0,0
Adj 1545,70,-1,-1,2019-06-04,2019-06-05,2019-06-03,2019-06-04,Train,2,0,1.0,0转-1持有路径短段,0转-1持有,0.014707660243164056,True,0,0,2,0,0,0
Adj 1545,73,-1,-1,2019-06-18,2019-06-19,2019-06-17,2019-06-18,Train,2,0,1.0,0转-1持有路径短段,0转-1持有,-0.010388210029944056,True,0,0,2,0,0,0
Adj 1545,78,-1,-1,2019-07-24,2019-07-25,2019-07-23,2019-07-24,Train,2,0,0.0,0转-1持有路径短段,0转-1持有,-0.008867247905143039,True,0,0,2,0,0,0
Adj 1545,83,-1,-1,2019-09-16,2019-09-17,2019-09-12,2019-09-16,Train,2,1,0.0,0转-1持有路径短段,0转-1持有,0.021978120018135372,True,0,0,2,0,0,0
Adj 1545,87,-1,-1,2019-11-08,2019-11-11,2019-11-07,2019-11-08,Train,2,0,0.0,0转-1持有路径短段,0转-1持有,0.03155566336379756,True,0,0,2,0,0,0
Adj 1545,95,-1,-1,2020-02-17,2020-02-17,2020-02-14,2020-02-14,Train,1,0,0.0,0转-1持有路径短段,0转-1持有,-0.02811963547059615,True,0,0,1,0,0,1
Adj 1545,96,0,0,2020-02-18,2020-02-18,2020-02-17,2020-02-17,Train,1,-1,1.0,0转-1与0转+1同日冲突置0,零段同日冲突置0,0.0,True,0,0,1,1,0,0
Adj 1545,99,1,+1,2020-02-28,2020-02-28,2020-02-27,2020-02-27,Train,1,0,0.0,基础+1短段,基础+1,-0.007552007894047641,True,0,0,0,0,0,0
Adj 1545,100,0,0,2020-03-02,2020-03-02,2020-02-28,2020-02-28,Train,1,1,1.0,基础0短段,基础0,0.0,True,0,0,0,0,1,0
Adj 1545,101,1,+1,2020-03-03,2020-03-04,2020-03-02,2020-03-03,Train,2,0,0.0,0转+1持有路径短段,0转+1持有,0.0070103298945448644,True,0,0,0,2,0,0
Adj 1545,106,0,0,2020-04-01,2020-04-01,2020-03-31,2020-03-31,Train,1,1,-1.0,0转-1与0转+1同日冲突置0,零段同日冲突置0,0.0,True,0,0,1,1,0,0
Adj 1545,107,-1,-1,2020-04-02,2020-04-02,2020-04-01,2020-04-01,Train,1,0,0.0,0转-1持有路径短段,0转-1持有,-0.02898648606610066,True,0,0,1,0,0,0
Adj 1545,109,-1,-1,2020-04-24,2020-04-27,2020-04-23,2020-04-24,Train,2,0,0.0,0转-1持有路径短段,0转-1持有,0.015431001376227216,True,0,0,2,0,0,0
Adj 1545,113,-1,-1,2020-06-05,2020-06-08,2020-06-04,2020-06-05,Train,2,0,0.0,0转-1持有路径短段,0转-1持有,0.0005015074313424739,True,0,0,2,0,0,0
Adj 1545,114,0,0,2020-06-09,2020-06-10,2020-06-08,2020-06-09,Train,2,-1,1.0,基础0短段,基础0,0.0,True,0,0,0,0,0,0
Adj 1545,116,-1,-1,2020-06-24,2020-06-24,2020-06-23,2020-06-23,Train,1,1,0.0,0转-1持有路径短段,0转-1持有,0.005867275948987505,True,0,0,1,0,0,0
Adj 1545,117,0,0,2020-06-29,2020-06-29,2020-06-24,2020-06-24,Train,1,-1,1.0,0转-1与0转+1同日冲突置0,零段同日冲突置0,0.0,True,0,0,1,1,0,0
Adj 1545,122,1,+1,2020-07-30,2020-07-31,2020-07-29,2020-07-30,Train,2,0,0.0,0转+1持有路径短段,0转+1持有,0.013387931940572084,True,0,0,0,2,0,0
Adj 1545,124,-1,-1,2020-08-11,2020-08-12,2020-08-10,2020-08-11,Train,2,0,0.0,0转-1持有路径短段,0转-1持有,0.026163250735457555,True,0,0,2,0,1,0
Adj 1545,127,0,0,2020-08-24,2020-08-25,2020-08-21,2020-08-24,Train,2,1,1.0,0转-1与0转+1同日冲突置0,零段同日冲突置0,0.0,True,0,0,2,2,0,0
Adj 1545,128,1,+1,2020-08-26,2020-08-26,2020-08-25,2020-08-25,Train,1,0,0.0,0转+1持有路径短段,0转+1持有,-0.01688800259952372,True,0,0,0,1,0,0
Adj 1545,132,0,0,2020-09-18,2020-09-18,2020-09-17,2020-09-17,Train,1,-1,1.0,退出反转切出的0段,-1退出到0,0.0,True,0,1,0,0,0,0
Adj 1545,134,0,0,2020-09-24,2020-09-24,2020-09-23,2020-09-23,Train,1,1,-1.0,0转-1与0转+1同日冲突置0,零段同日冲突置0,0.0,True,0,0,1,1,0,0
Adj 1545,135,-1,-1,2020-09-25,2020-09-25,2020-09-24,2020-09-24,Train,1,0,0.0,0转-1持有路径短段,0转-1持有,0.0026595337583705803,True,0,0,1,0,0,0
Adj 1545,138,0,0,2020-10-21,2020-10-21,2020-10-20,2020-10-20,Train,1,1,-1.0,0转-1与0转+1同日冲突置0,零段同日冲突置0,0.0,True,0,0,1,1,0,0
Adj 1545,139,-1,-1,2020-10-22,2020-10-22,2020-10-21,2020-10-21,Train,1,0,0.0,0转-1持有路径短段,0转-1持有,0.0031264551047279765,True,0,0,1,0,0,0
Adj 1545,140,0,0,2020-10-23,2020-10-26,2020-10-22,2020-10-23,Train,2,-1,-1.0,基础0短段,基础0,0.0,True,0,0,0,0,0,0
Adj 1545,143,-1,-1,2020-11-13,2020-11-16,2020-11-12,2020-11-13,Train,2,0,0.0,0转-1持有路径短段,0转-1持有,-0.012080638822143719,True,0,0,2,0,0,0
Adj 1545,145,-1,-1,2020-11-20,2020-11-23,2020-11-19,2020-11-20,Train,2,0,0.0,0转-1持有路径短段,0转-1持有,-0.018489248849635098,True,0,0,2,0,0,0
Adj 1545,147,-1,-1,2020-12-07,2020-12-08,2020-12-04,2020-12-07,Train,2,0,0.0,0转-1持有路径短段,0转-1持有,0.005485637163710644,True,0,0,2,0,0,0
Adj 1545,151,-1,-1,2020-12-23,2020-12-24,2020-12-22,2020-12-23,Train,2,0,0.0,0转-1持有路径短段,0转-1持有,0.010130645893314139,True,0,0,2,0,1,0
Adj 1545,153,-1,-1,2020-12-30,2020-12-31,2020-12-29,2020-12-30,Train,2,0,0.0,0转-1持有路径短段,0转-1持有,-0.031890873184904134,True,0,0,2,0,0,0
Adj 1545,154,0,0,2021-01-04,2021-01-05,2020-12-31,2021-01-04,Train,2,-1,1.0,基础0短段,基础0,0.0,True,0,0,0,0,0,0
Adj 1545,156,0,0,2021-01-12,2021-01-12,2021-01-11,2021-01-11,Train,1,1,-1.0,基础0短段,基础0,0.0,True,0,0,0,0,1,0
Adj 1545,157,-1,-1,2021-01-13,2021-01-14,2021-01-12,2021-01-13,Train,2,0,0.0,0转-1持有路径短段,0转-1持有,0.018846333429624607,True,0,0,2,0,0,0
Adj 1545,158,0,0,2021-01-15,2021-01-18,2021-01-14,2021-01-15,Train,2,-1,1.0,基础0短段,基础0,0.0,True,0,0,0,0,0,0
Adj 1545,159,1,+1,2021-01-19,2021-01-20,2021-01-18,2021-01-19,Train,2,0,0.0,0转+1持有路径短段,0转+1持有,0.006440797570073431,True,0,0,0,2,0,0
Adj 1545,160,0,0,2021-01-21,2021-01-22,2021-01-20,2021-01-21,Train,2,1,1.0,0转-1与0转+1同日冲突置0,零段同日冲突置0,0.0,True,0,0,2,2,0,0
Adj 1545,161,1,+1,2021-01-25,2021-01-25,2021-01-22,2021-01-22,Train,1,0,0.0,0转+1持有路径短段,0转+1持有,-0.0022710972373488625,True,0,0,0,1,0,0
Adj 1545,164,0,0,2021-02-19,2021-02-19,2021-02-18,2021-02-18,Train,1,-1,1.0,基础0短段,基础0,0.0,True,0,0,0,0,0,0
Adj 1545,165,1,+1,2021-02-22,2021-02-22,2021-02-19,2021-02-19,Train,1,0,0.0,0转+1持有路径短段,0转+1持有,-0.017515250006335914,True,0,0,0,1,0,0
Adj 1545,166,0,0,2021-02-23,2021-02-24,2021-02-22,2021-02-23,Train,2,1,1.0,0转-1与0转+1同日冲突置0,零段同日冲突置0,0.0,True,0,0,2,2,0,0
Adj 1545,167,1,+1,2021-02-25,2021-02-26,2021-02-24,2021-02-25,Train,2,0,0.0,0转+1持有路径短段,0转+1持有,-0.02901657915977085,True,0,0,0,2,0,0
Adj 1545,170,0,0,2021-03-15,2021-03-15,2021-03-12,2021-03-12,Train,1,-1,1.0,基础0短段,基础0,0.0,True,0,0,0,0,0,0
Adj 1545,171,1,+1,2021-03-16,2021-03-16,2021-03-15,2021-03-15,Train,1,0,-1.0,0转+1持有路径短段,0转+1持有,0.0007811279942895322,True,0,0,0,1,0,0
Adj 1545,174,1,+1,2021-04-02,2021-04-06,2021-04-01,2021-04-02,Train,2,0,0.0,0转+1持有路径短段,0转+1持有,0.005351247954713534,True,0,0,0,2,0,0
Adj 1545,177,-1,-1,2021-05-10,2021-05-10,2021-05-07,2021-05-07,Train,1,1,0.0,0转-1持有路径短段,0转-1持有,0.0038887127321765025,True,0,0,1,0,0,0
Adj 1545,180,0,0,2021-05-19,2021-05-19,2021-05-18,2021-05-18,Train,1,1,-1.0,0转-1与0转+1同日冲突置0,零段同日冲突置0,0.0,True,0,0,1,1,0,0
Adj 1545,181,-1,-1,2021-05-20,2021-05-21,2021-05-19,2021-05-20,Train,2,0,0.0,0转-1持有路径短段,0转-1持有,0.0038458325820558414,True,0,0,2,0,0,0
Adj 1545,184,-1,-1,2021-06-10,2021-06-10,2021-06-09,2021-06-09,Train,1,1,0.0,0转-1持有路径短段,0转-1持有,-0.012681311523564665,True,0,0,1,0,0,0
Adj 1545,185,0,0,2021-06-11,2021-06-15,2021-06-10,2021-06-11,Train,2,-1,1.0,0转-1与0转+1同日冲突置0,零段同日冲突置0,0.0,True,0,0,2,2,0,0
Adj 1545,188,-1,-1,2021-07-01,2021-07-02,2021-06-30,2021-07-01,Train,2,0,0.0,0转-1持有路径短段,0转-1持有,0.023163777182204526,True,0,0,2,0,1,0
Adj 1545,190,1,+1,2021-07-08,2021-07-08,2021-07-07,2021-07-07,Train,1,0,0.0,0转+1持有路径短段,0转+1持有,-0.007857877423258386,True,0,0,0,1,0,0
Adj 1545,191,0,0,2021-07-09,2021-07-12,2021-07-08,2021-07-09,Train,2,1,1.0,0转-1与0转+1同日冲突置0,零段同日冲突置0,0.0,True,0,0,2,2,0,0
Adj 1545,194,0,0,2021-07-22,2021-07-23,2021-07-21,2021-07-22,Train,2,-1,1.0,基础0短段,基础0,0.0,True,0,0,0,0,0,0
Adj 1545,196,0,0,2021-08-05,2021-08-06,2021-08-04,2021-08-05,Train,2,1,-1.0,0转-1与0转+1同日冲突置0,零段同日冲突置0,0.0,True,0,0,2,2,0,0
Adj 1545,197,-1,-1,2021-08-09,2021-08-09,2021-08-06,2021-08-06,Train,1,0,0.0,0转-1持有路径短段,0转-1持有,-0.008172009003110103,True,0,0,1,0,0,0
Adj 1545,201,-1,-1,2021-08-27,2021-08-30,2021-08-26,2021-08-27,Train,2,0,0.0,0转-1持有路径短段,0转-1持有,-0.01491841051465459,True,0,0,2,0,0,0
Adj 1545,202,0,0,2021-08-31,2021-08-31,2021-08-30,2021-08-30,Train,1,-1,1.0,基础0短段,基础0,0.0,True,0,0,0,0,0,0
Adj 1545,204,0,0,2021-09-08,2021-09-08,2021-09-07,2021-09-07,Train,1,1,1.0,退出反转切出的0段,+1退出到0,0.0,True,1,0,0,0,0,0
Adj 1545,205,1,+1,2021-09-09,2021-09-09,2021-09-08,2021-09-08,Train,1,0,0.0,基础+1短段,基础+1,0.010434318777898577,True,0,0,0,0,0,0
Adj 1545,207,-1,-1,2021-09-16,2021-09-17,2021-09-15,2021-09-16,Train,2,0,0.0,0转-1持有路径短段,0转-1持有,0.04133855468303771,True,0,0,2,0,1,0
Adj 1545,210,0,0,2021-10-12,2021-10-13,2021-10-11,2021-10-12,Train,2,-1,-1.0,退出反转切出的0段,-1退出到0,0.0,True,0,2,0,0,0,0
Adj 1545,212,0,0,2021-11-02,2021-11-03,2021-11-01,2021-11-02,Train,2,-1,1.0,基础0短段,基础0,0.0,True,0,0,0,0,0,0
Adj 1545,215,-1,-1,2021-11-18,2021-11-18,2021-11-17,2021-11-17,Train,1,0,0.0,0转-1持有路径短段,0转-1持有,0.0036255308347789006,True,0,0,1,0,0,0
Adj 1545,216,0,0,2021-11-19,2021-11-19,2021-11-18,2021-11-18,Train,1,-1,1.0,0转-1与0转+1同日冲突置0,零段同日冲突置0,0.0,True,0,0,1,1,0,0
Adj 1545,221,0,0,2021-12-17,2021-12-17,2021-12-16,2021-12-16,Train,1,1,-1.0,基础0短段,基础0,0.0,True,0,0,0,0,0,0
Adj 1545,223,0,0,2021-12-27,2021-12-28,2021-12-24,2021-12-27,Train,2,-1,1.0,基础0短段,基础0,0.0,True,0,0,0,0,0,0
Adj 1545,229,-1,-1,2022-02-16,2022-02-17,2022-02-15,2022-02-16,Train,2,0,0.0,0转-1持有路径短段,0转-1持有,0.006601694443018724,True,0,0,2,0,0,0
Adj 1545,232,0,0,2022-03-08,2022-03-09,2022-03-07,2022-03-08,Train,2,-1,-1.0,基础0短段,基础0,0.0,True,0,0,0,0,1,0
Adj 1545,234,0,0,2022-03-17,2022-03-17,2022-03-16,2022-03-16,Train,1,-1,1.0,退出反转切出的0段,-1退出到0,0.0,True,0,1,0,0,0,0
Adj 1545,235,1,+1,2022-03-18,2022-03-18,2022-03-17,2022-03-17,Train,1,0,0.0,0转+1持有路径短段,0转+1持有,0.01457448592489996,True,0,0,0,1,0,0
Adj 1545,236,0,0,2022-03-21,2022-03-22,2022-03-18,2022-03-21,Train,2,1,1.0,0转-1与0转+1同日冲突置0,零段同日冲突置0,0.0,True,0,0,2,2,0,0
Adj 1545,237,1,+1,2022-03-23,2022-03-23,2022-03-22,2022-03-22,Train,1,0,0.0,0转+1持有路径短段,0转+1持有,0.0004174418196742913,True,0,0,0,1,0,0
Adj 1545,240,0,0,2022-04-08,2022-04-08,2022-04-07,2022-04-07,Train,1,-1,1.0,基础0短段,基础0,0.0,True,0,0,0,0,0,0
Adj 1545,241,1,+1,2022-04-11,2022-04-12,2022-04-08,2022-04-11,Train,2,0,0.0,0转+1持有路径短段,0转+1持有,-0.016940578780488047,True,0,0,0,2,0,0
Adj 1545,242,0,0,2022-04-13,2022-04-14,2022-04-12,2022-04-13,Train,2,1,-1.0,0转-1与0转+1同日冲突置0,零段同日冲突置0,0.0,True,0,0,2,2,0,0
Adj 1545,246,0,0,2022-05-10,2022-05-11,2022-05-09,2022-05-10,Train,2,1,1.0,0转-1与0转+1同日冲突置0,零段同日冲突置0,0.0,True,0,0,2,2,0,2
Adj 1545,247,1,+1,2022-05-12,2022-05-13,2022-05-11,2022-05-12,Train,2,0,0.0,0转+1持有路径短段,0转+1持有,0.02311610067164338,True,0,0,0,2,0,0
Adj 1545,250,0,0,2022-05-26,2022-05-27,2022-05-25,2022-05-26,Train,2,1,1.0,0转-1与0转+1同日冲突置0,零段同日冲突置0,0.0,True,0,0,2,2,0,1
Adj 1545,253,1,+1,2022-06-21,2022-06-22,2022-06-20,2022-06-21,Train,2,0,0.0,基础+1短段,基础+1,-0.021898174406515314,True,0,0,0,0,0,0
Adj 1545,254,0,0,2022-06-23,2022-06-23,2022-06-22,2022-06-22,Train,1,1,1.0,基础0短段,基础0,0.0,True,0,0,0,0,0,0
Adj 1545,258,0,0,2022-07-25,2022-07-25,2022-07-22,2022-07-22,Train,1,-1,1.0,基础0短段,基础0,0.0,True,0,0,0,0,0,0
Adj 1545,259,1,+1,2022-07-26,2022-07-26,2022-07-25,2022-07-25,Train,1,0,0.0,0转+1持有路径短段,0转+1持有,0.010001187971141468,True,0,0,0,1,0,0
Adj 1545,260,0,0,2022-07-27,2022-07-28,2022-07-26,2022-07-27,Train,2,1,1.0,0转-1与0转+1同日冲突置0,零段同日冲突置0,0.0,True,0,0,2,2,0,0
Adj 1545,261,1,+1,2022-07-29,2022-07-29,2022-07-28,2022-07-28,Train,1,0,0.0,0转+1持有路径短段,0转+1持有,-0.009932682667076809,True,0,0,0,1,0,0
Adj 1545,262,0,0,2022-08-01,2022-08-02,2022-07-29,2022-08-01,Train,2,1,-1.0,基础0短段,基础0,0.0,True,0,0,0,0,0,0
Adj 1545,264,0,0,2022-08-11,2022-08-11,2022-08-10,2022-08-10,Train,1,-1,1.0,基础0短段,基础0,0.0,True,0,0,0,0,0,0
Adj 1545,268,1,+1,2022-09-14,2022-09-15,2022-09-13,2022-09-14,Train,2,0,0.0,0转+1持有路径短段,0转+1持有,-0.01955296764206138,True,0,0,0,2,0,0
Adj 1545,269,0,0,2022-09-16,2022-09-16,2022-09-15,2022-09-15,Train,1,1,-1.0,0转-1与0转+1同日冲突置0,零段同日冲突置0,0.0,True,0,0,1,1,0,0
Adj 1545,274,-1,-1,2022-10-25,2022-10-26,2022-10-24,2022-10-25,Train,2,0,0.0,0转-1持有路径短段,0转-1持有,-0.01946291553774726,True,0,0,2,0,0,0
Adj 1545,277,0,0,2022-11-25,2022-11-28,2022-11-24,2022-11-25,Train,2,1,-1.0,0转-1与0转+1同日冲突置0,零段同日冲突置0,0.0,True,0,0,2,2,0,0
Adj 1545,283,1,+1,2022-12-28,2022-12-28,2022-12-27,2022-12-27,Train,1,0,0.0,0转+1持有路径短段,0转+1持有,-0.004346655250275666,True,0,0,0,1,0,0
Adj 1545,288,-1,-1,2023-02-17,2023-02-20,2023-02-16,2023-02-17,Val,2,1,0.0,0转-1持有路径短段,0转-1持有,-0.01043467568257872,True,0,0,2,0,1,0
Adj 1545,290,-1,-1,2023-03-08,2023-03-09,2023-03-07,2023-03-08,Val,2,0,0.0,0转-1持有路径短段,0转-1持有,0.001984567342074639,True,0,0,2,0,1,0
Adj 1545,294,-1,-1,2023-03-31,2023-04-03,2023-03-30,2023-03-31,Val,2,0,0.0,0转-1持有路径短段,0转-1持有,-0.02057354795744981,True,0,0,2,0,0,0
Adj 1545,295,0,0,2023-04-04,2023-04-04,2023-04-03,2023-04-03,Val,1,-1,1.0,基础0短段,基础0,0.0,True,0,0,0,0,0,0
Adj 1545,297,0,0,2023-04-21,2023-04-21,2023-04-20,2023-04-20,Val,1,1,-1.0,基础0短段,基础0,0.0,True,0,0,0,0,0,0
Adj 1545,300,0,0,2023-05-10,2023-05-10,2023-05-09,2023-05-09,Val,1,1,-1.0,0转-1与0转+1同日冲突置0,零段同日冲突置0,0.0,True,0,0,1,1,1,0
Adj 1545,303,-1,-1,2023-05-30,2023-05-31,2023-05-29,2023-05-30,Val,2,0,0.0,0转-1持有路径短段,0转-1持有,-0.0034003081714841787,True,0,0,2,0,0,0
Adj 1545,305,-1,-1,2023-06-08,2023-06-09,2023-06-07,2023-06-08,Val,2,0,0.0,0转-1持有路径短段,0转-1持有,-0.0046734182406166225,True,0,0,2,0,0,0
Adj 1545,306,0,0,2023-06-12,2023-06-13,2023-06-09,2023-06-12,Val,2,-1,1.0,基础0短段,基础0,0.0,True,0,0,0,0,0,0
Adj 1545,313,-1,-1,2023-09-04,2023-09-04,2023-09-01,2023-09-01,Val,1,0,0.0,0转-1持有路径短段,0转-1持有,-0.00830559235468531,True,0,0,1,0,0,0
Adj 1545,314,0,0,2023-09-05,2023-09-05,2023-09-04,2023-09-04,Val,1,-1,1.0,0转-1与0转+1同日冲突置0,零段同日冲突置0,0.0,True,0,0,1,1,0,0
Adj 1545,316,-1,-1,2023-09-11,2023-09-12,2023-09-08,2023-09-11,Val,2,1,0.0,0转-1持有路径短段,0转-1持有,-0.0073198975305280856,True,0,0,2,0,0,0
Adj 1545,318,1,+1,2023-09-28,2023-10-09,2023-09-27,2023-09-28,Val,2,0,0.0,0转+1持有路径短段,0转+1持有,-0.003867787953439339,True,0,0,0,2,0,0
Adj 1545,319,0,0,2023-10-10,2023-10-11,2023-10-09,2023-10-10,Val,2,1,-1.0,0转-1与0转+1同日冲突置0,零段同日冲突置0,0.0,True,0,0,2,2,0,0
Adj 1545,320,-1,-1,2023-10-12,2023-10-12,2023-10-11,2023-10-11,Val,1,0,0.0,0转-1持有路径短段,0转-1持有,0.001799327531769368,True,0,0,1,0,0,0
Adj 1545,322,-1,-1,2023-10-19,2023-10-20,2023-10-18,2023-10-19,Val,2,0,0.0,0转-1持有路径短段,0转-1持有,0.017580181073602485,True,0,0,2,0,0,0
Adj 1545,327,0,0,2023-11-20,2023-11-21,2023-11-17,2023-11-20,Val,2,1,1.0,基础0短段,基础0,0.0,True,0,0,0,0,0,0
Adj 1545,329,-1,-1,2023-11-29,2023-11-30,2023-11-28,2023-11-29,Val,2,1,0.0,0转-1持有路径短段,0转-1持有,0.008517224302964865,True,0,0,2,0,0,0
Adj 1545,338,0,0,2024-01-23,2024-01-24,2024-01-22,2024-01-23,Val,2,-1,1.0,退出反转切出的0段,-1退出到0,0.0,True,0,2,0,0,0,0
Adj 1545,341,0,0,2024-02-06,2024-02-07,2024-02-05,2024-02-06,Val,2,-1,1.0,退出反转切出的0段,-1退出到0；基础0,0.0,True,0,1,0,0,0,0
Adj 1545,345,0,0,2024-03-20,2024-03-20,2024-03-19,2024-03-19,Val,1,1,-1.0,基础0短段,基础0,0.0,True,0,0,0,0,0,0
Adj 1545,346,-1,-1,2024-03-21,2024-03-22,2024-03-20,2024-03-21,Val,2,0,0.0,0转-1持有路径短段,0转-1持有,0.02483212552181502,True,0,0,2,0,0,0
Adj 1545,351,0,0,2024-04-25,2024-04-26,2024-04-24,2024-04-25,Val,2,1,1.0,0转-1与0转+1同日冲突置0,零段同日冲突置0,0.0,True,0,0,2,2,0,0
Adj 1545,353,0,0,2024-05-10,2024-05-13,2024-05-09,2024-05-10,Val,2,1,1.0,退出反转切出的0段,+1退出到0,0.0,True,2,0,0,0,0,0
Adj 1545,354,1,+1,2024-05-14,2024-05-15,2024-05-13,2024-05-14,Val,2,0,0.0,基础+1短段,基础+1,-0.008612110869310574,True,0,0,0,0,0,0
Adj 1545,355,0,0,2024-05-16,2024-05-16,2024-05-15,2024-05-15,Val,1,1,1.0,基础0短段,基础0,0.0,True,0,0,0,0,0,0
Adj 1545,360,-1,-1,2024-06-13,2024-06-14,2024-06-12,2024-06-13,Val,2,0,0.0,0转-1持有路径短段,0转-1持有,0.00813010282343063,True,0,0,2,0,0,0
Adj 1545,363,0,0,2024-07-03,2024-07-04,2024-07-02,2024-07-03,Val,2,-1,-1.0,基础0短段,基础0,0.0,True,0,0,0,0,0,0
Adj 1545,366,-1,-1,2024-07-24,2024-07-25,2024-07-23,2024-07-24,Val,2,0,0.0,0转-1持有路径短段,0转-1持有,0.008798365397669206,True,0,0,2,0,0,0
Adj 1545,367,0,0,2024-07-26,2024-07-26,2024-07-25,2024-07-25,Val,1,-1,1.0,基础0短段,基础0,0.0,True,0,0,0,0,0,0
Adj 1545,370,-1,-1,2024-08-14,2024-08-15,2024-08-13,2024-08-14,Val,2,0,0.0,0转-1持有路径短段,0转-1持有,0.005385798838210221,True,0,0,2,0,0,0
Adj 1545,372,-1,-1,2024-08-26,2024-08-27,2024-08-23,2024-08-26,Val,2,0,0.0,0转-1持有路径短段,0转-1持有,0.012443860993160527,True,0,0,2,0,0,0
Adj 1545,374,-1,-1,2024-09-12,2024-09-13,2024-09-11,2024-09-12,Val,2,0,0.0,0转-1持有路径短段,0转-1持有,0.015292590919911198,True,0,0,2,0,0,0
Adj 1545,379,0,0,2024-11-01,2024-11-01,2024-10-31,2024-10-31,Val,1,1,1.0,退出反转切出的0段,+1退出到0,0.0,True,1,0,0,0,0,0
Adj 1545,385,-1,-1,2024-12-06,2024-12-09,2024-12-05,2024-12-06,Val,2,0,0.0,0转-1持有路径短段,0转-1持有,-0.03841868723297659,True,0,0,2,0,0,0
Adj 1545,386,0,0,2024-12-10,2024-12-10,2024-12-09,2024-12-09,Val,1,-1,1.0,0转-1与0转+1同日冲突置0,零段同日冲突置0,0.0,True,0,0,1,1,0,0
Adj 1545,390,0,0,2024-12-26,2024-12-26,2024-12-25,2024-12-25,Val,1,-1,1.0,基础0短段,基础0,0.0,True,0,0,0,0,0,0
Adj 1545,394,0,0,2025-01-20,2025-01-20,2025-01-17,2025-01-17,Test,1,1,-1.0,0转-1与0转+1同日冲突置0,零段同日冲突置0,0.0,True,0,0,1,1,0,0
Adj 1545,395,-1,-1,2025-01-21,2025-01-22,2025-01-20,2025-01-21,Test,2,0,0.0,0转-1持有路径短段,0转-1持有,-0.003559051782234257,True,0,0,2,0,0,0
Adj 1545,400,0,0,2025-03-25,2025-03-26,2025-03-24,2025-03-25,Test,2,1,-1.0,基础0短段,基础0,0.0,True,0,0,0,0,0,0
Adj 1545,401,-1,-1,2025-03-27,2025-03-28,2025-03-26,2025-03-27,Test,2,0,0.0,0转-1持有路径短段,0转-1持有,0.007637177355242053,True,0,0,2,0,0,0
Adj 1545,405,-1,-1,2025-04-14,2025-04-15,2025-04-11,2025-04-14,Test,2,0,0.0,0转-1持有路径短段,0转-1持有,0.00782019855879601,True,0,0,2,0,0,0
Adj 1545,407,-1,-1,2025-05-19,2025-05-20,2025-05-16,2025-05-19,Test,2,0,0.0,0转-1持有路径短段,0转-1持有,-0.0038880529680398457,True,0,0,2,0,0,0
Adj 1545,409,-1,-1,2025-05-27,2025-05-28,2025-05-26,2025-05-27,Test,2,0,0.0,0转-1持有路径短段,0转-1持有,0.005166898373625162,True,0,0,2,0,0,0
Adj 1545,410,0,0,2025-05-29,2025-05-29,2025-05-28,2025-05-28,Test,1,-1,1.0,基础0短段,基础0,0.0,True,0,0,0,0,0,0
Adj 1545,413,-1,-1,2025-06-16,2025-06-17,2025-06-13,2025-06-16,Test,2,0,0.0,0转-1持有路径短段,0转-1持有,-0.0026927549813449136,True,0,0,2,0,0,0
Adj 1545,416,0,0,2025-07-28,2025-07-28,2025-07-25,2025-07-25,Test,1,1,1.0,退出反转切出的0段,+1退出到0,0.0,True,1,0,0,0,0,0
Adj 1545,418,0,0,2025-08-04,2025-08-04,2025-08-01,2025-08-01,Test,1,1,-1.0,基础0短段,基础0,0.0,True,0,0,0,0,0,0
Adj 1545,419,-1,-1,2025-08-05,2025-08-06,2025-08-04,2025-08-05,Test,2,0,0.0,0转-1持有路径短段,0转-1持有,-0.012604893574445608,True,0,0,2,0,0,0
Adj 1545,421,1,+1,2025-08-12,2025-08-12,2025-08-11,2025-08-11,Test,1,0,0.0,0转+1持有路径短段,0转+1持有,0.004753580817451919,True,0,0,0,1,0,0
Adj 1545,427,-1,-1,2025-09-19,2025-09-22,2025-09-18,2025-09-19,Test,2,0,0.0,0转-1持有路径短段,0转-1持有,-0.005596443285941444,True,0,0,2,0,0,0
Adj 1545,428,0,0,2025-09-23,2025-09-23,2025-09-22,2025-09-22,Test,1,-1,1.0,0转-1与0转+1同日冲突置0,零段同日冲突置0,0.0,True,0,0,1,1,0,0
Adj 1545,431,-1,-1,2025-10-16,2025-10-17,2025-10-15,2025-10-16,Test,2,0,0.0,0转-1持有路径短段,0转-1持有,0.024372044286394057,True,0,0,2,0,0,2
Adj 1545,432,0,0,2025-10-20,2025-10-21,2025-10-17,2025-10-20,Test,2,-1,1.0,基础0短段,基础0,0.0,True,0,0,0,0,0,1
Adj 1545,437,-1,-1,2025-11-17,2025-11-18,2025-11-14,2025-11-17,Test,2,0,0.0,0转-1持有路径短段,0转-1持有,0.014899320188728193,True,0,0,2,0,0,0
Adj 1545,441,-1,-1,2025-12-11,2025-12-12,2025-12-10,2025-12-11,Test,2,0,1.0,0转-1持有路径短段,0转-1持有,0.006893843940214861,True,0,0,2,0,0,0
Adj 1545,449,0,0,2026-02-04,2026-02-04,2026-02-03,2026-02-03,Test,1,1,-1.0,0转-1与0转+1同日冲突置0,零段同日冲突置0,0.0,True,0,0,1,1,0,0
Adj 1545,450,-1,-1,2026-02-05,2026-02-05,2026-02-04,2026-02-04,Test,1,0,0.0,0转-1持有路径短段,0转-1持有,0.018145015519630325,True,0,0,1,0,0,0
Adj 1545,452,-1,-1,2026-03-03,2026-03-04,2026-03-02,2026-03-03,Test,2,0,0.0,0转-1持有路径短段,0转-1持有,0.029448925521919467,True,0,0,2,0,1,0
Adj 1545,456,1,+1,2026-03-26,2026-03-27,2026-03-25,2026-03-26,Test,2,0,-1.0,0转+1持有路径短段,0转+1持有,-0.012700092641427463,True,0,0,0,2,0,0
Adj 1545,459,1,+1,2026-04-15,2026-04-16,2026-04-14,2026-04-15,Test,2,0,0.0,0转+1持有路径短段,0转+1持有,0.0014015539945242406,True,0,0,0,2,0,0
Adj 1545,460,0,0,2026-04-17,2026-04-20,2026-04-16,2026-04-17,Test,2,1,1.0,0转-1与0转+1同日冲突置0,零段同日冲突置0,0.0,True,0,0,2,2,0,0
Adj 1545,463,1,+1,2026-05-11,2026-05-11,2026-05-08,2026-05-08,Test,1,0,0.0,基础+1短段,基础+1,0.009691243116188186,True,0,0,0,0,0,0
Adj 1545,464,0,0,2026-05-12,2026-05-12,2026-05-11,2026-05-11,Test,1,1,1.0,退出反转切出的0段,+1退出到0,0.0,True,1,0,0,0,0,0
Adj 1545,465,1,+1,2026-05-13,2026-05-13,2026-05-12,2026-05-12,Test,1,0,0.0,基础+1短段,基础+1,0.025431154794464117,True,0,0,0,0,0,0
Adj 1545,466,0,0,2026-05-14,2026-05-15,2026-05-13,2026-05-14,Test,2,1,1.0,退出反转切出的0段,+1退出到0,0.0,True,2,0,0,0,1,0
Adj 1545,467,1,+1,2026-05-18,2026-05-18,2026-05-15,2026-05-15,Test,1,0,-1.0,基础+1短段,基础+1,0.003666377303411794,True,0,0,0,0,1,1
Adj 1545,469,0,0,2026-05-25,2026-05-25,2026-05-22,2026-05-22,Test,1,-1,1.0,0转-1与0转+1同日冲突置0,零段同日冲突置0,0.0,True,0,0,1,1,0,1
Adj 1545,472,0,0,2026-06-04,2026-06-05,2026-06-03,2026-06-04,Test,2,-1,-1.0,基础0短段,基础0,0.0,True,0,0,0,0,0,0
Adj 1545,483,-1,-1,2026-08-24,2026-08-25,2026-08-21,2026-08-24,Test,2,0,,0转-1持有路径短段,0转-1持有,,False,0,0,2,0,0,1
