reserve_id,priority,category,core_logic_name,title_zh,paper_key,paper_title,authors,year,source_url,closest_existing_v01_v50,structural_difference,causal_landing,pure_spot_fields,side_mapping,small_sample_adaptation,candidate_parameter_dimensions,candidate_schema,candidate_schema_formula,candidate_count_per_side,random_seed_is_candidate_axis,primary_risk,status
V51,A1,动态尾部,caviar_dynamic_quantile,CAViaR 动态条件分位,caviar,CAViaR,Engle and Manganelli,2004,https://doi.org/10.1198/073500104000000370,V49/V50 的分位距离与门控,从静态滚动分位排序改为分位数自身的递推状态，参数由动态 quantile loss 约束。,用已完成 O2O、绝对收益、区间和成交冲击递推 lower/upper quantile；更新只读历史残差。,中证500指数现货日频 OHLCV/成交额；只使用 t 日及以前；不含期权、期货、基差、盘口或隐含波动率。,下跌拟合 lower-tail；上涨拟合 upper-tail；共享特征集合但分开递推参数。,低维一阶递推、固定少数初值、分位损失加 L2 收缩；不搜索模型族外的自由结构。,递推滞后8 × 持久/记忆8 × 链接4 × 覆盖率12,dynamic_quantile,8递推结构 × 8记忆/持久参数 × 4观测与非对称链接 × 12覆盖率,3072,False,分位损失非凸、尾部样本稀少、初始化敏感。,reserve_only_not_created_not_run
V52,A1,动态尾部,care_dynamic_expectile,CARE 动态条件期望,care,CARE,Taylor,2008,https://doi.org/10.1093/jjfinec/nbn001,V49/V50 的分位带和不确定性门控,目标由分位变为非对称 expectile，直接学习尾部条件位置并允许厚尾残差。,用 O2O 收益、绝对收益、真实振幅和成交冲击构造因果 expectile recursion；不使用期权 VaR。,中证500指数现货日频 OHLCV/成交额；只使用 t 日及以前；不含期权、期货、基差、盘口或隐含波动率。,下跌用低 expectile；上涨用高 expectile；各侧独立非对称损失。,只保留一阶/两阶递推和少量 expectile levels；对斜率做区间收缩，报告有效样本量。,递推阶数8 × 记忆8 × 非对称观测链接4 × 覆盖率12,dynamic_quantile,8递推结构 × 8记忆/持久参数 × 4观测与非对称链接 × 12覆盖率,3072,False,expectile 对异常值敏感，和 quantile 结果可能高度相关。,reserve_only_not_created_not_run
V53,A1,状态切换,bayesian_online_changepoint,贝叶斯在线变点运行长度,bocpd,Bayesian online changepoint detection,Adams and MacKay,2007,https://arxiv.org/abs/0710.3742,V37–V40 的单一滚动状态门控,显式维护 run-length 后验和 hazard，而非把状态压成一个滚动秩。,以 O2O/区间/成交冲击的稳健标准化残差做在线变点更新；每个 t 只保留过去 run-length 后验。,中证500指数现货日频 OHLCV/成交额；只使用 t 日及以前；不含期权、期货、基差、盘口或隐含波动率。,变点后验作为共同风险状态；lower/upper 方向由各侧残差和尾部基准分别映射。,限制最大 run length、固定 hazard 候选、使用共轭/近似学生 t 预测，避免高维后验。,hazard/状态结构8 × 变点持续参数8 × 收缩4 × 覆盖率12,regime,8状态或风险率结构 × 8转移/持续期参数 × 4收缩方式 × 12覆盖率,3072,False,hazard 错设、短样本后验过度自信、变点标签不稳定。,reserve_only_not_created_not_run
V54,A1,区间波动,har_range_distribution,HAR 区间波动多尺度级联,har,HAR-RV,Corsi,2009,https://doi.org/10.1093/jjfinec/nbp001,V09–V16 的固定窗口波动秩,把日、周、月的区间波动作为层级状态并递推条件分布，区别于单层 rank 聚合。,用 Parkinson、Rogers-Satchell、真实振幅等现货区间代理，按日/5日/22日滚动均值形成 HAR；全程滞后一期。,中证500指数现货日频 OHLCV/成交额；只使用 t 日及以前；不含期权、期货、基差、盘口或隐含波动率。,波动级联作共同尺度；方向项对下跌/上涨分别进入两个 tail link。,只保留三层 HAR、固定少量滞后和 ridge 收缩；不引入高频 realized measure。,区间代理8 × 多尺度记忆8 × 方向非对称4 × 覆盖率12,range_vol,8区间代理 × 8记忆/分解参数 × 4方向非对称 × 12覆盖率,3072,False,区间代理共线、日频样本不足以稳定估计过多层级。,reserve_only_not_created_not_run
V55,A1,分布学习,quantile_regression_forest,分位回归森林,qrf,Quantile Regression Forests,Meinshausen,2006,https://www.jmlr.org/papers/v7/meinshausen06a.html,V41 的局部相似度与 V48 的多通道边际,直接估计条件分布而非距离/加权均值；叶节点经验分布提供尾部概率。,输入仅为预先锁定的因果现货特征；每棵树按过去样本训练，验证集只选固定复杂度候选。,中证500指数现货日频 OHLCV/成交额；只使用 t 日及以前；不含期权、期货、基差、盘口或隐含波动率。,同一森林以 lower/upper quantile 输出两侧；或分别训练两侧但共享特征锁。,限制特征数、树深、叶最小样本和 bootstrap；用 quantile leaf shrinkage 适配小样本。,现货特征集8 × 树深/基学习器4 × 叶收缩4 × 时间权重4 × 覆盖率8,tree,8现货特征集 × 4深度/基学习器 × 4叶节点收缩 × 4时间权重 × 8覆盖率,4096,False,树模型容易在小样本中分裂过度、尾部叶节点有效样本不足。,reserve_only_not_created_not_run
V56,A1,条件极值,filtered_evt_pot,波动过滤 POT 极值,fhs_evt,Filtered historical simulation / conditional EVT,"Barone-Adesi, Giannopoulos, and Vosper",1999,https://onlinelibrary.wiley.com/doi/10.1002/%28SICI%291096-9934%28199908%2919%3A5%3C583%3A%3AAID-FUT5%3E3.0.CO%3B2-S,V17/V19 的尾部簇和跳变强度,先过滤时变波动，再在超阈值残差上做 POT，而非把极端计数直接当分数。,用因果区间波动或 HAR 过滤 O2O 残差；阈值只在 Development 预注册集合内选择，不能看 Test。,中证500指数现货日频 OHLCV/成交额；只使用 t 日及以前；不含期权、期货、基差、盘口或隐含波动率。,下跌与上涨分别建 POT 超额尾；中间状态由过滤波动尺度解释。,高阈值候选少量化、参数池收缩到指数/GPD 两种、要求超额最小样本数。,超阈值8 × 波动过滤8 × 尾部收缩4 × 覆盖率12,evt,8阈值定义 × 8波动过滤 × 4尾部收缩 × 12覆盖率,3072,False,超阈值数量不足、GPD 形状参数不稳定、阈值选择偏差。,reserve_only_not_created_not_run
V57,A1,事件到达,discrete_hawkes_tail_intensity,日频离散 Hawkes 尾部强度,hawkes,Hawkes contagion,"Aït-Sahalia, Cacho-Diaz, and Laeven",2015,https://doi.org/10.1016/j.jfineco.2015.03.002,V17/V19 的固定窗口簇计数,用基线强度、指数衰减和自激励核表达事件到达依赖，而非固定计数窗口。,把历史大跌/大涨事件定义为过去可见 O2O/振幅超阈值，递推每日强度；不模拟盘口订单流。,中证500指数现货日频 OHLCV/成交额；只使用 t 日及以前；不含期权、期货、基差、盘口或隐含波动率。,down/up 使用两条独立强度；可加跨侧抑制但预注册为单一主逻辑。,固定指数核、单一自激励系数、强度上限和 Beta/Gamma 收缩；日频事件数少时使用 pooled prior。,事件定义8 × 衰减/持续8 × 方向非对称4 × 覆盖率12,event,8事件定义 × 8衰减/持续期 × 4方向非对称 × 12覆盖率,3072,False,事件稀疏、核参数与阈值互相混淆、强自激励导致过拟合。,reserve_only_not_created_not_run
V58,A1,在线模型权重,dynamic_model_averaging,动态模型平均,dma,Dynamic model averaging,"Raftery, Kárný, and Ettler",2010,https://doi.org/10.1198/TECH.2009.08104,V33/V48 的静态多通道聚合,模型权重随历史预测损失在线更新，结构上不同于固定 weighted_mean/median。,候选专家只来自已锁定的现货单逻辑基元；每日用过去损失更新 posterior model probability，再输出 tail score。,中证500指数现货日频 OHLCV/成交额；只使用 t 日及以前；不含期权、期货、基差、盘口或隐含波动率。,down/up 分别维护模型概率；不把两侧 Test 表现用于权重更新规则。,专家数量小、遗忘率离散候选、Dirichlet/指数权重收缩到均匀先验。,专家集合8 × 遗忘率8 × 更新损失4 × 覆盖率12,online,8专家集合 × 8遗忘率 × 4更新损失 × 12覆盖率,3072,False,在线权重会追逐噪声，候选专家相关性高。,reserve_only_not_created_not_run
V59,A1,日频流动性,corwin_schultz_spread_state,Corwin-Schultz 日频价差状态,corwin_schultz,A simple way to estimate bid-ask spreads,Corwin and Schultz,2012,https://doi.org/10.1111/j.1540-6261.2012.01729.x,V21–V24 的 Amihud/成交额冲击,用高低价的两日结构估计有效 bid-ask spread，机制上不是绝对收益除成交额。,仅用连续两日 high/low/close 形成 causal spread estimate；当天值只解释下一 O2O。,OHLCV/成交额可用；无盘口报价；价差估计为日频现货 proxy。,spread 状态与方向冲击共同进入 down/up 两侧；不把价差本身当方向。,固定两日公式、winsorize、滚动中位数平滑和 shrinkage，避免逐日极端价差。,估计窗口8 × 平滑8 × 状态映射4 × 覆盖率12,liquidity,8估计窗口 × 8平滑方式 × 4状态映射 × 12覆盖率,3072,False,高低价跳点、无交易日和公式偏差会污染价差状态。,reserve_only_not_created_not_run
V60,A1,复杂度,rolling_permutation_entropy,滚动排列熵,perm_entropy,Permutation entropy,Bandt and Pompe,2002,https://doi.org/10.1103/PhysRevLett.88.174102,V41/V44 的状态距离和 V49 的分位偏离,度量路径排序复杂度/可预测性，不依赖单调收益大小或距离到角点。,对过去窗口的 O2O、真实振幅或成交冲击做 ordinal pattern；当前日只更新到 t。,中证500指数现货日频 OHLCV/成交额；只使用 t 日及以前；不含期权、期货、基差、盘口或隐含波动率。,熵是共同状态；下跌/上涨由各侧方向尾部分数与熵交互映射。,嵌入维度限定 3–5、窗口离散少量化、对重复值使用固定 tie rule，避免高维排列稀疏。,窗口8 × 嵌入/分箱8 × 复杂度映射4 × 覆盖率12,complexity,8窗口 × 8嵌入/分箱设定 × 4复杂度映射 × 12覆盖率,3072,False,短样本排列模式稀疏，熵估计对 tie 和窗口很敏感。,reserve_only_not_created_not_run
V61,A1,得分驱动状态,gas_score_driven_tail,GAS 得分驱动尾部状态,gas,Generalized autoregressive score models,"Creal, Koopman, and Lucas",2013,https://doi.org/10.1002/jae.1279,V37–V40 的手工状态门控,状态由观测得分自动更新，使用 scaled score 而非固定波动/趋势秩。,以 Student-t 或 asymmetric Laplace 的 O2O 观测更新 location/scale/tail state；递推只读历史观测。,中证500指数现货日频 OHLCV/成交额；只使用 t 日及以前；不含期权、期货、基差、盘口或隐含波动率。,下跌/上涨使用不同 tail score link；状态更新机制共享但参数分侧。,状态维度限制为一到两个、固定 t/ALD 候选、对 score 与 persistence 做 ridge 收缩。,递推状态8 × 持久/记忆8 × 观测链接4 × 覆盖率12,dynamic_quantile,8递推结构 × 8记忆/持久参数 × 4观测与非对称链接 × 12覆盖率,3072,False,分布假设错设、score scaling 和尾部参数识别困难。,reserve_only_not_created_not_run
V62,A1,条件极值,filtered_historical_simulation,波动过滤历史模拟,fhs_evt,Filtered historical simulation / conditional EVT,"Barone-Adesi, Giannopoulos, and Vosper",1999,https://onlinelibrary.wiley.com/doi/10.1002/%28SICI%291096-9934%28199908%2919%3A5%3C583%3A%3AAID-FUT5%3E3.0.CO%3B2-S,V17/V19/V50 的尾部/不确定性分数,用时变尺度过滤后重采样历史标准化残差，直接产生条件尾部经验分布。,滚动估计现货尺度，标准化历史 O2O 残差只用形成时可见窗口；输出两侧经验 quantile。,中证500指数现货日频 OHLCV/成交额；只使用 t 日及以前；不含期权、期货、基差、盘口或隐含波动率。,同一过滤残差分布取 lower/upper tail；方向侧不共享未来标签。,滚动窗口短集合、指数权重离散、尾部 winsorization 和最小有效样本门槛。,超阈值8 × 波动过滤8 × 尾部收缩4 × 覆盖率12,evt,8阈值定义 × 8波动过滤 × 4尾部收缩 × 12覆盖率,3072,False,历史模拟对窗口漂移敏感，尾部有效样本仍可能很少。,reserve_only_not_created_not_run
V63,A1,状态切换,filtered_markov_switching,过滤后的 Markov 状态,hamilton,A new approach to the economic analysis of nonstationary time series,Hamilton,1989,https://doi.org/10.2307/1912559,V37–V40 的单变量因果状态门控,用隐状态转移概率和 filtered probability 表达 regime，而非手工分位门。,以滞后 O2O/波动/成交冲击构造低维观测，按 Hamilton filter 逐日更新状态概率；不平滑未来。,中证500指数现货日频 OHLCV/成交额；只使用 t 日及以前；不含期权、期货、基差、盘口或隐含波动率。,两侧共享 filtered regime probability，分别用 state-conditional tail link 输出。,状态数限定 2–3、转移矩阵收缩、固定初始概率和最小状态样本约束。,状态结构8 × 转移/持续8 × 收缩4 × 覆盖率12,regime,8状态或风险率结构 × 8转移/持续期参数 × 4收缩方式 × 12覆盖率,3072,False,局部极大、标签交换和状态数选择风险。,reserve_only_not_created_not_run
V64,A1,状态持续期,hidden_semi_markov_duration,隐半马尔可夫持续期,hsmm,Hidden semi-Markov models for financial time series,Bulla and Bulla,2006,https://doi.org/10.1016/j.csda.2006.07.021,V47 的迟滞持续确认,显式建模状态持续时间分布，区别于只看连续段长度或迟滞分数。,状态观测由现货方向/波动/流动性组成，持续期分布在线更新或因果 forward recursion。,中证500指数现货日频 OHLCV/成交额；只使用 t 日及以前；不含期权、期货、基差、盘口或隐含波动率。,down/up 状态各自有持续期风险；尾部输出由状态和 duration hazard 联合决定。,状态数、持续期上限、几何/离散 Weibull 两种分布固定小集合，避免全 duration 参数化。,状态结构8 × 持续期/转移8 × 收缩4 × 覆盖率12,regime,8状态或风险率结构 × 8转移/持续期参数 × 4收缩方式 × 12覆盖率,3072,False,持续期参数多、状态与 duration 混淆、样本很小。,reserve_only_not_created_not_run
V65,A1,事件持续,acd_extreme_duration,极端事件 ACD 持续期,acd,Autoregressive conditional duration,Engle and Russell,1998,https://doi.org/10.2307/2999632,V18 的涨跌连续段与 V57 的事件强度,直接对极端事件间隔建条件 duration，而不是对事件计数或信号分数做窗口统计。,事件由已完成 O2O/振幅的预注册阈值定义；间隔到达后用 ACD recursion 更新下一事件风险。,中证500指数现货日频 OHLCV/成交额；只使用 t 日及以前；不含期权、期货、基差、盘口或隐含波动率。,下跌/上涨事件分别建 duration；跨侧只作为预注册的 competing risk 候选。,只用线性 ACD、指数/Weibull 两种 duration、事件最小间隔与 ridge，降低稀疏偏差。,事件定义8 × 衰减/持续8 × 方向非对称4 × 覆盖率12,event,8事件定义 × 8衰减/持续期 × 4方向非对称 × 12覆盖率,3072,False,极端事件间隔样本少，日历效应和删失处理重要。,reserve_only_not_created_not_run
V66,A1,粗糙波动,rough_fractional_range_kernel,粗糙分数阶区间核,rough,Volatility is rough,"Gatheral, Jaisson, and Rosenbaum",2018,https://papers.ssrn.com/sol3/papers.cfm?abstract_id=2509457,V13–V15/V42–V43 的指数递减路径核,使用 H<1/2 的分数阶/幂律记忆，区别于有限个指数半衰期。,对现货真实振幅、平方 O2O 和 gap 构造截断幂律核；核截断和 H 只在 Development 预注册。,中证500指数现货日频 OHLCV/成交额；只使用 t 日及以前；不含期权、期货、基差、盘口或隐含波动率。,粗糙尺度是共同风险状态；方向冲击按 lower/upper 分别进入链接。,固定少数 H、截断长度和幂律核，使用 log-grid 与强收缩；不拟合高频 rough volatility。,区间代理8 × 幂律记忆8 × 方向非对称4 × 覆盖率12,range_vol,8区间代理 × 8记忆/分解参数 × 4方向非对称 × 12覆盖率,3072,False,H 和截断长度弱识别，低频日线难验证粗糙性。,reserve_only_not_created_not_run
V67,A1,长记忆波动,figarch_tail_scale,FIGARCH 长记忆尾部尺度,figarch,Fractionally integrated GARCH,"Baillie, Bollerslev, and Mikkelsen",1996,https://doi.org/10.1016/S0304-4076(95)01749-6,V13/V16 的波动聚集与半方差,分数差分长记忆替代有限窗口/指数核，直接影响条件 tail scale。,仅用日频现货平方收益/真实振幅递推 fractional volatility；下跌/上涨使用同一尺度的侧向 link。,中证500指数现货日频 OHLCV/成交额；只使用 t 日及以前；不含期权、期货、基差、盘口或隐含波动率。,共同 FIGARCH scale + 分侧方向/尾部 residual；不建立期权波动。,差分阶数少量候选、低阶 ARMA、固定误差分布和参数边界；报告长记忆估计稳定性。,区间代理8 × 记忆/分解8 × 方向非对称4 × 覆盖率12,range_vol,8区间代理 × 8记忆/分解参数 × 4方向非对称 × 12覆盖率,3072,False,分数差分边界、低频样本和数值优化不稳定。,reserve_only_not_created_not_run
V68,A1,乘法误差,multiplicative_error_range,区间乘法误差模型,arch_frontiers,New frontiers for ARCH models,Engle,2002,https://doi.org/10.1002/jae.683,V09–V16 的波动 rank/核分数,直接对正的区间/波动量建乘法误差和条件尺度，不把波动先转成横截面式秩。,以真实振幅、Parkinson 或 OHLC range 的正值序列做 MEM recursion；方向 tail link 读取尺度创新。,中证500指数现货日频 OHLCV/成交额；只使用 t 日及以前；不含期权、期货、基差、盘口或隐含波动率。,正尺度共同建模；下跌/上涨分支对创新方向分别加权。,一阶 MEM、Gamma/Lognormal 两种误差、正参数 log-link 和 shrinkage。,区间代理8 × 记忆/分解8 × 方向非对称4 × 覆盖率12,range_vol,8区间代理 × 8记忆/分解参数 × 4方向非对称 × 12覆盖率,3072,False,正值误差假设错设、区间代理与成交量共线。,reserve_only_not_created_not_run
V69,A1,观测方程,range_measurement_garch,区间观测方程 GARCH,realized_garch,Realized GARCH,"Hansen, Huang, and Shek",2012,https://doi.org/10.1002/jae.1234,V09/V10 的 OHLC 波动组合,把潜在波动状态与可观测区间测量方程分开，区别于单层 range feature。,潜在日频尺度由 O2O 波动递推，range measurement 用当天前可见 OHLC 代理；测量方程不看未来。,中证500指数现货日频 OHLCV/成交额；只使用 t 日及以前；不含期权、期货、基差、盘口或隐含波动率。,共同 latent scale；两侧由带符号 O2O innovation 映射 lower/upper tail。,只保留一个 latent scale 和一个 measurement equation；固定误差分布、强先验和参数边界。,区间代理8 × 记忆/分解8 × 方向非对称4 × 覆盖率12,range_vol,8区间代理 × 8记忆/分解参数 × 4方向非对称 × 12覆盖率,3072,False,潜变量识别困难、measurement error 与真实波动混杂。,reserve_only_not_created_not_run
V70,A1,成分波动,component_garch_tail,永久-暂时成分波动,component_garch,The component GARCH model,Engle and Lee,1999,https://doi.org/10.1093/oso/9780198296836.003.0020,V11/V12 的期限结构与波动压缩释放,显式分离长期慢成分和短期快成分，区别于短长窗口的简单差值。,用现货 O2O/真实振幅递推 permanent/transitory components；两成分都只使用历史。,中证500指数现货日频 OHLCV/成交额；只使用 t 日及以前；不含期权、期货、基差、盘口或隐含波动率。,下跌/上涨共享慢成分，快成分结合分侧 signed innovation。,两成分、固定半衰期网格、强 shrinkage；不扩展为多成分或高阶交互。,区间代理8 × 记忆/分解8 × 方向非对称4 × 覆盖率12,range_vol,8区间代理 × 8记忆/分解参数 × 4方向非对称 × 12覆盖率,3072,False,成分分解弱识别、参数边界和局部最优。,reserve_only_not_created_not_run
V71,B1,日频流动性,roll_spread_state,Roll 协方差价差状态,roll,A simple implicit measure of the effective bid-ask spread,Roll,1984,https://doi.org/10.1111/j.1540-6261.1984.tb03897.x,V21–V24 的 Amihud/成交额冲击,用相邻收益的负协方差估计隐含价差，机制上利用交易方向反转而非成交额归一化。,对过去日内或 O2O 收益的相邻协方差做滚动 causal estimate；无法识别时标记缺失而不填未来信息。,中证500指数现货日频 OHLCV/成交额；只使用 t 日及以前；不含期权、期货、基差、盘口或隐含波动率。,spread proxy 为共同状态；方向由 lower/upper O2O 与价差交互分别输出。,窗口离散、协方差 winsorize、非负截断和最小样本门槛；不估计逐笔 spread。,估计窗口8 × 平滑8 × 状态映射4 × 覆盖率12,liquidity,8估计窗口 × 8平滑方式 × 4状态映射 × 12覆盖率,3072,False,日频协方差噪声大，负协方差不一定只来自价差。,reserve_only_not_created_not_run
V72,B1,日频流动性,abdi_ranaldo_spread_state,高低收盘价差状态,abdi_ranaldo,"A simple estimation of bid-ask spreads from daily close, high, and low prices",Abdi and Ranaldo,2017,https://doi.org/10.1093/rfs/hhx084,V59 的 Corwin-Schultz 与 V21–V24,以收盘相对高低区间的位置修正 spread，避免只依赖两日 high-low 组合。,仅用当日及历史 OHLC 形成有效价差 proxy，按滚动中位数/分位状态输入尾部逻辑。,中证500指数现货日频 OHLCV/成交额；只使用 t 日及以前；不含期权、期货、基差、盘口或隐含波动率。,价差状态共用；方向冲击单独进入 down/up link，避免把流动性当方向。,固定公式、分位 winsorization、窗口少量化；若 high=low 则按预设缺失规则处理。,估计窗口8 × 平滑8 × 状态映射4 × 覆盖率12,liquidity,8估计窗口 × 8平滑方式 × 4状态映射 × 12覆盖率,3072,False,价格位置与 spread 混淆，极窄区间会导致数值不稳定。,reserve_only_not_created_not_run
V73,B1,市场效率,rolling_variance_ratio,滚动方差比,variance_ratio,Stock market prices do not follow random walks,Lo and MacKinlay,1988,https://web.mit.edu/~alo/www/Papers/lo-mackinlay-88.html,V27/V28 的趋势效率/动量,检验多步收益方差是否偏离随机游走，捕捉均值回归或趋势依赖而非收益方向本身。,用 1/5/20 日 O2O 聚合收益与单日收益的因果方差比；只使用 t 以前的 rolling variance。,中证500指数现货日频 OHLCV/成交额；只使用 t 日及以前；不含期权、期货、基差、盘口或隐含波动率。,VR 偏高/偏低作为共同效率状态；下跌/上涨分别与方向尾部链接。,仅用少量 horizon、Newey-West 或 block 稳健修正、强收缩到 VR=1。,窗口8 × horizon/方差设定8 × 状态映射4 × 覆盖率12,complexity,8窗口 × 8嵌入/分箱设定 × 4复杂度映射 × 12覆盖率,3072,False,方差比重叠收益、非平稳和小样本偏差明显。,reserve_only_not_created_not_run
V74,B1,路径表示,truncated_path_signature,截断路径签名,signature,A primer on the signature method in machine learning,"Lyons, Ni, and Oberhauser",2016,https://arxiv.org/abs/1603.03788,V41/V44 的低维状态距离,用路径迭代积分的 signature 捕捉顺序与交互，区别于手工四分量距离。,对过去短窗口的 O2O、真实振幅、成交冲击和收盘位置构造低阶 lead-lag path signature；窗口结束于 t。,中证500指数现货日频 OHLCV/成交额；只使用 t 日及以前；不含期权、期货、基差、盘口或隐含波动率。,签名特征进入相同低维 down/up 线性或分位链接；不训练高容量深网。,阶数限制 2–3、维度压缩、固定归一化和 ridge；短样本只保留少量稳定坐标。,窗口8 × 表示方式4 × 距离/归一化4 × 原型复杂度4 × 覆盖率8,pattern,8窗口 × 4表示方式 × 4距离/归一化 × 4原型复杂度 × 8覆盖率,4096,False,维度随阶数爆炸、归一化选择和解释性较弱。,reserve_only_not_created_not_run
V75,B1,信息流,spot_transfer_entropy,现货方向转移熵,transfer_entropy,Measuring information transfer,Schreiber,2000,https://doi.org/10.1103/PhysRevLett.85.461,V02/V33 的符号持续和多数表决,估计过去路径对未来方向的非线性信息增益，而非只计算同一序列的符号占比。,候选源仅为 O2O、range、volume/amount 离散状态；转移概率按 rolling counts 计算，严格滞后。,中证500指数现货日频 OHLCV/成交额；只使用 t 日及以前；不含期权、期货、基差、盘口或隐含波动率。,分别计算源到下跌/上涨事件的 transfer entropy；禁止使用期权或跨市场源。,状态箱数 2–4、窗口少量化、Dirichlet smoothing 和置换基线；低频只保留一到两个源。,窗口8 × 嵌入/分箱8 × 复杂度映射4 × 覆盖率12,complexity,8窗口 × 8嵌入/分箱设定 × 4复杂度映射 × 12覆盖率,3072,False,离散箱和嵌入敏感，信息量估计方差很大。,reserve_only_not_created_not_run
V76,B1,复杂度,recurrence_quantification,递归图量化,rqa,Recurrence quantification analysis of chaotic data,Zbilut and Webber,1992,https://doi.org/10.1016/0375-9601(92)90426-M,V41/V44 的局部状态相似度,用 recurrence rate、determinism、laminarity 描述状态重复和停滞，不等于最近邻距离。,对低维因果现货状态轨迹生成滚动 recurrence metrics；阈值由过去距离分位预注册。,中证500指数现货日频 OHLCV/成交额；只使用 t 日及以前；不含期权、期货、基差、盘口或隐含波动率。,RQA 指标作为共同状态；两侧用方向尾部链接，不将 RQA 直接解释为方向。,维度 2–3、recurrence threshold 固定网格、窗口有限和最小点数约束。,窗口8 × 嵌入/阈值8 × 复杂度映射4 × 覆盖率12,complexity,8窗口 × 8嵌入/分箱设定 × 4复杂度映射 × 12覆盖率,3072,False,阈值敏感、短窗口 recurrence 图稀疏和指标相关。,reserve_only_not_created_not_run
V77,B1,复杂度,catch22_tail_classifier,catch22 尾部特征,catch22,Catch22: CAnonical Time-series CHaracteristics,Lubba et al.,2019,https://doi.org/10.1007/s10618-019-00647-x,V01–V50 的人工特征组合,使用经筛选的 canonical time-series characteristics，结构上不同于手工单指标，但保留低维可解释特征。,只在滚动窗口内计算 catch22 的 O2O/振幅/成交序列特征；先锁定特征子集再用简单分位/逻辑映射。,中证500指数现货日频 OHLCV/成交额；只使用 t 日及以前；不含期权、期货、基差、盘口或隐含波动率。,下跌/上涨使用同一特征提取器和分开的简单 link；不做黑箱端到端分类。,最多 5–8 个预注册特征、标准化和 ridge/logistic 收缩；窗口不超过少量档位。,窗口8 × 特征子集8 × 复杂度映射4 × 覆盖率12,complexity,8窗口 × 8嵌入/分箱设定 × 4复杂度映射 × 12覆盖率,3072,False,特征选择多重比较、样本窗口内估计不稳。,reserve_only_not_created_not_run
V78,B1,模式发现,causal_matrix_profile_discord,因果 Matrix Profile 异常,matrix_profile,Matrix Profile XXIV,Yeh et al.,2016,https://doi.org/10.1109/ICDM.2016.0179,V41 的局部相似度和 V45 的并发事件,以 motif/discord 的最近邻距离发现历史路径异常，且不依赖手工阈值形态名。,只在 t 之前的窗口库计算 matrix profile；当前窗口的 discord score 进入下一日 tail score，禁止未来窗口匹配。,中证500指数现货日频 OHLCV/成交额；只使用 t 日及以前；不含期权、期货、基差、盘口或隐含波动率。,discord 是共同异常状态；异常方向通过窗口末端 O2O sign 分成 down/up。,窗口长度少量、z-normalization 固定、近似搜索关闭或固定；历史库设最小样本门槛。,窗口8 × 表示方式4 × 距离/归一化4 × 原型复杂度4 × 覆盖率8,pattern,8窗口 × 4表示方式 × 4距离/归一化 × 4原型复杂度 × 8覆盖率,4096,False,计算成本、首次窗口不足和异常方向混淆。,reserve_only_not_created_not_run
V79,B1,校准弃权,adaptive_conformal_tail,漂移自适应共形尾部,adaptive_conformal,Adaptive conformal inference under distribution shift,Gibbs and Candès,2021,https://papers.neurips.cc/paper_files/paper/2021/hash/0d441de75945e5acbc865406fc9a2559-Abstract.html,V46/V50 的冲突弃权与不确定性门控,根据近期覆盖误差动态调节阈值，区别于固定 coverage/静态 margin。,基准分数来自已锁定的现货逻辑；校准误差在过去窗口递推，形成日 t 的 conformal threshold。,中证500指数现货日频 OHLCV/成交额；只使用 t 日及以前；不含期权、期货、基差、盘口或隐含波动率。,lower/upper 分别校准非一致性分数；弃权时不发出该侧信号。,校准窗口、步长和学习率少量离散；不宣称非交换时序有限样本保证。,基准分数8 × 校准窗/步长8 × 非交换修正4 × 目标覆盖率12,conformal,8基准分数 × 8校准窗/步长 × 4非交换性修正 × 12目标覆盖率,3072,False,漂移下覆盖仍不稳定，阈值可能随稀有事件剧烈跳动。,reserve_only_not_created_not_run
V80,B1,区间预测,time_weighted_cqr,时间加权共形分位回归,cqr,Conformalized quantile regression,"Romano, Patterson, and Candès",2019,https://proceedings.neurips.cc/paper_files/paper/2019/hash/5103c3584b063c431bd1268e9b5e76fb-Abstract.html,V49/V50 的分位带距离与不确定性门控,以 quantile model 的预测区间加共形残差校准，输出可解释的条件区间而非单分数。,分位基模型只使用因果现货特征；calibration residual 以时间权重递推，输出下/上区间及弃权。,中证500指数现货日频 OHLCV/成交额；只使用 t 日及以前；不含期权、期货、基差、盘口或隐含波动率。,下跌看 lower interval breach；上涨看 upper interval breach；两侧阈值独立。,固定低容量 quantile base、时间权重网格、校准窗口与最小覆盖样本。,基准分数8 × 校准窗/步长8 × 非交换修正4 × 目标覆盖率12,conformal,8基准分数 × 8校准窗/步长 × 4非交换性修正 × 12目标覆盖率,3072,False,区间宽度受基模型错设影响，时间加权削弱有效样本量。,reserve_only_not_created_not_run
V81,C1,分布学习,quantile_gradient_boosting,梯度提升分位尾部,boosting,Greedy function approximation: A gradient boosting machine,Friedman,2001,https://doi.org/10.1214/aos/1013203451,V55 的树叶经验分布与 V49 的分位带,以 boosting 直接优化 pinball loss 的条件分位，而非随机森林叶分布或秩距离。,基学习器只读 t 以前的现货特征；下/上 quantile 单独训练，复杂度和学习率预注册。,中证500指数现货日频 OHLCV/成交额；只使用 t 日及以前；不含期权、期货、基差、盘口或隐含波动率。,lower/upper 分开模型；相同特征锁和训练窗，禁止 Test 调参。,树深、学习率、迭代数强限制；early stopping 只看 Development 内部时间切分。,现货特征集8 × 分布/损失4 × 复杂度4 × 时间权重4 × 覆盖率8,distribution,8现货特征集 × 4分布/损失 × 4复杂度 × 4时间权重 × 8覆盖率,4096,False,提升模型高方差、分位交叉和小样本过拟合。,reserve_only_not_created_not_run
V82,C1,分布学习,ngboost_student_t,NGBoost Student-t 分布,ngboost,NGBoost: Natural Gradient Boosting for Probabilistic Prediction,Duan et al.,2020,https://proceedings.mlr.press/v119/duan20a.html,V55/V81 的条件分位模型,预测完整参数化分布并用 natural gradient 更新，区别于只预测一个 quantile。,用低维现货特征预测 location/scale/tail 参数；每侧可从 Student-t 分布读取尾部概率。,中证500指数现货日频 OHLCV/成交额；只使用 t 日及以前；不含期权、期货、基差、盘口或隐含波动率。,共享分布参数但 lower/upper tail 分开评估；不引入外生期权变量。,只保留浅层树、Student-t/Normal 两种分布、参数下限和强先验，控制自由度。,现货特征集8 × 分布/损失4 × 复杂度4 × 时间权重4 × 覆盖率8,distribution,8现货特征集 × 4分布/损失 × 4复杂度 × 4时间权重 × 8覆盖率,4096,False,尾部自由度难识别，natural gradient 和分布错设风险。,reserve_only_not_created_not_run
V83,C1,小样本贝叶斯,bart_rare_event,BART 稀有尾部,bart,Bayesian additive regression trees,"Chipman, George, and McCulloch",2010,https://doi.org/10.1214/09-AOAS285,V55/V81 的树模型与 V45 的事件并发,用贝叶斯树集成的后验预测分布和 shrinkage 处理稀有事件，非单点树拟合。,输入限定因果现货特征，后验树只用 Development 历史；输出两侧事件概率/不确定性。,中证500指数现货日频 OHLCV/成交额；只使用 t 日及以前；不含期权、期货、基差、盘口或隐含波动率。,down/up 为二项或 probit 两个后验任务；可共享先验但不共享标签。,树数、深度、先验和稀有事件权重固定小集合；后验均值加区间宽度作为信号。,现货特征集8 × 先验/收缩4 × 树/核复杂度4 × 时间权重4 × 覆盖率4,bayes,8现货特征集 × 4先验/收缩 × 4树或核复杂度 × 4时间权重 × 4覆盖率,2048,False,后验计算成本、稀有标签先验敏感、样本外校准不足。,reserve_only_not_created_not_run
V84,C1,小样本贝叶斯,gaussian_process_tail_classifier,高斯过程尾部分类,gp_classification,Gaussian processes for classification,Williams and Barber,1998,https://doi.org/10.1109/34.735807,V41/V44 的局部距离与 V46 的弃权,非参数核后验给出概率和 epistemic uncertainty，区别于固定距离分数。,以少量现货状态特征做 GP classification/regression；训练窗、核和 inducing points 均只用过去。,中证500指数现货日频 OHLCV/成交额；只使用 t 日及以前；不含期权、期货、基差、盘口或隐含波动率。,下跌/上涨分别 GP；后验方差高时按预注册规则弃权。,ARD 维度小、核候选少、固定 inducing subset、强先验和标准化，适配小样本。,现货特征集8 × 先验4 × 核复杂度4 × 时间权重4 × 覆盖率4,bayes,8现货特征集 × 4先验/收缩 × 4树或核复杂度 × 4时间权重 × 4覆盖率,2048,False,核超参数弱识别、时间相关破坏独立性、计算随样本增长。,reserve_only_not_created_not_run
V85,C1,在线专家,hedge_expert_weights,Hedge 在线专家权重,hedge,A decision-theoretic generalization of on-line learning,Freund and Schapire,1997,https://doi.org/10.1006/jcss.1997.1504,V33/V48 的静态多数/分歧边际,使用 regret-aware multiplicative weights，直接根据过去损失分配专家权重。,专家池为预注册现货单逻辑分数/低维基模型；每个 t 用过去 log loss 更新，输出加权 tail probability。,中证500指数现货日频 OHLCV/成交额；只使用 t 日及以前；不含期权、期货、基差、盘口或隐含波动率。,down/up 维护独立专家权重；不以 Test 反馈改变专家集合或学习率。,专家数少、学习率/遗忘率网格小、权重 floor 和 uniform prior 防止早期塌缩。,专家集合8 × 遗忘率8 × 更新损失4 × 覆盖率12,online,8专家集合 × 8遗忘率 × 4更新损失 × 12覆盖率,3072,False,在线 regret 对专家相关和概念漂移敏感。,reserve_only_not_created_not_run
V86,C1,在线校准,conformal_test_martingale,共形测试鞅,conformal_martingale,Testing exchangeability online,"Vovk, Nouretdinov, and Gammerman",2021,https://proceedings.mlr.press/v152/vovk21b.html,V46/V79 的弃权/自适应阈值,把非一致性 p-value 的在线乘积作为漂移/异常证据，机制不同于单次 conformal threshold。,p-value 由过去现货分数的 rolling calibration 产生，martingale 只按历史递推；触发时标记风险或弃权。,中证500指数现货日频 OHLCV/成交额；只使用 t 日及以前；不含期权、期货、基差、盘口或隐含波动率。,下跌/上涨各自 p-value martingale；不把鞅直接当收益方向预测。,候选 betting function 少量化、校准窗固定、对非交换性只作诊断而非理论保证。,基准分数8 × 校准窗/步长8 × 非交换修正4 × 目标覆盖率12,conformal,8基准分数 × 8校准窗/步长 × 4非交换性修正 × 12目标覆盖率,3072,False,鞅对 p-value 误校准极敏感，长期累积可能爆炸或衰减。,reserve_only_not_created_not_run
V87,C1,因果形状,dev_only_shapelets,Development 形状片段,shapelets,Time series classification with shapelets,Ye and Keogh,2011,https://www.cs.ucr.edu/~lexiangy/Shapelet/Shapelet.pdf,V78 的 Matrix Profile motif/discord,学习能区分尾部的局部子序列原型，区别于无监督最近邻异常距离。,只在 Development 内发现 shapelets，冻结后应用到 Validation/Test；输入为因果 O2O/振幅/成交序列。,中证500指数现货日频 OHLCV/成交额；只使用 t 日及以前；不含期权、期货、基差、盘口或隐含波动率。,下跌/上涨分别发现少量 shapelets；距离分数进入单侧 tail score。,形状数量、长度、距离和最小出现次数强限制；不在 Test 重新发现 shapelet。,窗口8 × 表示方式4 × 距离/归一化4 × 原型复杂度4 × 覆盖率8,pattern,8窗口 × 4表示方式 × 4距离/归一化 × 4原型复杂度 × 8覆盖率,4096,False,发现过程易泄漏、shapelet 数量多、跨期形态漂移。,reserve_only_not_created_not_run
V88,C1,确定性表示,deterministic_minirocket_tail,近确定卷积字典尾部,minirocket,MiniRocket: A very fast (almost) deterministic transform for time series classification,"Dempster, Petitjean, and Webb",2021,https://arxiv.org/abs/2012.08791,V77 的 catch22 与 V87 的 shapelet,用大量固定/近确定卷积核把路径投影到可线性分离的表示，结构上不同于手工统计。,卷积仅在过去窗口内计算；核字典和随机种子预注册且不作为候选轴，线性 tail link 冻结。,中证500指数现货日频 OHLCV/成交额；只使用 t 日及以前；不含期权、期货、基差、盘口或隐含波动率。,同一表示上训练两侧低容量线性模型；不做深度端到端训练。,限制核数量、窗口和线性 ridge；确定性字典不扩展随机种子候选。,窗口8 × 表示方式4 × 距离/归一化4 × 原型复杂度4 × 覆盖率8,pattern,8窗口 × 4表示方式 × 4距离/归一化 × 4原型复杂度 × 8覆盖率,4096,False,表示维度高、时间序列漂移、虽近确定仍有多重比较。,reserve_only_not_created_not_run
V89,C1,多尺度表示,wavelet_scattering_tail,小波散射尾部表示,scattering,Group invariant scattering,Mallat,2012,https://doi.org/10.1002/cpa.21413,V42/V43 的多尺度指数核,用平移不变、稳定的多尺度小波模组捕捉局部非线性，不是有限半衰期线性核。,对过去 O2O/振幅/成交路径做低阶 scattering transform；尺度、阶数和截断全部预注册。,中证500指数现货日频 OHLCV/成交额；只使用 t 日及以前；不含期权、期货、基差、盘口或隐含波动率。,散射系数输入两个低容量 tail link；共享表示，分侧输出。,阶数最多 2、尺度少量化、标准化和 ridge；不训练小波参数。,窗口8 × 表示方式4 × 距离/归一化4 × 原型复杂度4 × 覆盖率8,pattern,8窗口 × 4表示方式 × 4距离/归一化 × 4原型复杂度 × 8覆盖率,4096,False,系数维度与边界效应、尺度选择和小样本共线。,reserve_only_not_created_not_run
V90,C1,低秩分解,causal_ssa_residual,因果 SSA 残差尾部,ssa,Singular spectrum analysis for time series,Vautard and Ghil,1989,https://doi.org/10.1016/0167-2789(89)90077-8,V27/V28 的趋势效率与 V42/V43 的路径核,用滚动轨迹矩阵低秩重构趋势/周期，再用残差异常做尾部逻辑，区别于直接动量。,每个 t 只对过去窗口做 SSA；重构、残差和谱熵冻结在形成时，下一 O2O 才使用。,中证500指数现货日频 OHLCV/成交额；只使用 t 日及以前；不含期权、期货、基差、盘口或隐含波动率。,趋势/残差共同状态；下跌/上涨分别对 residual tail 和 reconstructed slope 建 link。,窗口、嵌入维度和秩少量化；奇异值 shrinkage 与最小样本门槛，禁止跨 Test 重构。,窗口8 × 表示方式4 × 距离/归一化4 × 原型复杂度4 × 覆盖率8,pattern,8窗口 × 4表示方式 × 4距离/归一化 × 4原型复杂度 × 8覆盖率,4096,False,边界效应、秩选择敏感、短样本周期解释不稳定。,reserve_only_not_created_not_run
