老师区间,实际执行日,推定形成日,原始状态,调整后三状态,调整原因,+1反转,-1反转,0转-1,0转+1,原始策略日收益,调整策略日收益,指数日收益,局部原始三状态_NAV,局部加入四反转_NAV,局部普通指数_NAV
红色区间1,2023-11-01,2023-10-31,0,1,0转+1持有,0,0,0,1,-0.0,-0.0036804898122333,-0.0036804898122333,1.0,0.9963195101877667,0.9963195101877667
红色区间1,2023-11-02,2023-11-01,0,1,0转+1持有,0,0,0,1,-0.0,-0.0094973318788451,-0.0094973318788451,1.0,0.9868221783089216,0.9868221783089216
红色区间1,2023-11-03,2023-11-02,0,0,基础0,0,0,0,0,0.0,0.0,0.0159547056979822,1.0,0.9868221783089216,1.0027768840069038
红色区间1,2023-11-06,2023-11-03,0,0,基础0,0,0,0,0,0.0,0.0,0.0081408239023836,1.0,0.9868221783089216,1.0109177079092875
红色区间1,2023-11-07,2023-11-06,0,0,基础0,0,0,0,0,0.0,0.0,0.0015200733968083,1.0,0.9868221783089216,1.0124377813060956
红色区间1,2023-11-08,2023-11-07,1,1,基础+1,0,0,0,0,-8.579377364936747e-05,-8.579377364936747e-05,-8.579377364936747e-05,0.9999142062263506,0.9867363845352722,1.0123519875324463
红色区间1,2023-11-09,2023-11-08,1,1,基础+1,0,0,0,0,-0.0044895930202463,-0.0044895930202463,-0.0044895930202463,0.9954246132061043,0.9822467915150259,1.0078623945122
红色区间1,2023-11-10,2023-11-09,1,1,基础+1,0,0,0,0,0.0021017915521011,0.0021017915521011,0.0021017915521011,0.9975264047582054,0.984348583067127,1.0099641860643012
红色区间1,2023-11-13,2023-11-10,1,1,基础+1,0,0,0,0,0.0024911883654128,0.0024911883654128,0.0024911883654128,1.0000175931236182,0.9868397714325399,1.012455374429714
红色区间1,2023-11-14,2023-11-13,1,1,基础+1,0,0,0,0,0.013308518218037,0.013308518218037,0.013308518218037,1.0133261113416552,1.000148289650577,1.025763892647751
红色区间1,2023-11-15,2023-11-14,1,1,基础+1,0,0,0,0,-0.0053700977338764,-0.0053700977338764,-0.0053700977338764,1.0079560136077788,0.9947781919167005,1.0203937949138746
红色区间1,2023-11-16,2023-11-15,1,1,基础+1,0,0,0,0,-0.008519174388987,-0.008519174388987,-0.008519174388987,0.9994368392187918,0.9862590175277134,1.0118746205248876
红色区间1,2023-11-17,2023-11-16,1,1,基础+1,0,0,0,0,0.0065429554418476,0.0065429554418476,0.0065429554418476,1.0059797946606395,0.9928019729695611,1.018417575966735
红色区间1,2023-11-20,2023-11-17,0,0,基础0,0,0,0,0,0.0,0.0,0.0059582793748875,1.0059797946606395,0.9928019729695611,1.0243758553416227
红色区间1,2023-11-21,2023-11-20,0,0,基础0,0,0,0,0,-0.0,-0.0,-0.0081676224246847,1.0059797946606395,0.9928019729695611,1.016208232916938
红色区间1,2023-11-22,2023-11-21,1,1,基础+1,0,0,0,0,-0.0099821594396376,-0.0099821594396376,-0.0099821594396376,0.9959976352210018,0.9828198135299234,1.0062260734773003
红色区间1,2023-11-23,2023-11-22,1,1,基础+1,0,0,0,0,0.0094463841019001,0.0094463841019001,0.0094463841019001,1.005444019322902,0.9922661976318236,1.0156724575792004
红色区间1,2023-11-24,2023-11-23,1,1,基础+1,0,0,0,0,-0.0100670745013982,-0.0100670745013982,-0.0100670745013982,0.9953769448215037,0.9821991231304253,1.0056053830778022
红色区间1,2023-11-27,2023-11-24,1,1,基础+1,0,0,0,0,-0.0002107051898767,-0.0002107051898767,-0.0002107051898767,0.995166239631627,0.9819884179405486,1.0053946778879255
红色区间1,2023-11-28,2023-11-27,1,1,基础+1,0,0,0,0,0.0048902321131427,0.0048902321131427,0.0048902321131427,1.0000564717447697,0.9868786500536914,1.0102849100010682
红色区间1,2023-11-29,2023-11-28,0,-1,0转-1持有,0,0,1,0,-0.0,0.0072019195480425,-0.0072019195480425,1.0000564717447697,0.9940805696017339,1.0030829904530256
红色区间1,2023-11-30,2023-11-29,0,-1,0转-1持有,0,0,1,0,-0.0,0.0013153047549223,-0.0013153047549223,1.0000564717447697,0.9953958743566561,1.0017676856981035
红色区间1,2023-12-01,2023-11-30,0,0,基础0,0,0,0,0,0.0,0.0,0.0067123232295525,1.0000564717447697,0.9953958743566561,1.008480008927656
红色区间1,2023-12-04,2023-12-01,0,0,基础0,0,0,0,0,-0.0,-0.0,-0.0063734169914225,1.0000564717447697,0.9953958743566561,1.0021065919362335
红色区间1,2023-12-05,2023-12-04,0,0,基础0,0,0,0,0,-0.0,-0.0,-0.0170325937287073,1.0000564717447697,0.9953958743566561,0.9850739982075262
红色区间1,2023-12-06,2023-12-05,0,0,基础0,0,0,0,0,0.0,0.0,0.0049207137983546,1.0000564717447697,0.9953958743566561,0.9899947120058807
红色区间1,2023-12-07,2023-12-06,0,0,基础0,0,0,0,0,0.0,0.0,0.0017195688583488,1.0000564717447697,0.9953958743566561,0.9917142808642295
红色区间1,2023-12-08,2023-12-07,0,0,基础0,0,0,0,0,-0.0,-0.0,-0.0020113286768137,1.0000564717447697,0.9953958743566561,0.9897029521874159
红色区间1,2023-12-11,2023-12-08,0,1,0转+1持有,0,0,0,1,0.0,0.0158548825378246,0.0158548825378246,1.0000564717447697,1.0112507568944806,1.0055578347252405
红色区间1,2023-12-12,2023-12-11,0,1,0转+1持有,0,0,0,1,-0.0,-0.0006095206031973,-0.0006095206031973,1.0000564717447697,1.0106412362912833,1.0049483141220432
红色区间1,2023-12-13,2023-12-12,0,1,0转+1持有,0,0,0,1,-0.0,-0.0043296742012028,-0.0043296742012028,1.0000564717447697,1.0063115620900807,1.0006186399208403
红色区间1,2023-12-14,2023-12-13,0,1,0转+1持有,0,0,0,1,-0.0,-0.0060757246435156,-0.0060757246435156,1.0000564717447697,1.000235837446565,0.9945429152773247
红色区间1,2023-12-15,2023-12-14,0,0,基础0,0,0,0,0,-0.0,-0.0,-0.0113431918700784,1.0000564717447697,1.000235837446565,0.9831997234072464
红色区间1,2023-12-18,2023-12-15,0,0,基础0,0,0,0,0,-0.0,-0.0,-0.0103465727205471,1.0000564717447697,1.000235837446565,0.9728531506866992
红色区间1,2023-12-19,2023-12-18,0,0,基础0,0,0,0,0,0.0,0.0,0.0009777475365539,1.0000564717447697,1.000235837446565,0.9738308982232531
红色区间1,2023-12-20,2023-12-19,-1,-1,基础-1,0,0,0,0,0.0184817269438543,0.0184817269438543,-0.0184817269438543,1.018538198688624,1.0187175643904194,0.9553491712793989
红色区间1,2023-12-21,2023-12-20,-1,-1,基础-1,0,0,0,0,-0.0096336048077301,-0.0096336048077301,0.0096336048077301,1.008904593880894,1.0090839595826893,0.9649827760871289
红色区间1,2023-12-22,2023-12-21,-1,-1,基础-1,0,0,0,0,0.0067087588486988,0.0067087588486988,-0.0067087588486988,1.0156133527295927,1.015792718431388,0.9582740172384301
红色区间1,2023-12-25,2023-12-22,-1,-1,基础-1,0,0,0,0,-0.0021175600036478,-0.0021175600036478,0.0021175600036478,1.013495792725945,1.0136751584277401,0.9603915772420779
红色区间1,2023-12-26,2023-12-25,-1,-1,基础-1,0,0,0,0,0.0096427497674059,0.0096427497674059,-0.0096427497674059,1.0231385424933508,1.0233179081951462,0.950748827474672
红色区间1,2023-12-27,2023-12-26,-1,-1,基础-1,0,0,0,0,-0.0036339914442644,-0.0036339914442644,0.0036339914442644,1.0195045510490863,1.0196839167508818,0.9543828189189364
红色区间1,2023-12-28,2023-12-27,0,0,基础0,0,0,0,0,0.0,0.0,0.0182336764147355,1.0195045510490863,1.0196839167508818,0.9726164953336719
红色区间1,2023-12-29,2023-12-28,0,0,基础0,0,0,0,0,0.0,0.0,0.0101361047345414,1.0195045510490863,1.0196839167508818,0.9827526000682133
红色区间1,2024-01-02,2023-12-29,0,0,基础0,0,0,0,0,-0.0,-0.0,-0.0061096625184038,1.0195045510490863,1.0196839167508818,0.9766429375498096
红色区间1,2024-01-03,2024-01-02,0,0,基础0,0,0,0,0,-0.0,-0.0,-0.0005837214605896,1.0195045510490863,1.0196839167508818,0.97605921608922
红色区间1,2024-01-04,2024-01-03,0,1,0转+1持有,0,0,0,1,-0.0,-0.0089098846466121,-0.0089098846466121,1.0195045510490863,1.0107740321042695,0.9671493314426078
红色区间1,2024-01-05,2024-01-04,0,1,0转+1持有,0,0,0,1,-0.0,-0.0147442917692141,-0.0147442917692141,1.0195045510490863,0.9960297403350555,0.9524050396733937
红色区间1,2024-01-08,2024-01-05,0,1,0转+1持有,0,0,0,1,-0.0,-0.0174861256634789,-0.0174861256634789,1.0195045510490863,0.9785436146715767,0.9349189140099148
红色区间1,2024-01-09,2024-01-08,0,1,0转+1持有,0,0,0,1,-0.0,-0.0016191687008991,-0.0016191687008991,1.0195045510490863,0.9769244459706775,0.9332997453090157
红色区间1,2024-01-10,2024-01-09,0,1,0转+1持有,0,0,0,1,-0.0,-0.002974786675756,-0.002974786675756,1.0195045510490863,0.9739496592949215,0.9303249586332597
红色区间1,2024-01-11,2024-01-10,0,0,基础0,0,0,0,0,0.0,0.0,0.0117958783539733,1.0195045510490863,0.9739496592949215,0.942120836987233
红色区间1,2024-01-12,2024-01-11,0,0,基础0,0,0,0,0,-0.0,-0.0,-0.0045285029608667,1.0195045510490863,0.9739496592949215,0.9375923340263663
红色区间1,2024-01-15,2024-01-12,0,0,基础0,0,0,0,0,-0.0,-0.0,-0.0002232765720365,1.0195045510490863,0.9739496592949215,0.9373690574543299
红色区间2,2024-04-15,2024-04-12,0,0,基础0,0,0,0,0,0.0,0.0,0.0074115165886263,1.0,1.0,1.0074115165886264
红色区间2,2024-04-16,2024-04-15,0,0,基础0,0,0,0,0,-0.0,-0.0,-0.0184309752659607,1.0,1.0,0.9889805413226656
红色区间2,2024-04-17,2024-04-16,0,0,基础0,0,0,0,0,0.0,0.0,0.0204461556487633,1.0,1.0,1.009426696971429
红色区间2,2024-04-18,2024-04-17,0,0,基础0,0,0,0,0,0.0,0.0,0.0008575352966544,1.0,1.0,1.0102842322680834
红色区间2,2024-04-19,2024-04-18,0,1,0转+1持有,0,0,0,1,-0.0,-0.0061912774463832,-0.0061912774463832,1.0,0.9938087225536169,1.0040929548217001
红色区间2,2024-04-22,2024-04-19,0,1,0转+1持有,0,0,0,1,-0.0,-0.005981880840849,-0.005981880840849,1.0,0.9878268417127678,0.9981110739808511
红色区间2,2024-04-23,2024-04-22,0,1,0转+1持有,0,0,0,1,-0.0,-0.0090500223859333,-0.0090500223859333,1.0,0.9787768193268345,0.9890610515949178
红色区间2,2024-04-24,2024-04-23,0,1,0转+1持有,0,0,0,1,0.0,0.0058152658780841,0.0058152658780841,1.0,0.9845920852049186,0.9948763174730019
红色区间2,2024-04-25,2024-04-24,0,0,零段同日冲突置0,0,0,1,1,0.0,0.0,0.0034162890025928,1.0,0.9845920852049186,0.9982926064755947
红色区间2,2024-04-26,2024-04-25,0,0,零段同日冲突置0,0,0,1,1,0.0,0.0,0.0214566842171133,1.0,0.9845920852049186,1.019749290692708
红色区间2,2024-04-29,2024-04-26,0,1,0转+1持有,0,0,0,1,0.0,0.0186094677101009,0.0186094677101009,1.0,1.0032015529150196,1.038358758402809
红色区间2,2024-04-30,2024-04-29,0,1,0转+1持有,0,0,0,1,0.0,0.0049855171682184,0.0049855171682184,1.0,1.0081870700832378,1.0433442755710274
红色区间2,2024-05-06,2024-04-30,1,1,基础+1,0,0,0,0,0.0061615247454906,0.0061615247454906,0.0061615247454906,1.0061615247454907,1.0143485948287285,1.0495058003165179
红色区间2,2024-05-07,2024-05-06,1,1,基础+1,0,0,0,0,-0.0028695540733975,-0.0028695540733975,-0.0028695540733975,1.003291970672093,1.011479040755331,1.0466362462431205
红色区间2,2024-05-08,2024-05-07,1,1,基础+1,0,0,0,0,-0.0099860821666087,-0.0099860821666087,-0.0099860821666087,0.9933058885054844,1.0014929585887222,1.0366501640765118
红色区间2,2024-05-09,2024-05-08,1,1,基础+1,0,0,0,0,0.0184630018896394,0.0184630018896394,0.0184630018896394,1.0117688903951239,1.0199559604783617,1.055113165966151
红色区间2,2024-05-10,2024-05-09,1,0,+1退出到0,1,0,0,0,-0.0106189229568459,-0.0,-0.0106189229568459,1.001149967438278,1.0199559604783617,1.0444942430093052
红色区间2,2024-05-13,2024-05-10,1,0,+1退出到0,1,0,0,0,0.0009699391724191,0.0,0.0009699391724191,1.002119906610697,1.0199559604783617,1.0454641821817243
红色区间2,2024-05-14,2024-05-13,1,1,基础+1,0,0,0,0,-0.0023435198287407,-0.0023435198287407,-0.0023435198287407,0.9997763867819563,1.017612440649621,1.0431206623529836
红色区间2,2024-05-15,2024-05-14,1,1,基础+1,0,0,0,0,-0.0062685910405698,-0.0062685910405698,-0.0062685910405698,0.9935077957413865,1.0113438496090512,1.0368520713124139
红色区间2,2024-05-16,2024-05-15,0,0,基础0,0,0,0,0,-0.0,-0.0,-0.0077731849163127,0.9935077957413865,1.0113438496090512,1.0290788863961011
红色区间2,2024-05-17,2024-05-16,0,1,0转+1持有,0,0,0,1,0.0,0.0144192357608872,0.0144192357608872,0.9935077957413865,1.0257630853699384,1.0434981221569883
红色区间2,2024-05-20,2024-05-17,0,1,0转+1持有,0,0,0,1,0.0,0.0026730871892077,0.0026730871892077,0.9935077957413865,1.028436172559146,1.0461712093461961
红色区间2,2024-05-21,2024-05-20,0,1,0转+1持有,0,0,0,1,-0.0,-0.0071621366282524,-0.0071621366282524,0.9935077957413865,1.0212740359308936,1.0390090727179435
红色区间2,2024-05-22,2024-05-21,0,1,0转+1持有,0,0,0,1,-0.0,-0.0042159098472374,-0.0042159098472374,0.9935077957413865,1.0170581260836562,1.034793162870706
红色区间2,2024-05-23,2024-05-22,0,0,基础0,0,0,0,0,-0.0,-0.0,-0.0184311617435044,0.9935077957413865,1.0170581260836562,1.0163620011272019
红色区间2,2024-05-24,2024-05-23,0,0,基础0,0,0,0,0,-0.0,-0.0,-0.004236544383389,0.9935077957413865,1.0170581260836562,1.0121254567438127
红色区间2,2024-05-27,2024-05-24,0,0,基础0,0,0,0,0,0.0,0.0,0.0070372230480058,0.9935077957413865,1.0170581260836562,1.0191626797918185
红色区间2,2024-05-28,2024-05-27,0,0,基础0,0,0,0,0,-0.0,-0.0,-0.0102057863305073,0.9935077957413865,1.0170581260836562,1.0089568934613113
红色区间2,2024-05-29,2024-05-28,0,0,基础0,0,0,0,0,0.0,0.0,0.0014703142621783,0.9935077957413865,1.0170581260836562,1.0104272077234897
红色区间2,2024-05-30,2024-05-29,0,0,基础0,0,0,0,0,-0.0,-0.0,-0.0010677341462544,0.9935077957413865,1.0170581260836562,1.0093594735772353
红色区间2,2024-05-31,2024-05-30,-1,-1,基础-1,0,0,0,0,0.0018707249925989,0.0018707249925989,-0.0018707249925989,0.9953785207339854,1.0189288510762553,1.0074887485846362
红色区间2,2024-06-03,2024-05-31,-1,-1,基础-1,0,0,0,0,0.0070859856675242,0.0070859856675242,-0.0070859856675242,1.0024645064015096,1.0260148367437794,1.0004027629171122
红色区间2,2024-06-04,2024-06-03,-1,-1,基础-1,0,0,0,0,-0.0124718575620244,-0.0124718575620244,0.0124718575620244,0.9899926488394852,1.013542979181755,1.0128746204791366
红色区间2,2024-06-05,2024-06-04,-1,-1,基础-1,0,0,0,0,0.0070084305713119,0.0070084305713119,-0.0070084305713119,0.9970010794107971,1.0205514097530668,1.0058661899078245
红色区间2,2024-06-06,2024-06-05,-1,-1,基础-1,0,0,0,0,0.008385982343677,0.008385982343677,-0.008385982343677,1.005387061754474,1.028937392096744,0.9974802075641476
红色区间2,2024-06-07,2024-06-06,0,0,基础0,0,0,0,0,-0.0,-0.0,-0.0123368584622246,1.005387061754474,1.028937392096744,0.985143349101923
红色区间2,2024-06-11,2024-06-07,0,0,基础0,0,0,0,0,0.0,0.0,0.0051561889250468,1.005387061754474,1.028937392096744,0.9902995380269698
红色区间2,2024-06-12,2024-06-11,0,0,基础0,0,0,0,0,0.0,0.0,0.004372165939892,1.005387061754474,1.028937392096744,0.9946717039668618
红色区间2,2024-06-13,2024-06-12,0,-1,0转-1持有,0,0,1,0,-0.0,0.0098665504465138,-0.0098665504465138,1.005387061754474,1.0388039425432578,0.984805153520348
红色区间2,2024-06-14,2024-06-13,0,-1,0转-1持有,0,0,1,0,0.0,-0.0017364476230832,0.0017364476230832,1.005387061754474,1.0370674949201746,0.9865416011434313
红色区间2,2024-06-17,2024-06-14,0,0,基础0,0,0,0,0,0.0,0.0,0.0036023659526054,1.005387061754474,1.0370674949201746,0.9901439670960366
红色区间2,2024-06-18,2024-06-17,0,0,基础0,0,0,0,0,0.0,0.0,0.0052799957265561,1.005387061754474,1.0370674949201746,0.9954239628225927
红色区间2,2024-06-19,2024-06-18,0,0,基础0,0,0,0,0,-0.0,-0.0,-0.0140034836948343,1.005387061754474,1.0370674949201746,0.9814204791277584
红色区间2,2024-06-20,2024-06-19,0,0,基础0,0,0,0,0,-0.0,-0.0,-0.0159309834763189,1.005387061754474,1.0370674949201746,0.9654894956514395
红色区间2,2024-06-21,2024-06-20,0,0,基础0,0,0,0,0,-0.0,-0.0,-0.0014015567874989,1.005387061754474,1.0370674949201746,0.9640879388639406
红色区间2,2024-06-24,2024-06-21,0,-1,0转-1持有,0,0,1,0,-0.0,0.0165059639219566,-0.0165059639219566,1.005387061754474,1.053573458842131,0.947581974941984
红色区间2,2024-06-25,2024-06-24,0,-1,0转-1持有,0,0,1,0,-0.0,0.0094017698243757,-0.0094017698243757,1.005387061754474,1.0629752286665068,0.9381802051176084
红色区间2,2024-06-26,2024-06-25,-1,-1,基础-1,0,0,0,0,-0.0114986848274516,-0.0114986848274516,0.0114986848274516,0.9938883769270225,1.0514765438390552,0.9496788899450599
红色区间2,2024-06-27,2024-06-26,-1,-1,基础-1,0,0,0,0,0.0168682552424151,0.0168682552424151,-0.0168682552424151,1.0107566321694377,1.0683447990814703,0.9328106347026448
红色区间2,2024-06-28,2024-06-27,-1,-1,基础-1,0,0,0,0,-0.0059245898803403,-0.0059245898803403,0.0059245898803403,1.0048320422890973,1.06242020920113,0.9387352245829851
红色区间2,2024-07-01,2024-06-28,-1,-1,基础-1,0,0,0,0,-0.0114869438036233,-0.0114869438036233,0.0114869438036233,0.993345098485474,1.0509332653975068,0.9502221683866084
红色区间2,2024-07-02,2024-07-01,-1,-1,基础-1,0,0,0,0,0.0110339895464436,0.0110339895464436,-0.0110339895464436,1.0043790880319177,1.0619672549439503,0.9391881788401648
红色区间2,2024-07-03,2024-07-02,0,0,基础0,0,0,0,0,-0.0,-0.0,-0.0056533350976668,1.0043790880319177,1.0619672549439503,0.9335348437424981
红色区间2,2024-07-04,2024-07-03,0,0,基础0,0,0,0,0,-0.0,-0.0,-0.0180131480570362,1.0043790880319177,1.0619672549439503,0.9155216956854618
红色区间2,2024-07-05,2024-07-04,-1,-1,基础-1,0,0,0,0,-0.0058319528150603,-0.0058319528150603,0.0058319528150603,0.9985471352168573,1.05613530212889,0.9213536485005221
红色区间2,2024-07-08,2024-07-05,-1,-1,基础-1,0,0,0,0,0.0168233452394568,0.0168233452394568,-0.0168233452394568,1.0153704804563142,1.0729586473683468,0.9045303032610653
红色区间2,2024-07-09,2024-07-08,-1,-1,基础-1,0,0,0,0,-0.0172072277313082,-0.0172072277313082,0.0172072277313082,0.998163252725006,1.0557514196370386,0.9217375309923735
红色区间2,2024-07-10,2024-07-09,-1,-1,基础-1,0,0,0,0,-0.0093314994617581,-0.0093314994617581,0.0093314994617581,0.9888317532632478,1.0464199201752804,0.9310690304541316
红色区间2,2024-07-11,2024-07-10,-1,-1,基础-1,0,0,0,0,-0.0049299477324293,-0.0049299477324293,0.0049299477324293,0.9839018055308185,1.0414899724428512,0.935998978186561
红色区间2,2024-07-12,2024-07-11,-1,0,-1退出到0,0,1,0,0,0.0047625714504452,-0.0,-0.0047625714504452,0.9886643769812637,1.0414899724428512,0.9312364067361157
红色区间2,2024-07-15,2024-07-12,0,0,基础0,0,0,0,0,-0.0,-0.0,-0.0052850035508194,0.9886643769812637,1.0414899724428512,0.9259514031852963
红色区间2,2024-07-16,2024-07-15,0,0,基础0,0,0,0,0,0.0,0.0,0.0032419010903106,0.9886643769812637,1.0414899724428512,0.9291933042756069
红色区间2,2024-07-17,2024-07-16,0,0,基础0,0,0,0,0,-0.0,-0.0,-0.0145672130684557,0.9886643769812637,1.0414899724428512,0.9146260912071512
红色区间2,2024-07-18,2024-07-17,0,0,基础0,0,0,0,0,0.0,0.0,0.0064104240401798,0.9886643769812637,1.0414899724428512,0.921036515247331
红色区间2,2024-07-19,2024-07-18,0,0,基础0,0,0,0,0,0.0,0.0,0.0040374674673135,0.9886643769812637,1.0414899724428512,0.9250739827146445
红色区间2,2024-07-22,2024-07-19,0,0,基础0,0,0,0,0,-0.0,-0.0,-0.0019836695380622,0.9886643769812637,1.0414899724428512,0.9230903131765823
红色区间2,2024-07-23,2024-07-22,0,0,基础0,0,0,0,0,-0.0,-0.0,-0.030985896377533,0.9886643769812637,1.0414899724428512,0.8921044167990493
红色区间2,2024-07-24,2024-07-23,0,-1,0转-1持有,0,0,1,0,-0.0,0.0144017756134123,-0.0144017756134123,0.9886643769812637,1.0558917480562635,0.877702641185637
红色区间2,2024-07-25,2024-07-24,0,-1,0转-1持有,0,0,1,0,0.0,-0.0056034102157431,0.0056034102157431,0.9886643769812637,1.0502883378405203,0.8833060514013801
红色区间2,2024-07-26,2024-07-25,0,0,基础0,0,0,0,0,0.0,0.0,0.014999144728417,0.9886643769812637,1.0502883378405203,0.8983051961297971
红色区间2,2024-07-29,2024-07-26,0,1,0转+1持有,0,0,0,1,-0.0,-0.0096981984386032,-0.0096981984386032,0.9886643769812637,1.0405901394019172,0.8886069976911939
红色区间2,2024-07-30,2024-07-29,0,1,0转+1持有,0,0,0,1,0.0,4.347617981426133e-05,4.347617981426133e-05,0.9886643769812637,1.0406336155817315,0.8886504738710082
红色区间2,2024-07-31,2024-07-30,0,1,0转+1持有,0,0,0,1,0.0,0.0424182329765245,0.0424182329765245,0.9886643769812637,1.0830518485582559,0.9310687068475326
红色区间2,2024-08-01,2024-07-31,0,1,0转+1持有,0,0,0,1,-0.0,-0.0157204800805024,-0.0157204800805024,0.9886643769812637,1.0673313684777535,0.9153482267670303
红色区间2,2024-08-02,2024-08-01,0,0,基础0,0,0,0,0,-0.0,-0.0,-0.0126348759104566,0.9886643769812637,1.0673313684777535,0.9027133508565737
红色区间2,2024-08-05,2024-08-02,0,0,基础0,0,0,0,0,-0.0,-0.0,-0.0032845567737517,0.9886643769812637,1.0673313684777535,0.899428794082822
红色区间2,2024-08-06,2024-08-05,0,0,基础0,0,0,0,0,0.0,0.0,0.0015876960642946,0.9886643769812637,1.0673313684777535,0.9010164901471166
红色区间2,2024-08-07,2024-08-06,0,0,基础0,0,0,0,0,-0.0,-0.0,-0.0022931013424802,0.9886643769812637,1.0673313684777535,0.8987233888046363
红色区间2,2024-08-08,2024-08-07,0,0,基础0,0,0,0,0,0.0,0.0,0.0086897391727207,0.9886643769812637,1.0673313684777535,0.9074131279773571
红色区间2,2024-08-09,2024-08-08,0,0,基础0,0,0,0,0,-0.0,-0.0,-0.0128281719810454,0.9886643769812637,1.0673313684777535,0.8945849559963117
红色区间2,2024-08-12,2024-08-09,0,0,基础0,0,0,0,0,-0.0,-0.0,-0.0006361511825253,0.9886643769812637,1.0673313684777535,0.8939488048137864
红色区间2,2024-08-13,2024-08-12,0,0,基础0,0,0,0,0,0.0,0.0,0.0033633719150512,0.9886643769812637,1.0673313684777535,0.8973121767288376
红色区间2,2024-08-14,2024-08-13,0,-1,0转-1持有,0,0,1,0,-0.0,0.015459295169836,-0.015459295169836,0.9886643769812637,1.0827906636475895,0.8818528815590015
红色区间2,2024-08-15,2024-08-14,0,-1,0转-1持有,0,0,1,0,0.0,-0.0100734963316257,0.0100734963316257,0.9886643769812637,1.072717167315964,0.8919263778906272
红色区间2,2024-08-16,2024-08-15,0,0,基础0,0,0,0,0,-0.0,-0.0,-0.0079244337778251,0.9886643769812637,1.072717167315964,0.8840019441128022
红色区间2,2024-08-19,2024-08-16,0,0,基础0,0,0,0,0,0.0,0.0,0.0038497056402431,0.9886643769812637,1.072717167315964,0.8878516497530453
红色区间2,2024-08-20,2024-08-19,0,0,基础0,0,0,0,0,-0.0,-0.0,-0.0203245747897847,0.9886643769812637,1.072717167315964,0.8675270749632605
红色区间2,2024-08-21,2024-08-20,0,0,基础0,0,0,0,0,0.0,0.0,8.871042691827036e-05,0.9886643769812637,1.072717167315964,0.8676157853901788
红色区间2,2024-08-22,2024-08-21,0,0,基础0,0,0,0,0,-0.0,-0.0,-0.0142727884955374,0.9886643769812637,1.072717167315964,0.8533429968946414
红色区间2,2024-08-23,2024-08-22,0,0,基础0,0,0,0,0,0.0,0.0,0.0041701456194416,0.9886643769812637,1.072717167315964,0.8575131425140831
红色区间2,2024-08-26,2024-08-23,0,-1,0转-1持有,0,0,1,0,-0.0,0.0022827708135347,-0.0022827708135347,0.9886643769812637,1.0749999381294986,0.8552303717005483
红色区间2,2024-08-27,2024-08-26,0,-1,0转-1持有,0,0,1,0,-0.0,0.0101610901796257,-0.0101610901796257,0.9886643769812637,1.0851610283091242,0.8450692815209226
红色区间2,2024-08-28,2024-08-27,0,0,基础0,0,0,0,0,-0.0,-0.0,-0.0006414229787236,0.9886643769812637,1.0851610283091242,0.844427858542199
红色区间2,2024-08-29,2024-08-28,0,0,基础0,0,0,0,0,0.0,0.0,0.0164931681197328,0.9886643769812637,1.0851610283091242,0.8609210266619318
红色区间2,2024-08-30,2024-08-29,0,0,基础0,0,0,0,0,0.0,0.0,0.0163244930654327,0.9886643769812637,1.0851610283091242,0.8772455197273645
红色区间2,2024-09-02,2024-08-30,0,0,基础0,0,0,0,0,-0.0,-0.0,-0.0191455977582246,0.9886643769812637,1.0851610283091242,0.85809992196914
红色区间2,2024-09-03,2024-09-02,0,0,基础0,0,0,0,0,0.0,0.0,0.0053851675853324,0.9886643769812637,1.0851610283091242,0.8634850895544723
红色区间2,2024-09-04,2024-09-03,0,0,基础0,0,0,0,0,0.0,0.0,0.0038272991544208,0.9886643769812637,1.0851610283091242,0.8673123887088932
红色区间2,2024-09-05,2024-09-04,0,0,基础0,0,0,0,0,0.0,0.0,0.0052722608161093,0.9886643769812637,1.0851610283091242,0.8725846495250025
红色区间2,2024-09-06,2024-09-05,0,0,基础0,0,0,0,0,-0.0,-0.0,-0.0199108900990833,0.9886643769812637,1.0851610283091242,0.852673759425919
红色区间2,2024-09-09,2024-09-06,0,0,基础0,0,0,0,0,-0.0,-0.0,-0.0018244781293502,0.9886643769812637,1.0851610283091242,0.8508492812965689
红色区间2,2024-09-10,2024-09-09,0,0,基础0,0,0,0,0,-0.0,-0.0,-0.0042438515612407,0.9886643769812637,1.0851610283091242,0.8466054297353283
红色区间2,2024-09-11,2024-09-10,0,0,基础0,0,0,0,0,0.0,0.0,0.0064143212575102,0.9886643769812637,1.0851610283091242,0.8530197509928384
红色区间2,2024-09-12,2024-09-11,0,-1,0转-1持有,0,0,1,0,-0.0,0.0041144829720952,-0.0041144829720952,0.9886643769812637,1.0892755112812194,0.8489052680207432
红色区间2,2024-09-13,2024-09-12,0,-1,0转-1持有,0,0,1,0,-0.0,0.0111781079478159,-0.0111781079478159,0.9886643769812637,1.1004536192290353,0.8377271600729272
红色区间3,2025-03-03,2025-02-28,1,1,基础+1,0,0,0,0,-0.0051874145606561,-0.0051874145606561,-0.0051874145606561,0.9948125854393439,0.9948125854393439,0.9948125854393439
红色区间3,2025-03-04,2025-03-03,1,1,基础+1,0,0,0,0,0.01567644367147,0.01567644367147,0.01567644367147,1.010489029110814,1.010489029110814,1.010489029110814
红色区间3,2025-03-05,2025-03-04,1,1,基础+1,0,0,0,0,0.0072884650865503,0.0072884650865503,0.0072884650865503,1.0177774941973643,1.0177774941973643,1.0177774941973643
红色区间3,2025-03-06,2025-03-05,1,1,基础+1,0,0,0,0,0.0081937103727092,0.0081937103727092,0.0081937103727092,1.0259712045700733,1.0259712045700733,1.0259712045700733
红色区间3,2025-03-07,2025-03-06,1,1,基础+1,0,0,0,0,-0.0011112085414136,-0.0011112085414136,-0.0011112085414136,1.0248599960286597,1.0248599960286597,1.0248599960286597
红色区间3,2025-03-10,2025-03-07,1,1,基础+1,0,0,0,0,-0.0129944944456135,-0.0129944944456135,-0.0129944944456135,1.0118655015830462,1.0118655015830462,1.0118655015830462
红色区间3,2025-03-11,2025-03-10,1,1,基础+1,0,0,0,0,0.0208525821284117,0.0208525821284117,0.0208525821284117,1.032718083711458,1.032718083711458,1.032718083711458
红色区间3,2025-03-12,2025-03-11,1,1,基础+1,0,0,0,0,-0.0058535757885279,-0.0058535757885279,-0.0058535757885279,1.0268645079229302,1.0268645079229302,1.0268645079229302
红色区间3,2025-03-13,2025-03-12,1,1,基础+1,0,0,0,0,-0.006445423140903,-0.006445423140903,-0.006445423140903,1.0204190847820271,1.0204190847820271,1.0204190847820271
红色区间3,2025-03-14,2025-03-13,1,1,基础+1,0,0,0,0,0.0209604312013429,0.0209604312013429,0.0209604312013429,1.04137951598337,1.04137951598337,1.04137951598337
红色区间3,2025-03-17,2025-03-14,1,1,基础+1,0,0,0,0,0.0010506067841227,0.0010506067841227,0.0010506067841227,1.0424301227674928,1.0424301227674928,1.0424301227674928
红色区间3,2025-03-18,2025-03-17,1,1,基础+1,0,0,0,0,-0.0014058683987101,-0.0014058683987101,-0.0014058683987101,1.0410242543687827,1.0410242543687827,1.0410242543687827
红色区间3,2025-03-19,2025-03-18,1,1,基础+1,0,0,0,0,-0.003691210971129,-0.003691210971129,-0.003691210971129,1.0373330433976535,1.0373330433976535,1.0373330433976535
红色区间3,2025-03-20,2025-03-19,1,1,基础+1,0,0,0,0,-0.0091639282038227,-0.0091639282038227,-0.0091639282038227,1.0281691151938308,1.0281691151938308,1.0281691151938308
红色区间3,2025-03-21,2025-03-20,1,1,基础+1,0,0,0,0,-0.0109195910395544,-0.0109195910395544,-0.0109195910395544,1.0172495241542765,1.0172495241542765,1.0172495241542765
红色区间3,2025-03-24,2025-03-21,1,1,基础+1,0,0,0,0,-0.0006077635490069,-0.0006077635490069,-0.0006077635490069,1.0166417606052696,1.0166417606052696,1.0166417606052696
红色区间3,2025-03-25,2025-03-24,0,0,基础0,0,0,0,0,-0.0,-0.0,-0.0056224424216746,1.0166417606052696,1.0166417606052696,1.011019318183595
红色区间3,2025-03-26,2025-03-25,0,0,基础0,0,0,0,0,-0.0,-0.0,-0.0005622106218688,1.0166417606052696,1.0166417606052696,1.0104571075617261
红色区间3,2025-03-27,2025-03-26,0,-1,0转-1持有,0,0,1,0,0.0,-0.0037443132269416,0.0037443132269416,1.0166417606052696,1.012897447378328,1.0142014207886678
红色区间3,2025-03-28,2025-03-27,0,-1,0转-1持有,0,0,1,0,-0.0,0.0113814905821837,-0.0113814905821837,1.0166417606052696,1.0242789379605117,1.0028199302064842
红色区间3,2025-03-31,2025-03-28,0,0,基础0,0,0,0,0,-0.0,-0.0,-0.0027201834020842,1.0166417606052696,1.0242789379605117,1.0000997468044
红色区间3,2025-04-01,2025-03-31,0,0,基础0,0,0,0,0,0.0,0.0,0.0023761261905754,1.0166417606052696,1.0242789379605117,1.0024758729949752
红色区间3,2025-04-02,2025-04-01,0,0,基础0,0,0,0,0,-0.0,-0.0,-0.0071837845806019,1.0166417606052696,1.0242789379605117,0.9952920884143734
红色区间3,2025-04-03,2025-04-02,0,-1,0转-1持有,0,0,1,0,-0.0,0.0545394497640071,-0.0545394497640071,1.0166417606052696,1.0788183877245188,0.9407526386503663
红色区间3,2025-04-07,2025-04-03,0,-1,0转-1持有,0,0,1,0,-0.0,0.0442086548144524,-0.0442086548144524,1.0166417606052696,1.1230270425389712,0.8965439838359139
红色区间3,2025-04-08,2025-04-07,0,-1,0转-1持有,0,0,1,0,-0.0,0.0056958118107185,-0.0056958118107185,1.0166417606052696,1.1287228543496897,0.8908481720251954
红色区间3,2025-04-09,2025-04-08,0,0,基础0,0,0,0,0,0.0,0.0,0.0542651509259384,1.0166417606052696,1.1287228543496897,0.9451133229511338
红色区间3,2025-04-10,2025-04-09,0,0,基础0,0,0,0,0,-0.0,-0.0,-0.003680690728927,1.0166417606052696,1.1287228543496897,0.9414326322222069
红色区间3,2025-04-11,2025-04-10,0,0,基础0,0,0,0,0,0.0,0.0,0.0216879076302802,1.0166417606052696,1.1287228543496897,0.963120539852487
红色区间3,2025-04-14,2025-04-11,0,-1,0转-1持有,0,0,1,0,-0.0,0.0015582257820824,-0.0015582257820824,1.0166417606052696,1.130281080131772,0.9615623140704046
红色区间3,2025-04-15,2025-04-14,0,-1,0转-1持有,0,0,1,0,-0.0,0.0062619727767135,-0.0062619727767135,1.0166417606052696,1.1365430529084857,0.9553003412936911
红色区间3,2025-04-16,2025-04-15,0,0,基础0,0,0,0,0,-0.0,-0.0,-0.0111250236123018,1.0166417606052696,1.1365430529084857,0.9441753176813893
红色区间3,2025-04-17,2025-04-16,0,0,基础0,0,0,0,0,0.0,0.0,0.0035053428795059,1.0166417606052696,1.1365430529084857,0.9476806605608952
红色区间3,2025-04-18,2025-04-17,0,0,基础0,0,0,0,0,0.0,0.0,0.0017209405948108,1.0166417606052696,1.1365430529084857,0.949401601155706
红色区间3,2025-04-21,2025-04-18,0,0,基础0,0,0,0,0,0.0,0.0,0.0141061499617585,1.0166417606052696,1.1365430529084857,0.9635077511174646
红色区间3,2025-04-22,2025-04-21,0,0,基础0,0,0,0,0,0.0,0.0,0.0023108155937494,1.0166417606052696,1.1365430529084857,0.9658185667112139
红色区间3,2025-04-23,2025-04-22,0,0,基础0,0,0,0,0,-0.0,-0.0,-0.0026365128595776,1.0166417606052696,1.1365430529084857,0.9631820538516364
红色区间3,2025-04-24,2025-04-23,0,0,基础0,0,0,0,0,-0.0,-0.0,-0.0035297737059172,1.0166417606052696,1.1365430529084857,0.9596522801457191
红色区间3,2025-04-25,2025-04-24,0,0,基础0,0,0,0,0,0.0,0.0,0.0020088397214057,1.0166417606052696,1.1365430529084857,0.9616611198671248
红色区间3,2025-04-28,2025-04-25,0,0,基础0,0,0,0,0,-0.0,-0.0,-0.0072359504806239,1.0166417606052696,1.1365430529084857,0.9544251693865009
红色区间3,2025-04-29,2025-04-28,0,0,基础0,0,0,0,0,0.0,0.0,0.0037493114355726,1.0166417606052696,1.1365430529084857,0.9581744808220735
红色区间3,2025-04-30,2025-04-29,0,0,基础0,0,0,0,0,0.0,0.0,0.0114587811196968,1.0166417606052696,1.1365430529084857,0.9696332619417704
红色区间3,2025-05-06,2025-04-30,0,0,基础0,0,0,0,0,0.0,0.0,0.0241282037522709,1.0166417606052696,1.1365430529084857,0.9937614656940412
红色区间3,2025-05-07,2025-05-06,0,0,基础0,0,0,0,0,-0.0,-0.0,-0.0127359078801775,1.0166417606052696,1.1365430529084857,0.9810255578138637
红色区间3,2025-05-08,2025-05-07,0,0,基础0,0,0,0,0,0.0,0.0,0.0067563190546942,1.0166417606052696,1.1365430529084857,0.9877818768685579
红色区间3,2025-05-09,2025-05-08,0,0,基础0,0,0,0,0,-0.0,-0.0,-0.0032933011532393,1.0166417606052696,1.1365430529084857,0.9844885757153186
红色区间3,2025-05-12,2025-05-09,0,0,基础0,0,0,0,0,0.0,0.0,0.0150565670785729,1.0166417606052696,1.1365430529084857,0.9995451427938915
红色区间3,2025-05-13,2025-05-12,0,0,基础0,0,0,0,0,-0.0,-0.0,-0.0102697241867771,1.0166417606052696,1.1365430529084857,0.9892754186071144
红色区间3,2025-05-14,2025-05-13,0,0,基础0,0,0,0,0,0.0,0.0,0.0015064175912717,1.0166417606052696,1.1365430529084857,0.9907818361983861
红色区间3,2025-05-15,2025-05-14,0,0,基础0,0,0,0,0,-0.0,-0.0,-0.0143513063639345,1.0166417606052696,1.1365430529084857,0.9764305298344516
红色区间3,2025-05-16,2025-05-15,0,0,基础0,0,0,0,0,0.0,0.0,0.0027530554800982,1.0166417606052696,1.1365430529084857,0.9791835853145499
红色区间3,2025-05-19,2025-05-16,0,-1,0转-1持有,0,0,1,0,0.0,-0.0007111537757529,0.0007111537757529,1.0166417606052696,1.1358318991327327,0.9798947390903027
红色区间3,2025-05-20,2025-05-19,0,-1,0转-1持有,0,0,1,0,0.0,-0.0031768991922869,0.0031768991922869,1.0166417606052696,1.1326549999404458,0.9830716382825896
红色区间3,2025-05-21,2025-05-20,0,0,基础0,0,0,0,0,-0.0,-0.0,-0.00043499399175,1.0166417606052696,1.1326549999404458,0.9826366442908396
红色区间3,2025-05-22,2025-05-21,0,0,基础0,0,0,0,0,-0.0,-0.0,-0.007327635677705,1.0166417606052696,1.1326549999404458,0.9753090086131346
红色区间3,2025-05-23,2025-05-22,0,0,基础0,0,0,0,0,-0.0,-0.0,-0.0077108741054847,1.0166417606052696,1.1326549999404458,0.9675981345076499
红色区间3,2025-05-26,2025-05-23,0,0,基础0,0,0,0,0,0.0,0.0,0.0023166322446077,1.0166417606052696,1.1326549999404458,0.9699147667522576
红色区间3,2025-05-27,2025-05-26,0,-1,0转-1持有,0,0,1,0,-0.0,0.0025461400076631,-0.0025461400076631,1.0166417606052696,1.135201139948109,0.9673686267445945
红色区间3,2025-05-28,2025-05-27,0,-1,0转-1持有,0,0,1,0,-0.0,0.0026207583659619,-0.0026207583659619,1.0166417606052696,1.1378218983140709,0.9647478683786326
红色区间3,2025-05-29,2025-05-28,0,0,基础0,0,0,0,0,0.0,0.0,0.0120111654591497,1.0166417606052696,1.1378218983140709,0.9767590338377823
红色区间3,2025-05-30,2025-05-29,0,1,0转+1持有,0,0,0,1,-0.0,-0.0089567661874596,-0.0089567661874596,1.0166417606052696,1.1288651321266112,0.9678022676503227
红色区间3,2025-06-03,2025-05-30,0,1,0转+1持有,0,0,0,1,0.0,0.0075870123903662,0.0075870123903662,1.0166417606052696,1.1364521445169773,0.9753892800406889
红色区间3,2025-06-04,2025-06-03,0,1,0转+1持有,0,0,0,1,0.0,0.0078048029329653,0.0078048029329653,1.0166417606052696,1.1442569474499427,0.9831940829736542
红色区间3,2025-06-05,2025-06-04,0,1,0转+1持有,0,0,0,1,0.0,0.0047672806018181,0.0047672806018181,1.0166417606052696,1.1490242280517609,0.9879613635754723
红色区间3,2025-06-06,2025-06-05,0,1,0转+1持有,0,0,0,1,0.0,0.0007593614928398,0.0007593614928398,1.0166417606052696,1.1497835895446005,0.9887207250683121
红色区间3,2025-06-09,2025-06-06,0,0,基础0,0,0,0,0,0.0,0.0,0.0064178965999601,1.0166417606052696,1.1497835895446005,0.9951386216682722
红色区间3,2025-06-10,2025-06-09,0,0,基础0,0,0,0,0,-0.0,-0.0,-0.0088297962265081,1.0166417606052696,1.1497835895446005,0.9863088254417641
红色区间3,2025-06-11,2025-06-10,0,0,基础0,0,0,0,0,0.0,0.0,0.0038965335016911,1.0166417606052696,1.1497835895446005,0.9902053589434552
红色区间3,2025-06-12,2025-06-11,0,0,基础0,0,0,0,0,0.0,0.0,0.000378656373579,1.0166417606052696,1.1497835895446005,0.9905840153170342
红色区间3,2025-06-13,2025-06-12,0,0,基础0,0,0,0,0,-0.0,-0.0,-0.010055599399359,1.0166417606052696,1.1497835895446005,0.9805284159176753
红色区间3,2025-06-16,2025-06-13,0,-1,0转-1持有,0,0,1,0,0.0,-0.00826079930894,0.00826079930894,1.0166417606052696,1.1415227902356606,0.9887892152266152
红色区间3,2025-06-17,2025-06-16,0,-1,0转-1持有,0,0,1,0,-0.0,0.0055680443275951,-0.0055680443275951,1.0166417606052696,1.1470908345632558,0.9832211708990201
红色区间3,2025-06-18,2025-06-17,0,0,基础0,0,0,0,0,-0.0,-0.0,-0.0011060327354192,1.0166417606052696,1.1470908345632558,0.9821151381636009
红色区间3,2025-06-19,2025-06-18,0,0,基础0,0,0,0,0,-0.0,-0.0,-0.0112868644266144,1.0166417606052696,1.1470908345632558,0.9708282737369865
红色区间3,2025-06-20,2025-06-19,0,0,基础0,0,0,0,0,-0.0,-0.0,-0.0098444016615648,1.0166417606052696,1.1470908345632558,0.9609838720754217
红色区间3,2025-06-23,2025-06-20,0,0,基础0,0,0,0,0,0.0,0.0,0.0125026515239847,1.0166417606052696,1.1470908345632558,0.9734865235994064
红色区间3,2025-06-24,2025-06-23,0,0,基础0,0,0,0,0,0.0,0.0,0.0165881634613491,1.0166417606052696,1.1470908345632558,0.9900746870607555
红色区间3,2025-06-25,2025-06-24,0,0,基础0,0,0,0,0,0.0,0.0,0.0156725629278879,1.0166417606052696,1.1470908345632558,1.0057472499886435
红色区间3,2025-06-26,2025-06-25,0,0,基础0,0,0,0,0,-0.0,-0.0,-0.0030447017261785,1.0166417606052696,1.1470908345632558,1.002702548262465
红色区间3,2025-06-27,2025-06-26,0,1,0转+1持有,0,0,0,1,0.0,0.0046577127419731,0.0046577127419731,1.0166417606052696,1.1517485473052287,1.007360261004438
红色区间3,2025-06-30,2025-06-27,1,1,基础+1,0,0,0,0,0.0064871741458034,0.0064871741458034,0.0064871741458034,1.023128934751073,1.1582357214510322,1.0138474351502413
红色区间3,2025-07-01,2025-06-30,1,1,基础+1,0,0,0,0,0.0011387124486184,0.0011387124486184,0.0011387124486184,1.0242676471996914,1.1593744338996506,1.0149861475988597
红色区间3,2025-07-02,2025-07-01,1,1,基础+1,0,0,0,0,-0.0044407292971409,-0.0044407292971409,-0.0044407292971409,1.0198269179025505,1.1549337046025097,1.0105454183017188
红色区间3,2025-07-03,2025-07-02,1,1,基础+1,0,0,0,0,0.0036485453281134,0.0036485453281134,0.0036485453281134,1.023475463230664,1.158582249930623,1.0141939636298323
红色区间3,2025-07-04,2025-07-03,1,1,基础+1,0,0,0,0,-0.0027630757823112,-0.0027630757823112,-0.0027630757823112,1.0207123874483528,1.155819174148312,1.011430887847521
红色区间3,2025-07-07,2025-07-04,1,1,基础+1,0,0,0,0,0.0002880502052919,0.0002880502052919,0.0002880502052919,1.0210004376536446,1.156107224353604,1.011718938052813
红色区间3,2025-07-08,2025-07-07,1,1,基础+1,0,0,0,0,0.0131360433786866,0.0131360433786866,0.0131360433786866,1.0341364810323312,1.1692432677322904,1.0248549814314996
红色区间3,2025-07-09,2025-07-08,1,1,基础+1,0,0,0,0,-0.0049625750238883,-0.0049625750238883,-0.0049625750238883,1.0291739060084428,1.1642806927084022,1.0198924064076114
红色区间3,2025-07-10,2025-07-09,1,1,基础+1,0,0,0,0,0.0058575198979888,0.0058575198979888,0.0058575198979888,1.0350314259064317,1.1701382126063908,1.0257499263056
红色区间3,2025-07-11,2025-07-10,1,1,基础+1,0,0,0,0,0.0079111252125774,0.0079111252125774,0.0079111252125774,1.0429425511190091,1.1780493378189683,1.0336610515181774
红色区间3,2025-07-14,2025-07-11,1,1,基础+1,0,0,0,0,-0.0024117968204552,-0.0024117968204552,-0.0024117968204552,1.0405307542985538,1.1756375409985131,1.0312492546977223
红色区间3,2025-07-15,2025-07-14,1,1,基础+1,0,0,0,0,0.0001576937625344,0.0001576937625344,0.0001576937625344,1.0406884480610883,1.1757952347610474,1.0314069484602566
