问题图区间,实际执行日,推定形成日,原始状态,调整后三状态,调整原因,+1反转,-1反转,0转-1,0转+1,原始策略日收益,调整策略日收益,指数日收益,局部原始三状态_NAV,局部加入四反转_NAV,局部普通指数_NAV
红色区间1,2023-11-01,2023-10-31,0,1,0转+1持有,0,0,0,1,-0.0,-0.003680489812233345,-0.003680489812233345,1.0,0.9963195101877667,0.9963195101877667
红色区间1,2023-11-02,2023-11-01,0,1,0转+1持有,0,0,0,1,-0.0,-0.009497331878845161,-0.009497331878845161,1.0,0.9868221783089215,0.9868221783089215
红色区间1,2023-11-03,2023-11-02,0,0,基础0,0,0,0,0,0.0,0.0,0.015954705697982297,1.0,0.9868221783089215,1.0027768840069038
红色区间1,2023-11-06,2023-11-03,0,0,基础0,0,0,0,0,0.0,0.0,0.008140823902383687,1.0,0.9868221783089215,1.0109177079092875
红色区间1,2023-11-07,2023-11-06,0,0,基础0,0,0,0,0,0.0,0.0,0.0015200733968083746,1.0,0.9868221783089215,1.0124377813060959
红色区间1,2023-11-08,2023-11-07,1,1,基础+1,0,0,0,0,-8.579377364936747e-05,-8.579377364936747e-05,-8.579377364936747e-05,0.9999142062263506,0.9867363845352721,1.0123519875324465
红色区间1,2023-11-09,2023-11-08,1,1,基础+1,0,0,0,0,-0.004489593020246319,-0.004489593020246319,-0.004489593020246319,0.9954246132061043,0.9822467915150258,1.0078623945122
红色区间1,2023-11-10,2023-11-09,1,1,基础+1,0,0,0,0,0.0021017915521011066,0.0021017915521011066,0.0021017915521011066,0.9975264047582054,0.9843485830671269,1.0099641860643014
红色区间1,2023-11-13,2023-11-10,1,1,基础+1,0,0,0,0,0.002491188365412844,0.002491188365412844,0.002491188365412844,1.0000175931236184,0.9868397714325398,1.012455374429714
红色区间1,2023-11-14,2023-11-13,1,1,基础+1,0,0,0,0,0.013308518218037024,0.013308518218037024,0.013308518218037024,1.0133261113416552,1.0001482896505767,1.0257638926477513
红色区间1,2023-11-15,2023-11-14,1,1,基础+1,0,0,0,0,-0.005370097733876422,-0.005370097733876422,-0.005370097733876422,1.007956013607779,0.9947781919167004,1.0203937949138746
红色区间1,2023-11-16,2023-11-15,1,1,基础+1,0,0,0,0,-0.008519174388987083,-0.008519174388987083,-0.008519174388987083,0.9994368392187918,0.9862590175277133,1.0118746205248876
红色区间1,2023-11-17,2023-11-16,1,1,基础+1,0,0,0,0,0.0065429554418476865,0.0065429554418476865,0.0065429554418476865,1.0059797946606395,0.992801972969561,1.0184175759667353
红色区间1,2023-11-20,2023-11-17,0,0,基础0,0,0,0,0,0.0,0.0,0.005958279374887576,1.0059797946606395,0.992801972969561,1.024375855341623
红色区间1,2023-11-21,2023-11-20,0,0,基础0,0,0,0,0,-0.0,-0.0,-0.008167622424684717,1.0059797946606395,0.992801972969561,1.0162082329169382
红色区间1,2023-11-22,2023-11-21,1,1,基础+1,0,0,0,0,-0.00998215943963765,-0.00998215943963765,-0.00998215943963765,0.9959976352210018,0.9828198135299233,1.0062260734773005
红色区间1,2023-11-23,2023-11-22,1,1,基础+1,0,0,0,0,0.00944638410190013,0.00944638410190013,0.00944638410190013,1.005444019322902,0.9922661976318234,1.0156724575792007
红色区间1,2023-11-24,2023-11-23,1,1,基础+1,0,0,0,0,-0.01006707450139821,-0.01006707450139821,-0.01006707450139821,0.9953769448215037,0.9821991231304252,1.0056053830778025
红色区间1,2023-11-27,2023-11-24,1,1,基础+1,0,0,0,0,-0.00021070518987675868,-0.00021070518987675868,-0.00021070518987675868,0.995166239631627,0.9819884179405485,1.0053946778879257
红色区间1,2023-11-28,2023-11-27,1,1,基础+1,0,0,0,0,0.004890232113142767,0.004890232113142767,0.004890232113142767,1.0000564717447697,0.9868786500536912,1.0102849100010685
红色区间1,2023-11-29,2023-11-28,0,-1,0转-1持有,0,0,1,0,-0.0,0.007201919548042501,-0.007201919548042501,1.0000564717447697,0.9940805696017337,1.0030829904530258
红色区间1,2023-11-30,2023-11-29,0,-1,0转-1持有,0,0,1,0,-0.0,0.001315304754922364,-0.001315304754922364,1.0000564717447697,0.9953958743566561,1.0017676856981037
红色区间1,2023-12-01,2023-11-30,0,0,基础0,0,0,0,0,0.0,0.0,0.006712323229552508,1.0000564717447697,0.9953958743566561,1.008480008927656
红色区间1,2023-12-04,2023-12-01,0,0,基础0,0,0,0,0,-0.0,-0.0,-0.006373416991422576,1.0000564717447697,0.9953958743566561,1.0021065919362335
红色区间1,2023-12-05,2023-12-04,0,0,基础0,0,0,0,0,-0.0,-0.0,-0.017032593728707357,1.0000564717447697,0.9953958743566561,0.9850739982075262
红色区间1,2023-12-06,2023-12-05,0,0,基础0,0,0,0,0,0.0,0.0,0.004920713798354681,1.0000564717447697,0.9953958743566561,0.9899947120058809
红色区间1,2023-12-07,2023-12-06,0,0,基础0,0,0,0,0,0.0,0.0,0.0017195688583488966,1.0000564717447697,0.9953958743566561,0.9917142808642297
红色区间1,2023-12-08,2023-12-07,0,0,基础0,0,0,0,0,-0.0,-0.0,-0.0020113286768137506,1.0000564717447697,0.9953958743566561,0.989702952187416
红色区间1,2023-12-11,2023-12-08,0,1,0转+1持有,0,0,0,1,0.0,0.015854882537824633,0.015854882537824633,1.0000564717447697,1.0112507568944809,1.0055578347252405
红色区间1,2023-12-12,2023-12-11,0,1,0转+1持有,0,0,0,1,-0.0,-0.0006095206031973,-0.0006095206031973,1.0000564717447697,1.0106412362912836,1.0049483141220432
红色区间1,2023-12-13,2023-12-12,0,1,0转+1持有,0,0,0,1,-0.0,-0.004329674201202893,-0.004329674201202893,1.0000564717447697,1.0063115620900804,1.0006186399208405
红色区间1,2023-12-14,2023-12-13,0,1,0转+1持有,0,0,0,1,-0.0,-0.00607572464351569,-0.00607572464351569,1.0000564717447697,1.000235837446565,0.9945429152773247
红色区间1,2023-12-15,2023-12-14,0,0,基础0,0,0,0,0,-0.0,-0.0,-0.011343191870078484,1.0000564717447697,1.000235837446565,0.9831997234072463
红色区间1,2023-12-18,2023-12-15,0,0,基础0,0,0,0,0,-0.0,-0.0,-0.010346572720547176,1.0000564717447697,1.000235837446565,0.9728531506866991
红色区间1,2023-12-19,2023-12-18,0,0,基础0,0,0,0,0,0.0,0.0,0.0009777475365539967,1.0000564717447697,1.000235837446565,0.9738308982232531
红色区间1,2023-12-20,2023-12-19,-1,-1,基础-1,0,0,0,0,0.018481726943854304,0.018481726943854304,-0.018481726943854304,1.0185381986886242,1.0187175643904192,0.9553491712793988
红色区间1,2023-12-21,2023-12-20,-1,-1,基础-1,0,0,0,0,-0.009633604807730123,-0.009633604807730123,0.009633604807730123,1.008904593880894,1.009083959582689,0.9649827760871289
红色区间1,2023-12-22,2023-12-21,-1,-1,基础-1,0,0,0,0,0.006708758848698815,0.006708758848698815,-0.006708758848698815,1.0156133527295927,1.015792718431388,0.9582740172384301
红色区间1,2023-12-25,2023-12-22,-1,-1,基础-1,0,0,0,0,-0.0021175600036478226,-0.0021175600036478226,0.0021175600036478226,1.013495792725945,1.01367515842774,0.9603915772420779
红色区间1,2023-12-26,2023-12-25,-1,-1,基础-1,0,0,0,0,0.009642749767405978,0.009642749767405978,-0.009642749767405978,1.023138542493351,1.023317908195146,0.9507488274746719
红色区间1,2023-12-27,2023-12-26,-1,-1,基础-1,0,0,0,0,-0.0036339914442644616,-0.0036339914442644616,0.0036339914442644616,1.0195045510490863,1.0196839167508815,0.9543828189189364
红色区间1,2023-12-28,2023-12-27,0,0,基础0,0,0,0,0,0.0,0.0,0.0182336764147355,1.0195045510490863,1.0196839167508815,0.9726164953336719
红色区间1,2023-12-29,2023-12-28,0,0,基础0,0,0,0,0,0.0,0.0,0.010136104734541407,1.0195045510490863,1.0196839167508815,0.9827526000682133
红色区间1,2024-01-02,2023-12-29,0,0,基础0,0,0,0,0,-0.0,-0.0,-0.0061096625184038356,1.0195045510490863,1.0196839167508815,0.9766429375498095
红色区间1,2024-01-03,2024-01-02,0,0,基础0,0,0,0,0,-0.0,-0.0,-0.0005837214605896035,1.0195045510490863,1.0196839167508815,0.9760592160892199
红色区间1,2024-01-04,2024-01-03,0,1,0转+1持有,0,0,0,1,-0.0,-0.008909884646612132,-0.008909884646612132,1.0195045510490863,1.0107740321042695,0.9671493314426077
红色区间1,2024-01-05,2024-01-04,0,1,0转+1持有,0,0,0,1,-0.0,-0.014744291769214102,-0.014744291769214102,1.0195045510490863,0.9960297403350553,0.9524050396733936
红色区间1,2024-01-08,2024-01-05,0,1,0转+1持有,0,0,0,1,-0.0,-0.017486125663478957,-0.017486125663478957,1.0195045510490863,0.9785436146715764,0.9349189140099147
红色区间1,2024-01-09,2024-01-08,0,1,0转+1持有,0,0,0,1,-0.0,-0.0016191687008991762,-0.0016191687008991762,1.0195045510490863,0.9769244459706772,0.9332997453090155
红色区间1,2024-01-10,2024-01-09,0,1,0转+1持有,0,0,0,1,-0.0,-0.0029747866757560137,-0.0029747866757560137,1.0195045510490863,0.9739496592949212,0.9303249586332595
红色区间1,2024-01-11,2024-01-10,0,0,基础0,0,0,0,0,0.0,0.0,0.011795878353973333,1.0195045510490863,0.9739496592949212,0.9421208369872328
红色区间1,2024-01-12,2024-01-11,0,0,基础0,0,0,0,0,-0.0,-0.0,-0.004528502960866709,1.0195045510490863,0.9739496592949212,0.9375923340263661
红色区间1,2024-01-15,2024-01-12,0,0,基础0,0,0,0,0,-0.0,-0.0,-0.00022327657203657925,1.0195045510490863,0.9739496592949212,0.9373690574543295
红色区间2,2024-04-15,2024-04-12,0,0,基础0,0,0,0,0,0.0,0.0,0.007411516588626377,1.0,1.0,1.0074115165886264
红色区间2,2024-04-16,2024-04-15,0,0,基础0,0,0,0,0,-0.0,-0.0,-0.018430975265960714,1.0,1.0,0.9889805413226657
红色区间2,2024-04-17,2024-04-16,0,0,基础0,0,0,0,0,0.0,0.0,0.020446155648763398,1.0,1.0,1.009426696971429
红色区间2,2024-04-18,2024-04-17,0,0,基础0,0,0,0,0,0.0,0.0,0.0008575352966544436,1.0,1.0,1.0102842322680834
红色区间2,2024-04-19,2024-04-18,0,1,0转+1持有,0,0,0,1,-0.0,-0.006191277446383259,-0.006191277446383259,1.0,0.9938087225536167,1.0040929548217004
红色区间2,2024-04-22,2024-04-19,0,1,0转+1持有,0,0,0,1,-0.0,-0.005981880840849052,-0.005981880840849052,1.0,0.9878268417127677,0.9981110739808512
红色区间2,2024-04-23,2024-04-22,0,1,0转+1持有,0,0,0,1,-0.0,-0.009050022385933332,-0.009050022385933332,1.0,0.9787768193268344,0.9890610515949179
红色区间2,2024-04-24,2024-04-23,0,1,0转+1持有,0,0,0,1,0.0,0.005815265878084119,0.005815265878084119,1.0,0.9845920852049185,0.994876317473002
红色区间2,2024-04-25,2024-04-24,0,0,零段同日冲突置0,0,0,1,1,0.0,0.0,0.0034162890025928316,1.0,0.9845920852049185,0.9982926064755948
红色区间2,2024-04-26,2024-04-25,0,0,零段同日冲突置0,0,0,1,1,0.0,0.0,0.02145668421711333,1.0,0.9845920852049185,1.0197492906927081
红色区间2,2024-04-29,2024-04-26,0,1,0转+1持有,0,0,0,1,0.0,0.01860946771010097,0.01860946771010097,1.0,1.0032015529150193,1.0383587584028091
红色区间2,2024-04-30,2024-04-29,0,1,0转+1持有,0,0,0,1,0.0,0.0049855171682184896,0.0049855171682184896,1.0,1.0081870700832378,1.0433442755710276
红色区间2,2024-05-06,2024-04-30,1,1,基础+1,0,0,0,0,0.0061615247454906985,0.0061615247454906985,0.0061615247454906985,1.0061615247454907,1.0143485948287285,1.0495058003165183
红色区间2,2024-05-07,2024-05-06,1,1,基础+1,0,0,0,0,-0.0028695540733975067,-0.0028695540733975067,-0.0028695540733975067,1.0032919706720933,1.0114790407553311,1.046636246243121
红色区间2,2024-05-08,2024-05-07,1,1,基础+1,0,0,0,0,-0.00998608216660879,-0.00998608216660879,-0.00998608216660879,0.9933058885054844,1.0014929585887224,1.036650164076512
红色区间2,2024-05-09,2024-05-08,1,1,基础+1,0,0,0,0,0.018463001889639452,0.018463001889639452,0.018463001889639452,1.0117688903951239,1.0199559604783617,1.0551131659661515
红色区间2,2024-05-10,2024-05-09,1,0,+1退出到0,1,0,0,0,-0.010618922956845966,-0.0,-0.010618922956845966,1.0011499674382778,1.0199559604783617,1.0444942430093054
红色区间2,2024-05-13,2024-05-10,1,0,+1退出到0,1,0,0,0,0.0009699391724191653,0.0,0.0009699391724191653,1.0021199066106972,1.0199559604783617,1.0454641821817248
红色区间2,2024-05-14,2024-05-13,1,1,基础+1,0,0,0,0,-0.0023435198287407033,-0.0023435198287407033,-0.0023435198287407033,0.9997763867819563,1.017612440649621,1.043120662352984
红色区间2,2024-05-15,2024-05-14,1,1,基础+1,0,0,0,0,-0.006268591040569871,-0.006268591040569871,-0.006268591040569871,0.9935077957413865,1.0113438496090512,1.036852071312414
红色区间2,2024-05-16,2024-05-15,0,0,基础0,0,0,0,0,-0.0,-0.0,-0.0077731849163127364,0.9935077957413865,1.0113438496090512,1.0290788863961013
红色区间2,2024-05-17,2024-05-16,0,1,0转+1持有,0,0,0,1,0.0,0.014419235760887217,0.014419235760887217,0.9935077957413865,1.0257630853699384,1.0434981221569886
红色区间2,2024-05-20,2024-05-17,0,1,0转+1持有,0,0,0,1,0.0,0.002673087189207779,0.002673087189207779,0.9935077957413865,1.0284361725591462,1.0461712093461963
红色区间2,2024-05-21,2024-05-20,0,1,0转+1持有,0,0,0,1,-0.0,-0.007162136628252491,-0.007162136628252491,0.9935077957413865,1.0212740359308938,1.0390090727179437
红色区间2,2024-05-22,2024-05-21,0,1,0转+1持有,0,0,0,1,-0.0,-0.004215909847237409,-0.004215909847237409,0.9935077957413865,1.0170581260836564,1.0347931628707063
红色区间2,2024-05-23,2024-05-22,0,0,基础0,0,0,0,0,-0.0,-0.0,-0.018431161743504454,0.9935077957413865,1.0170581260836564,1.0163620011272019
红色区间2,2024-05-24,2024-05-23,0,0,基础0,0,0,0,0,-0.0,-0.0,-0.0042365443833890515,0.9935077957413865,1.0170581260836564,1.012125456743813
红色区间2,2024-05-27,2024-05-24,0,0,基础0,0,0,0,0,0.0,0.0,0.007037223048005803,0.9935077957413865,1.0170581260836564,1.0191626797918187
红色区间2,2024-05-28,2024-05-27,0,0,基础0,0,0,0,0,-0.0,-0.0,-0.010205786330507394,0.9935077957413865,1.0170581260836564,1.0089568934613113
红色区间2,2024-05-29,2024-05-28,0,0,基础0,0,0,0,0,0.0,0.0,0.0014703142621783627,0.9935077957413865,1.0170581260836564,1.0104272077234897
红色区间2,2024-05-30,2024-05-29,0,0,基础0,0,0,0,0,-0.0,-0.0,-0.0010677341462544954,0.9935077957413865,1.0170581260836564,1.009359473577235
红色区间2,2024-05-31,2024-05-30,-1,-1,基础-1,0,0,0,0,0.0018707249925989933,0.0018707249925989933,-0.0018707249925989933,0.9953785207339855,1.0189288510762553,1.0074887485846362
红色区间2,2024-06-03,2024-05-31,-1,-1,基础-1,0,0,0,0,0.007085985667524275,0.007085985667524275,-0.007085985667524275,1.0024645064015099,1.0260148367437796,1.000402762917112
红色区间2,2024-06-04,2024-06-03,-1,-1,基础-1,0,0,0,0,-0.012471857562024402,-0.012471857562024402,0.012471857562024402,0.9899926488394853,1.0135429791817552,1.0128746204791363
红色区间2,2024-06-05,2024-06-04,-1,-1,基础-1,0,0,0,0,0.007008430571311952,0.007008430571311952,-0.007008430571311952,0.9970010794107973,1.0205514097530672,1.0058661899078243
红色区间2,2024-06-06,2024-06-05,-1,-1,基础-1,0,0,0,0,0.008385982343677045,0.008385982343677045,-0.008385982343677045,1.0053870617544742,1.0289373920967442,0.9974802075641473
红色区间2,2024-06-07,2024-06-06,0,0,基础0,0,0,0,0,-0.0,-0.0,-0.012336858462224654,1.0053870617544742,1.0289373920967442,0.9851433491019227
红色区间2,2024-06-11,2024-06-07,0,0,基础0,0,0,0,0,0.0,0.0,0.005156188925046878,1.0053870617544742,1.0289373920967442,0.9902995380269696
红色区间2,2024-06-12,2024-06-11,0,0,基础0,0,0,0,0,0.0,0.0,0.004372165939892092,1.0053870617544742,1.0289373920967442,0.9946717039668617
红色区间2,2024-06-13,2024-06-12,0,-1,0转-1持有,0,0,1,0,-0.0,0.009866550446513855,-0.009866550446513855,1.0053870617544742,1.038803942543258,0.9848051535203478
红色区间2,2024-06-14,2024-06-13,0,-1,0转-1持有,0,0,1,0,0.0,-0.001736447623083226,0.001736447623083226,1.0053870617544742,1.0370674949201748,0.986541601143431
红色区间2,2024-06-17,2024-06-14,0,0,基础0,0,0,0,0,0.0,0.0,0.0036023659526054352,1.0053870617544742,1.0370674949201748,0.9901439670960365
红色区间2,2024-06-18,2024-06-17,0,0,基础0,0,0,0,0,0.0,0.0,0.00527999572655613,1.0053870617544742,1.0370674949201748,0.9954239628225926
红色区间2,2024-06-19,2024-06-18,0,0,基础0,0,0,0,0,-0.0,-0.0,-0.014003483694834395,1.0053870617544742,1.0370674949201748,0.9814204791277582
红色区间2,2024-06-20,2024-06-19,0,0,基础0,0,0,0,0,-0.0,-0.0,-0.01593098347631894,1.0053870617544742,1.0370674949201748,0.9654894956514393
红色区间2,2024-06-21,2024-06-20,0,0,基础0,0,0,0,0,-0.0,-0.0,-0.001401556787498981,1.0053870617544742,1.0370674949201748,0.9640879388639403
红色区间2,2024-06-24,2024-06-21,0,-1,0转-1持有,0,0,1,0,-0.0,0.01650596392195669,-0.01650596392195669,1.0053870617544742,1.0535734588421315,0.9475819749419836
红色区间2,2024-06-25,2024-06-24,0,-1,0转-1持有,0,0,1,0,-0.0,0.009401769824375794,-0.009401769824375794,1.0053870617544742,1.0629752286665073,0.9381802051176078
红色区间2,2024-06-26,2024-06-25,-1,-1,基础-1,0,0,0,0,-0.011498684827451644,-0.011498684827451644,0.011498684827451644,0.9938883769270227,1.0514765438390556,0.9496788899450594
红色区间2,2024-06-27,2024-06-26,-1,-1,基础-1,0,0,0,0,0.016868255242415198,0.016868255242415198,-0.016868255242415198,1.010756632169438,1.068344799081471,0.9328106347026442
红色区间2,2024-06-28,2024-06-27,-1,-1,基础-1,0,0,0,0,-0.005924589880340392,-0.005924589880340392,0.005924589880340392,1.0048320422890975,1.0624202092011306,0.9387352245829846
红色区间2,2024-07-01,2024-06-28,-1,-1,基础-1,0,0,0,0,-0.011486943803623362,-0.011486943803623362,0.011486943803623362,0.9933450984854741,1.0509332653975072,0.950222168386608
红色区间2,2024-07-02,2024-07-01,-1,-1,基础-1,0,0,0,0,0.011033989546443634,0.011033989546443634,-0.011033989546443634,1.0043790880319179,1.0619672549439507,0.9391881788401644
红色区间2,2024-07-03,2024-07-02,0,0,基础0,0,0,0,0,-0.0,-0.0,-0.005653335097666856,1.0043790880319179,1.0619672549439507,0.9335348437424975
红色区间2,2024-07-04,2024-07-03,0,0,基础0,0,0,0,0,-0.0,-0.0,-0.018013148057036243,1.0043790880319179,1.0619672549439507,0.9155216956854613
红色区间2,2024-07-05,2024-07-04,-1,-1,基础-1,0,0,0,0,-0.005831952815060326,-0.005831952815060326,0.005831952815060326,0.9985471352168575,1.0561353021288904,0.9213536485005216
红色区间2,2024-07-08,2024-07-05,-1,-1,基础-1,0,0,0,0,0.016823345239456833,0.016823345239456833,-0.016823345239456833,1.0153704804563142,1.0729586473683472,0.9045303032610648
红色区间2,2024-07-09,2024-07-08,-1,-1,基础-1,0,0,0,0,-0.017207227731308228,-0.017207227731308228,0.017207227731308228,0.9981632527250061,1.055751419637039,0.921737530992373
红色区间2,2024-07-10,2024-07-09,-1,-1,基础-1,0,0,0,0,-0.009331499461758153,-0.009331499461758153,0.009331499461758153,0.9888317532632479,1.0464199201752808,0.9310690304541311
红色区间2,2024-07-11,2024-07-10,-1,-1,基础-1,0,0,0,0,-0.004929947732429385,-0.004929947732429385,0.004929947732429385,0.9839018055308185,1.0414899724428515,0.9359989781865605
红色区间2,2024-07-12,2024-07-11,-1,0,-1退出到0,0,1,0,0,0.00476257145044523,-0.0,-0.00476257145044523,0.9886643769812637,1.0414899724428515,0.9312364067361153
红色区间2,2024-07-15,2024-07-12,0,0,基础0,0,0,0,0,-0.0,-0.0,-0.0052850035508194,0.9886643769812637,1.0414899724428515,0.9259514031852959
红色区间2,2024-07-16,2024-07-15,0,0,基础0,0,0,0,0,0.0,0.0,0.0032419010903106393,0.9886643769812637,1.0414899724428515,0.9291933042756065
红色区间2,2024-07-17,2024-07-16,0,0,基础0,0,0,0,0,-0.0,-0.0,-0.014567213068455764,0.9886643769812637,1.0414899724428515,0.9146260912071508
红色区间2,2024-07-18,2024-07-17,0,0,基础0,0,0,0,0,0.0,0.0,0.006410424040179885,0.9886643769812637,1.0414899724428515,0.9210365152473307
红色区间2,2024-07-19,2024-07-18,0,0,基础0,0,0,0,0,0.0,0.0,0.0040374674673135935,0.9886643769812637,1.0414899724428515,0.9250739827146442
红色区间2,2024-07-22,2024-07-19,0,0,基础0,0,0,0,0,-0.0,-0.0,-0.0019836695380622826,0.9886643769812637,1.0414899724428515,0.923090313176582
红色区间2,2024-07-23,2024-07-22,0,0,基础0,0,0,0,0,-0.0,-0.0,-0.030985896377533018,0.9886643769812637,1.0414899724428515,0.892104416799049
红色区间2,2024-07-24,2024-07-23,0,-1,0转-1持有,0,0,1,0,-0.0,0.014401775613412382,-0.014401775613412382,0.9886643769812637,1.055891748056264,0.8777026411856366
红色区间2,2024-07-25,2024-07-24,0,-1,0转-1持有,0,0,1,0,0.0,-0.0056034102157431764,0.0056034102157431764,0.9886643769812637,1.0502883378405206,0.8833060514013797
红色区间2,2024-07-26,2024-07-25,0,0,基础0,0,0,0,0,0.0,0.0,0.014999144728417013,0.9886643769812637,1.0502883378405206,0.8983051961297968
红色区间2,2024-07-29,2024-07-26,0,1,0转+1持有,0,0,0,1,-0.0,-0.0096981984386032,-0.0096981984386032,0.9886643769812637,1.0405901394019175,0.8886069976911936
红色区间2,2024-07-30,2024-07-29,0,1,0转+1持有,0,0,0,1,0.0,4.347617981426133e-05,4.347617981426133e-05,0.9886643769812637,1.0406336155817317,0.8886504738710078
红色区间2,2024-07-31,2024-07-30,0,1,0转+1持有,0,0,0,1,0.0,0.042418232976524584,0.042418232976524584,0.9886643769812637,1.0830518485582563,0.9310687068475324
红色区间2,2024-08-01,2024-07-31,0,1,0转+1持有,0,0,0,1,-0.0,-0.01572048008050242,-0.01572048008050242,0.9886643769812637,1.067331368477754,0.91534822676703
红色区间2,2024-08-02,2024-08-01,0,0,基础0,0,0,0,0,-0.0,-0.0,-0.012634875910456644,0.9886643769812637,1.067331368477754,0.9027133508565733
红色区间2,2024-08-05,2024-08-02,0,0,基础0,0,0,0,0,-0.0,-0.0,-0.0032845567737517234,0.9886643769812637,1.067331368477754,0.8994287940828216
红色区间2,2024-08-06,2024-08-05,0,0,基础0,0,0,0,0,0.0,0.0,0.0015876960642946525,0.9886643769812637,1.067331368477754,0.9010164901471163
红色区间2,2024-08-07,2024-08-06,0,0,基础0,0,0,0,0,-0.0,-0.0,-0.002293101342480286,0.9886643769812637,1.067331368477754,0.898723388804636
红色区间2,2024-08-08,2024-08-07,0,0,基础0,0,0,0,0,0.0,0.0,0.008689739172720756,0.9886643769812637,1.067331368477754,0.9074131279773567
红色区间2,2024-08-09,2024-08-08,0,0,基础0,0,0,0,0,-0.0,-0.0,-0.012828171981045466,0.9886643769812637,1.067331368477754,0.8945849559963113
红色区间2,2024-08-12,2024-08-09,0,0,基础0,0,0,0,0,-0.0,-0.0,-0.0006361511825253574,0.9886643769812637,1.067331368477754,0.8939488048137859
红色区间2,2024-08-13,2024-08-12,0,0,基础0,0,0,0,0,0.0,0.0,0.0033633719150512054,0.9886643769812637,1.067331368477754,0.8973121767288371
红色区间2,2024-08-14,2024-08-13,0,-1,0转-1持有,0,0,1,0,-0.0,0.015459295169836018,-0.015459295169836018,0.9886643769812637,1.08279066364759,0.8818528815590011
红色区间2,2024-08-15,2024-08-14,0,-1,0转-1持有,0,0,1,0,0.0,-0.010073496331625797,0.010073496331625797,0.9886643769812637,1.0727171673159641,0.8919263778906269
红色区间2,2024-08-16,2024-08-15,0,0,基础0,0,0,0,0,-0.0,-0.0,-0.007924433777825146,0.9886643769812637,1.0727171673159641,0.8840019441128018
红色区间2,2024-08-19,2024-08-16,0,0,基础0,0,0,0,0,0.0,0.0,0.0038497056402431173,0.9886643769812637,1.0727171673159641,0.8878516497530449
红色区间2,2024-08-20,2024-08-19,0,0,基础0,0,0,0,0,-0.0,-0.0,-0.020324574789784777,0.9886643769812637,1.0727171673159641,0.8675270749632601
红色区间2,2024-08-21,2024-08-20,0,0,基础0,0,0,0,0,0.0,0.0,8.871042691827036e-05,0.9886643769812637,1.0727171673159641,0.8676157853901784
红色区间2,2024-08-22,2024-08-21,0,0,基础0,0,0,0,0,-0.0,-0.0,-0.01427278849553748,0.9886643769812637,1.0727171673159641,0.8533429968946409
红色区间2,2024-08-23,2024-08-22,0,0,基础0,0,0,0,0,0.0,0.0,0.004170145619441623,0.9886643769812637,1.0727171673159641,0.8575131425140825
红色区间2,2024-08-26,2024-08-23,0,-1,0转-1持有,0,0,1,0,-0.0,0.0022827708135347846,-0.0022827708135347846,0.9886643769812637,1.074999938129499,0.8552303717005477
红色区间2,2024-08-27,2024-08-26,0,-1,0转-1持有,0,0,1,0,-0.0,0.010161090179625742,-0.010161090179625742,0.9886643769812637,1.0851610283091246,0.845069281520922
红色区间2,2024-08-28,2024-08-27,0,0,基础0,0,0,0,0,-0.0,-0.0,-0.0006414229787236048,0.9886643769812637,1.0851610283091246,0.8444278585421984
红色区间2,2024-08-29,2024-08-28,0,0,基础0,0,0,0,0,0.0,0.0,0.016493168119732893,0.9886643769812637,1.0851610283091246,0.8609210266619313
红色区间2,2024-08-30,2024-08-29,0,0,基础0,0,0,0,0,0.0,0.0,0.01632449306543271,0.9886643769812637,1.0851610283091246,0.877245519727364
红色区间2,2024-09-02,2024-08-30,0,0,基础0,0,0,0,0,-0.0,-0.0,-0.019145597758224664,0.9886643769812637,1.0851610283091246,0.8580999219691393
红色区间2,2024-09-03,2024-09-02,0,0,基础0,0,0,0,0,0.0,0.0,0.005385167585332473,0.9886643769812637,1.0851610283091246,0.8634850895544718
红色区间2,2024-09-04,2024-09-03,0,0,基础0,0,0,0,0,0.0,0.0,0.0038272991544208157,0.9886643769812637,1.0851610283091246,0.8673123887088926
红色区间2,2024-09-05,2024-09-04,0,0,基础0,0,0,0,0,0.0,0.0,0.00527226081610932,0.9886643769812637,1.0851610283091246,0.8725846495250019
红色区间2,2024-09-06,2024-09-05,0,0,基础0,0,0,0,0,-0.0,-0.0,-0.01991089009908331,0.9886643769812637,1.0851610283091246,0.8526737594259186
红色区间2,2024-09-09,2024-09-06,0,0,基础0,0,0,0,0,-0.0,-0.0,-0.001824478129350271,0.9886643769812637,1.0851610283091246,0.8508492812965683
红色区间2,2024-09-10,2024-09-09,0,0,基础0,0,0,0,0,-0.0,-0.0,-0.004243851561240741,0.9886643769812637,1.0851610283091246,0.8466054297353276
红色区间2,2024-09-11,2024-09-10,0,0,基础0,0,0,0,0,0.0,0.0,0.0064143212575102915,0.9886643769812637,1.0851610283091246,0.8530197509928379
红色区间2,2024-09-12,2024-09-11,0,-1,0转-1持有,0,0,1,0,-0.0,0.004114482972095268,-0.004114482972095268,0.9886643769812637,1.0892755112812198,0.8489052680207426
红色区间2,2024-09-13,2024-09-12,0,-1,0转-1持有,0,0,1,0,-0.0,0.01117810794781593,-0.01117810794781593,0.9886643769812637,1.100453619229036,0.8377271600729267
红色区间3,2025-03-03,2025-02-28,1,1,基础+1,0,0,0,0,-0.0051874145606561894,-0.0051874145606561894,-0.0051874145606561894,0.9948125854393438,0.9948125854393438,0.9948125854393438
红色区间3,2025-03-04,2025-03-03,1,1,基础+1,0,0,0,0,0.01567644367147003,0.01567644367147003,0.01567644367147003,1.010489029110814,1.010489029110814,1.010489029110814
红色区间3,2025-03-05,2025-03-04,1,1,基础+1,0,0,0,0,0.007288465086550344,0.007288465086550344,0.007288465086550344,1.017777494197364,1.017777494197364,1.017777494197364
红色区间3,2025-03-06,2025-03-05,1,1,基础+1,0,0,0,0,0.008193710372709218,0.008193710372709218,0.008193710372709218,1.0259712045700735,1.0259712045700735,1.0259712045700735
红色区间3,2025-03-07,2025-03-06,1,1,基础+1,0,0,0,0,-0.0011112085414136663,-0.0011112085414136663,-0.0011112085414136663,1.0248599960286597,1.0248599960286597,1.0248599960286597
红色区间3,2025-03-10,2025-03-07,1,1,基础+1,0,0,0,0,-0.012994494445613514,-0.012994494445613514,-0.012994494445613514,1.0118655015830462,1.0118655015830462,1.0118655015830462
红色区间3,2025-03-11,2025-03-10,1,1,基础+1,0,0,0,0,0.02085258212841179,0.02085258212841179,0.02085258212841179,1.032718083711458,1.032718083711458,1.032718083711458
红色区间3,2025-03-12,2025-03-11,1,1,基础+1,0,0,0,0,-0.005853575788527965,-0.005853575788527965,-0.005853575788527965,1.0268645079229302,1.0268645079229302,1.0268645079229302
红色区间3,2025-03-13,2025-03-12,1,1,基础+1,0,0,0,0,-0.006445423140903017,-0.006445423140903017,-0.006445423140903017,1.0204190847820271,1.0204190847820271,1.0204190847820271
红色区间3,2025-03-14,2025-03-13,1,1,基础+1,0,0,0,0,0.020960431201342944,0.020960431201342944,0.020960431201342944,1.0413795159833699,1.0413795159833699,1.0413795159833699
红色区间3,2025-03-17,2025-03-14,1,1,基础+1,0,0,0,0,0.0010506067841227207,0.0010506067841227207,0.0010506067841227207,1.0424301227674926,1.0424301227674926,1.0424301227674926
红色区间3,2025-03-18,2025-03-17,1,1,基础+1,0,0,0,0,-0.0014058683987101528,-0.0014058683987101528,-0.0014058683987101528,1.0410242543687827,1.0410242543687827,1.0410242543687827
红色区间3,2025-03-19,2025-03-18,1,1,基础+1,0,0,0,0,-0.003691210971129011,-0.003691210971129011,-0.003691210971129011,1.0373330433976535,1.0373330433976535,1.0373330433976535
红色区间3,2025-03-20,2025-03-19,1,1,基础+1,0,0,0,0,-0.009163928203822724,-0.009163928203822724,-0.009163928203822724,1.0281691151938308,1.0281691151938308,1.0281691151938308
红色区间3,2025-03-21,2025-03-20,1,1,基础+1,0,0,0,0,-0.010919591039554422,-0.010919591039554422,-0.010919591039554422,1.0172495241542765,1.0172495241542765,1.0172495241542765
红色区间3,2025-03-24,2025-03-21,1,1,基础+1,0,0,0,0,-0.0006077635490069344,-0.0006077635490069344,-0.0006077635490069344,1.0166417606052693,1.0166417606052693,1.0166417606052693
红色区间3,2025-03-25,2025-03-24,0,0,基础0,0,0,0,0,-0.0,-0.0,-0.005622442421674645,1.0166417606052693,1.0166417606052693,1.0110193181835947
红色区间3,2025-03-26,2025-03-25,0,0,基础0,0,0,0,0,-0.0,-0.0,-0.0005622106218688971,1.0166417606052693,1.0166417606052693,1.010457107561726
红色区间3,2025-03-27,2025-03-26,0,-1,0转-1持有,0,0,1,0,0.0,-0.0037443132269416868,0.0037443132269416868,1.0166417606052693,1.0128974473783279,1.0142014207886676
红色区间3,2025-03-28,2025-03-27,0,-1,0转-1持有,0,0,1,0,-0.0,0.01138149058218374,-0.01138149058218374,1.0166417606052693,1.0242789379605115,1.002819930206484
红色区间3,2025-03-31,2025-03-28,0,0,基础0,0,0,0,0,-0.0,-0.0,-0.002720183402084242,1.0166417606052693,1.0242789379605115,1.0000997468043997
红色区间3,2025-04-01,2025-03-31,0,0,基础0,0,0,0,0,0.0,0.0,0.0023761261905754782,1.0166417606052693,1.0242789379605115,1.002475872994975
红色区间3,2025-04-02,2025-04-01,0,0,基础0,0,0,0,0,-0.0,-0.0,-0.007183784580601982,1.0166417606052693,1.0242789379605115,0.9952920884143731
红色区间3,2025-04-03,2025-04-02,0,-1,0转-1持有,0,0,1,0,-0.0,0.05453944976400715,-0.05453944976400715,1.0166417606052693,1.0788183877245188,0.940752638650366
红色区间3,2025-04-07,2025-04-03,0,-1,0转-1持有,0,0,1,0,-0.0,0.044208654814452464,-0.044208654814452464,1.0166417606052693,1.123027042538971,0.8965439838359135
红色区间3,2025-04-08,2025-04-07,0,-1,0转-1持有,0,0,1,0,-0.0,0.005695811810718543,-0.005695811810718543,1.0166417606052693,1.1287228543496897,0.890848172025195
红色区间3,2025-04-09,2025-04-08,0,0,基础0,0,0,0,0,0.0,0.0,0.05426515092593842,1.0166417606052693,1.1287228543496897,0.9451133229511334
红色区间3,2025-04-10,2025-04-09,0,0,基础0,0,0,0,0,-0.0,-0.0,-0.003680690728927072,1.0166417606052693,1.1287228543496897,0.9414326322222063
红色区间3,2025-04-11,2025-04-10,0,0,基础0,0,0,0,0,0.0,0.0,0.02168790763028028,1.0166417606052693,1.1287228543496897,0.9631205398524866
红色区间3,2025-04-14,2025-04-11,0,-1,0转-1持有,0,0,1,0,-0.0,0.001558225782082423,-0.001558225782082423,1.0166417606052693,1.130281080131772,0.9615623140704042
红色区间3,2025-04-15,2025-04-14,0,-1,0转-1持有,0,0,1,0,-0.0,0.006261972776713587,-0.006261972776713587,1.0166417606052693,1.1365430529084857,0.9553003412936906
红色区间3,2025-04-16,2025-04-15,0,0,基础0,0,0,0,0,-0.0,-0.0,-0.011125023612301832,1.0166417606052693,1.1365430529084857,0.9441753176813887
红色区间3,2025-04-17,2025-04-16,0,0,基础0,0,0,0,0,0.0,0.0,0.0035053428795059904,1.0166417606052693,1.1365430529084857,0.9476806605608947
红色区间3,2025-04-18,2025-04-17,0,0,基础0,0,0,0,0,0.0,0.0,0.0017209405948108714,1.0166417606052693,1.1365430529084857,0.9494016011557056
红色区间3,2025-04-21,2025-04-18,0,0,基础0,0,0,0,0,0.0,0.0,0.014106149961758518,1.0166417606052693,1.1365430529084857,0.9635077511174641
红色区间3,2025-04-22,2025-04-21,0,0,基础0,0,0,0,0,0.0,0.0,0.00231081559374946,1.0166417606052693,1.1365430529084857,0.9658185667112136
红色区间3,2025-04-23,2025-04-22,0,0,基础0,0,0,0,0,-0.0,-0.0,-0.0026365128595776666,1.0166417606052693,1.1365430529084857,0.9631820538516359
红色区间3,2025-04-24,2025-04-23,0,0,基础0,0,0,0,0,-0.0,-0.0,-0.0035297737059172274,1.0166417606052693,1.1365430529084857,0.9596522801457187
红色区间3,2025-04-25,2025-04-24,0,0,基础0,0,0,0,0,0.0,0.0,0.002008839721405753,1.0166417606052693,1.1365430529084857,0.9616611198671244
红色区间3,2025-04-28,2025-04-25,0,0,基础0,0,0,0,0,-0.0,-0.0,-0.007235950480623976,1.0166417606052693,1.1365430529084857,0.9544251693865005
红色区间3,2025-04-29,2025-04-28,0,0,基础0,0,0,0,0,0.0,0.0,0.0037493114355726664,1.0166417606052693,1.1365430529084857,0.9581744808220731
红色区间3,2025-04-30,2025-04-29,0,0,基础0,0,0,0,0,0.0,0.0,0.011458781119696893,1.0166417606052693,1.1365430529084857,0.96963326194177
红色区间3,2025-05-06,2025-04-30,0,0,基础0,0,0,0,0,0.0,0.0,0.024128203752270982,1.0166417606052693,1.1365430529084857,0.993761465694041
红色区间3,2025-05-07,2025-05-06,0,0,基础0,0,0,0,0,-0.0,-0.0,-0.012735907880177533,1.0166417606052693,1.1365430529084857,0.9810255578138635
红色区间3,2025-05-08,2025-05-07,0,0,基础0,0,0,0,0,0.0,0.0,0.006756319054694204,1.0166417606052693,1.1365430529084857,0.9877818768685577
红色区间3,2025-05-09,2025-05-08,0,0,基础0,0,0,0,0,-0.0,-0.0,-0.0032933011532393364,1.0166417606052693,1.1365430529084857,0.9844885757153183
红色区间3,2025-05-12,2025-05-09,0,0,基础0,0,0,0,0,0.0,0.0,0.015056567078572947,1.0166417606052693,1.1365430529084857,0.9995451427938913
红色区间3,2025-05-13,2025-05-12,0,0,基础0,0,0,0,0,-0.0,-0.0,-0.010269724186777185,1.0166417606052693,1.1365430529084857,0.9892754186071141
红色区间3,2025-05-14,2025-05-13,0,0,基础0,0,0,0,0,0.0,0.0,0.0015064175912717914,1.0166417606052693,1.1365430529084857,0.9907818361983859
红色区间3,2025-05-15,2025-05-14,0,0,基础0,0,0,0,0,-0.0,-0.0,-0.014351306363934557,1.0166417606052693,1.1365430529084857,0.9764305298344513
红色区间3,2025-05-16,2025-05-15,0,0,基础0,0,0,0,0,0.0,0.0,0.0027530554800982987,1.0166417606052693,1.1365430529084857,0.9791835853145496
红色区间3,2025-05-19,2025-05-16,0,-1,0转-1持有,0,0,1,0,0.0,-0.0007111537757529263,0.0007111537757529263,1.0166417606052693,1.1358318991327327,0.9798947390903026
红色区间3,2025-05-20,2025-05-19,0,-1,0转-1持有,0,0,1,0,0.0,-0.0031768991922869194,0.0031768991922869194,1.0166417606052693,1.1326549999404458,0.9830716382825895
红色区间3,2025-05-21,2025-05-20,0,0,基础0,0,0,0,0,-0.0,-0.0,-0.0004349939917500656,1.0166417606052693,1.1326549999404458,0.9826366442908394
红色区间3,2025-05-22,2025-05-21,0,0,基础0,0,0,0,0,-0.0,-0.0,-0.007327635677705002,1.0166417606052693,1.1326549999404458,0.9753090086131344
红色区间3,2025-05-23,2025-05-22,0,0,基础0,0,0,0,0,-0.0,-0.0,-0.007710874105484766,1.0166417606052693,1.1326549999404458,0.9675981345076496
红色区间3,2025-05-26,2025-05-23,0,0,基础0,0,0,0,0,0.0,0.0,0.0023166322446077636,1.0166417606052693,1.1326549999404458,0.9699147667522574
红色区间3,2025-05-27,2025-05-26,0,-1,0转-1持有,0,0,1,0,-0.0,0.002546140007663178,-0.002546140007663178,1.0166417606052693,1.135201139948109,0.9673686267445942
红色区间3,2025-05-28,2025-05-27,0,-1,0转-1持有,0,0,1,0,-0.0,0.0026207583659619837,-0.0026207583659619837,1.0166417606052693,1.1378218983140709,0.9647478683786322
红色区间3,2025-05-29,2025-05-28,0,0,基础0,0,0,0,0,0.0,0.0,0.012011165459149709,1.0166417606052693,1.1378218983140709,0.976759033837782
红色区间3,2025-05-30,2025-05-29,0,1,0转+1持有,0,0,0,1,-0.0,-0.008956766187459664,-0.008956766187459664,1.0166417606052693,1.1288651321266112,0.9678022676503223
红色区间3,2025-06-03,2025-05-30,0,1,0转+1持有,0,0,0,1,0.0,0.007587012390366299,0.007587012390366299,1.0166417606052693,1.1364521445169777,0.9753892800406886
红色区间3,2025-06-04,2025-06-03,0,1,0转+1持有,0,0,0,1,0.0,0.007804802932965371,0.007804802932965371,1.0166417606052693,1.1442569474499429,0.983194082973654
红色区间3,2025-06-05,2025-06-04,0,1,0转+1持有,0,0,0,1,0.0,0.004767280601818191,0.004767280601818191,1.0166417606052693,1.1490242280517613,0.9879613635754722
红色区间3,2025-06-06,2025-06-05,0,1,0转+1持有,0,0,0,1,0.0,0.0007593614928398384,0.0007593614928398384,1.0166417606052693,1.149783589544601,0.988720725068312
红色区间3,2025-06-09,2025-06-06,0,0,基础0,0,0,0,0,0.0,0.0,0.006417896599960171,1.0166417606052693,1.149783589544601,0.9951386216682722
红色区间3,2025-06-10,2025-06-09,0,0,基础0,0,0,0,0,-0.0,-0.0,-0.008829796226508146,1.0166417606052693,1.149783589544601,0.986308825441764
红色区间3,2025-06-11,2025-06-10,0,0,基础0,0,0,0,0,0.0,0.0,0.0038965335016911684,1.0166417606052693,1.149783589544601,0.9902053589434552
红色区间3,2025-06-12,2025-06-11,0,0,基础0,0,0,0,0,0.0,0.0,0.0003786563735790338,1.0166417606052693,1.149783589544601,0.9905840153170342
红色区间3,2025-06-13,2025-06-12,0,0,基础0,0,0,0,0,-0.0,-0.0,-0.010055599399359072,1.0166417606052693,1.149783589544601,0.9805284159176751
红色区间3,2025-06-16,2025-06-13,0,-1,0转-1持有,0,0,1,0,0.0,-0.008260799308940081,0.008260799308940081,1.0166417606052693,1.141522790235661,0.9887892152266152
红色区间3,2025-06-17,2025-06-16,0,-1,0转-1持有,0,0,1,0,-0.0,0.005568044327595167,-0.005568044327595167,1.0166417606052693,1.1470908345632562,0.9832211708990201
红色区间3,2025-06-18,2025-06-17,0,0,基础0,0,0,0,0,-0.0,-0.0,-0.0011060327354192045,1.0166417606052693,1.1470908345632562,0.9821151381636009
红色区间3,2025-06-19,2025-06-18,0,0,基础0,0,0,0,0,-0.0,-0.0,-0.011286864426614418,1.0166417606052693,1.1470908345632562,0.9708282737369864
红色区间3,2025-06-20,2025-06-19,0,0,基础0,0,0,0,0,-0.0,-0.0,-0.009844401661564861,1.0166417606052693,1.1470908345632562,0.9609838720754216
红色区间3,2025-06-23,2025-06-20,0,0,基础0,0,0,0,0,0.0,0.0,0.012502651523984776,1.0166417606052693,1.1470908345632562,0.9734865235994064
红色区间3,2025-06-24,2025-06-23,0,0,基础0,0,0,0,0,0.0,0.0,0.01658816346134917,1.0166417606052693,1.1470908345632562,0.9900746870607555
红色区间3,2025-06-25,2025-06-24,0,0,基础0,0,0,0,0,0.0,0.0,0.01567256292788799,1.0166417606052693,1.1470908345632562,1.0057472499886435
红色区间3,2025-06-26,2025-06-25,0,0,基础0,0,0,0,0,-0.0,-0.0,-0.0030447017261785447,1.0166417606052693,1.1470908345632562,1.002702548262465
红色区间3,2025-06-27,2025-06-26,0,1,0转+1持有,0,0,0,1,0.0,0.00465771274197313,0.00465771274197313,1.0166417606052693,1.1517485473052291,1.007360261004438
红色区间3,2025-06-30,2025-06-27,1,1,基础+1,0,0,0,0,0.006487174145803465,0.006487174145803465,0.006487174145803465,1.0231289347510728,1.1582357214510326,1.0138474351502416
红色区间3,2025-07-01,2025-06-30,1,1,基础+1,0,0,0,0,0.0011387124486184064,0.0011387124486184064,0.0011387124486184064,1.0242676471996912,1.159374433899651,1.01498614759886
红色区间3,2025-07-02,2025-07-01,1,1,基础+1,0,0,0,0,-0.0044407292971409,-0.0044407292971409,-0.0044407292971409,1.0198269179025505,1.1549337046025103,1.010545418301719
红色区间3,2025-07-03,2025-07-02,1,1,基础+1,0,0,0,0,0.0036485453281134284,0.0036485453281134284,0.0036485453281134284,1.023475463230664,1.1585822499306238,1.0141939636298325
红色区间3,2025-07-04,2025-07-03,1,1,基础+1,0,0,0,0,-0.002763075782311275,-0.002763075782311275,-0.002763075782311275,1.0207123874483526,1.1558191741483124,1.011430887847521
红色区间3,2025-07-07,2025-07-04,1,1,基础+1,0,0,0,0,0.00028805020529198977,0.00028805020529198977,0.00028805020529198977,1.0210004376536446,1.1561072243536044,1.0117189380528133
红色区间3,2025-07-08,2025-07-07,1,1,基础+1,0,0,0,0,0.01313604337868668,0.01313604337868668,0.01313604337868668,1.0341364810323312,1.169243267732291,1.0248549814315
红色区间3,2025-07-09,2025-07-08,1,1,基础+1,0,0,0,0,-0.004962575023888305,-0.004962575023888305,-0.004962575023888305,1.029173906008443,1.1642806927084028,1.0198924064076116
红色区间3,2025-07-10,2025-07-09,1,1,基础+1,0,0,0,0,0.005857519897988883,0.005857519897988883,0.005857519897988883,1.035031425906432,1.1701382126063917,1.0257499263056005
红色区间3,2025-07-11,2025-07-10,1,1,基础+1,0,0,0,0,0.007911125212577419,0.007911125212577419,0.007911125212577419,1.0429425511190091,1.178049337818969,1.0336610515181779
红色区间3,2025-07-14,2025-07-11,1,1,基础+1,0,0,0,0,-0.0024117968204552254,-0.0024117968204552254,-0.0024117968204552254,1.040530754298554,1.1756375409985138,1.0312492546977228
红色区间3,2025-07-15,2025-07-14,1,1,基础+1,0,0,0,0,0.0001576937625344943,0.0001576937625344943,0.0001576937625344943,1.0406884480610885,1.1757952347610483,1.031406948460257
