signal_key,signal_label,date,phase,three_state,base_segment_id,base_segment_length,base_position,signal_position_pct,days_from_segment_start,days_to_segment_end,signal_run_id,signal_run_position,signal_run_length,open,close,o2o_h1,o2o_h2,o2o_h3,o2o_h5,o2o_h10,raw_o2o_h1_bp,directional_improvement_bp,price_available
minus_exit,负向退出（-1→0）,2018-10-19,Development,-1,9,5,5,100.0,4,0,0,1.0,1.0,3958.4458,4127.9854,0.052371893029329764,0.09549209944973858,0.06957071383925473,0.07640988794137349,0.10314356205155084,523.7189302932976,523.7189302932976,True
minus_exit,负向退出（-1→0）,2019-05-08,Development,-1,19,8,5,62.5,4,3,1,1.0,4.0,4865.7878,4947.7419,0.006615639917548544,0.015350772181228267,0.029530058832405226,0.028118221678306687,0.02802678735805131,66.15639917548543,66.15639917548543,True
minus_exit,负向退出（-1→0）,2019-05-09,Development,-1,19,8,6,75.0,5,2,1,2.0,4.0,4897.9781,4888.4128,0.00867772356924168,0.02276382166755697,0.009068149978048945,0.03534732015237063,0.011693416922382571,86.7772356924168,86.7772356924168,True
minus_exit,负向退出（-1→0）,2019-05-10,Development,-1,19,8,7,87.5,6,1,1,3.0,4.0,4940.4814,5064.323,0.013964914431213282,0.00038706754366080176,0.012574422403452523,0.034765782136129575,-0.01860257990243608,139.64914431213282,139.64914431213282,True
minus_exit,负向退出（-1→0）,2019-05-13,Development,-1,19,8,8,100.0,7,0,1,4.0,4.0,5009.4748,5005.9044,-0.013390844884577535,-0.0013713413629709015,0.012303425500812981,-0.014432271422944343,-0.03210578082955917,-133.90844884577535,-133.90844884577535,True
minus_exit,负向退出（-1→0）,2020-03-20,Development,-1,27,8,5,62.5,4,3,2,1.0,4.0,5217.488,5219.2809,-0.02647502016295966,-0.024597354129036852,-0.0032032273001874056,0.001027908449430015,-0.014177224748768036,-264.75020162959663,-264.75020162959663,True
minus_exit,负向退出（-1→0）,2020-03-23,Development,-1,27,8,6,75.0,5,2,2,2.0,4.0,5079.3549,4998.9095,0.0019287291777938531,0.023904669468951534,0.01990622864332625,-0.0011123853542898132,0.024253394855319188,19.28729177793853,19.28729177793853,True
minus_exit,负向退出（-1→0）,2020-03-24,Development,-1,27,8,7,87.5,6,1,2,3.0,4.0,5089.1516,5096.0408,0.021933636246953103,0.01794289248526204,0.026271471260553403,-0.0030709244346347475,0.030262549066135014,219.33636246953102,219.33636246953102,True
minus_exit,负向退出（-1→0）,2020-03-25,Development,-1,27,8,8,100.0,7,0,2,4.0,4.0,5200.7752,5217.4237,-0.0039050909179847437,0.004244732592941114,-0.024432992220082883,-0.03291653521190452,0.019322331024805628,-39.05090917984744,-39.05090917984744,True
minus_exit,负向退出（-1→0）,2020-09-18,Development,-1,35,6,6,100.0,5,0,3,1.0,1.0,6367.7923,6469.4692,0.019540932577213566,0.003805510427844716,0.0022753568768252297,-0.015090237789319949,0.006327216420045634,195.40932577213565,195.40932577213565,True
minus_exit,负向退出（-1→0）,2020-11-03,Development,-1,37,6,6,100.0,5,0,4,1.0,1.0,6175.1593,6241.7676,0.011575005036712271,0.019344326874287887,0.030934602772109798,0.04198604236817016,0.03329617747674951,115.75005036712271,115.75005036712271,True
minus_exit,负向退出（-1→0）,2021-10-12,Development,-1,53,7,6,85.71428571428571,5,1,5,1.0,2.0,7069.3516,6952.1903,-0.01578962347834001,-0.013962341327032113,-0.01035904056604009,-0.0012132371517636908,0.007173868675593997,-157.8962347834001,-157.8962347834001,True
minus_exit,负向退出（-1→0）,2021-10-13,Development,-1,53,7,7,100.0,6,0,5,2.0,2.0,6957.7292,6981.5947,0.0018565971207962217,0.005517705403078832,0.009976085300934079,0.017858685848250566,0.01945959609925607,18.565971207962217,18.565971207962217,True
minus_exit,负向退出（-1→0）,2022-01-17,Development,-1,57,8,7,87.5,6,1,6,1.0,2.0,7080.6157,7157.8593,0.01165332274705988,0.009019145044123711,0.00549308162565576,-0.019447164743032208,-0.05875866134070806,116.5332274705988,116.5332274705988,True
minus_exit,负向退出（-1→0）,2022-01-18,Development,-1,57,8,8,100.0,7,0,6,2.0,2.0,7163.1284,7163.1586,-0.0026038343805200315,-0.006089280767324956,-0.017476930889581688,-0.028358196120008117,-0.06758764787742733,-26.038343805200313,-26.038343805200313,True
minus_exit,负向退出（-1→0）,2022-03-17,Development,-1,61,6,6,100.0,5,0,7,1.0,1.0,6233.6437,6267.5244,0.0025398147154287454,0.017151317134150634,0.017607150052544762,0.022030020740518186,0.020447094209122163,25.398147154287454,25.398147154287454,True
minus_exit,负向退出（-1→0）,2022-04-26,Development,-1,63,8,6,75.0,5,2,8,1.0,3.0,5374.2548,5234.0059,-0.036325724638139545,0.004586589381657236,0.015752844468781113,0.034743607616073646,0.0727658837463383,-363.2572463813955,-363.2572463813955,True
minus_exit,负向退出（-1→0）,2022-04-27,Development,-1,63,8,7,87.5,6,1,8,2.0,3.0,5179.0311,5437.0374,0.04245450466594036,0.054041672003089625,0.083696214915566,0.07210702017217074,0.12767096532785827,424.5450466594036,424.5450466594036,True
minus_exit,负向退出（-1→0）,2022-04-28,Development,-1,63,8,8,100.0,7,0,8,3.0,3.0,5398.9043,5418.7641,0.011115273889926058,0.03956212003980131,0.03001933188554573,0.02476350618031886,0.07242421392800003,111.15273889926058,111.15273889926058,True
minus_exit,负向退出（-1→0）,2022-09-26,Development,-1,75,8,6,75.0,5,2,9,1.0,3.0,5841.5777,5806.3181,-0.003086477819168487,0.011721439569313707,-0.003133622617054299,-0.01914258540120084,0.01896788944534622,-30.86477819168487,-30.86477819168487,True
minus_exit,负向退出（-1→0）,2022-09-27,Development,-1,75,8,7,87.5,6,1,9,2.0,3.0,5823.5478,5920.0531,0.014853763199127457,-4.7290759766838164e-05,-0.01019922941132212,-0.031092506873559245,0.03563106324979404,148.53763199127457,148.53763199127457,True
minus_exit,负向退出（-1→0）,2022-09-28,Development,-1,75,8,8,100.0,7,0,9,3.0,3.0,5910.0494,5769.5198,-0.014682956795589619,-0.02468630803661298,-0.030506445512959668,-0.03886351609852878,0.018908572913113098,-146.82956795589618,-146.82956795589618,True
minus_exit,负向退出（-1→0）,2022-12-22,Development,-1,81,9,6,66.66666666666666,5,3,10,1.0,4.0,5867.724,5779.0555,-0.0197308360106917,-0.01681323116083866,-0.001699074462261807,-0.00405283206912932,0.023254178281050697,-197.30836010691698,-197.30836010691698,True
minus_exit,负向退出（-1→0）,2022-12-23,Development,-1,81,9,7,77.77777777777779,6,2,10,2.0,4.0,5751.9489,5763.3458,0.0029763303356187265,0.018394704445305443,0.020429023630581966,0.021441393542282583,0.04806198817239138,29.763303356187265,29.763303356187265,True
minus_exit,负向退出（-1→0）,2022-12-26,Development,-1,81,9,8,88.88888888888889,7,1,10,3.0,4.0,5769.0686,5843.2555,0.015372620114102897,0.017400902461101042,0.012978611486783365,0.016030629276968744,0.04776722537152711,153.72620114102898,153.72620114102898,True
minus_exit,负向退出（-1→0）,2022-12-27,Development,-1,81,9,9,100.0,8,0,10,4.0,4.0,5857.7543,5885.6622,0.001997574394678958,-0.002357763622827136,0.0029916584244580324,0.016175465058341665,0.03265500569049151,19.97574394678958,19.97574394678958,True
minus_exit,负向退出（-1→0）,2023-05-19,Validation,-1,91,12,7,58.333333333333336,6,5,11,1.0,6.0,6116.8432,6117.0833,-0.0008172025727257726,-0.0004299112980369335,-0.013757782772656268,-0.021858742431063116,-0.008980481958406283,-8.172025727257726,-8.172025727257726,True
minus_exit,负向退出（-1→0）,2023-05-22,Validation,-1,91,12,8,66.66666666666666,7,4,11,2.0,6.0,6111.8445,6115.3151,0.0003876080289673123,-0.012951163924409426,-0.018263848172184294,-0.010684401411063416,-0.0015895365138952622,3.876080289673123,3.876080289673123,True
minus_exit,负向退出（-1→0）,2023-05-23,Validation,-1,91,12,9,75.0,8,3,11,3.0,6.0,6114.2135,6052.4297,-0.01333360374151138,-0.018644229548084867,-0.021438047591893827,-0.017295993998246884,-0.004178951225697225,-133.3360374151138,-133.3360374151138,True
minus_exit,负向退出（-1→0）,2023-05-24,Validation,-1,91,12,10,83.33333333333334,9,2,11,4.0,6.0,6032.689,6005.7913,-0.005382392495286936,-0.008213965613012797,0.00229650492508382,0.0018782668889445464,-0.008351250992716497,-53.82392495286936,-53.82392495286936,True
minus_exit,负向退出（-1→0）,2023-05-25,Validation,-1,91,12,11,91.66666666666666,10,1,11,5.0,6.0,6000.2187,5988.1885,-0.0028468962306325007,0.007720451922860638,0.001373849923170134,0.00476390968882523,-0.004748826905259351,-28.468962306325007,-28.468962306325007,True
minus_exit,负向退出（-1→0）,2023-05-26,Validation,-1,91,12,12,100.0,11,0,11,6.0,6.0,5983.1367,6034.9834,0.01059751818807686,0.004232796486164148,0.010175816307189,0.01316605385265568,-0.0024128815241677426,105.9751818807686,105.9751818807686,True
minus_exit,负向退出（-1→0）,2023-08-22,Validation,-1,95,6,6,100.0,5,0,12,1.0,1.0,5733.2548,5741.0606,-0.0001500892651761232,-0.014458715492637775,-0.018922078955918686,-0.01783433731220163,0.01512437577342629,-1.500892651761232,-1.500892651761232,True
minus_exit,负向退出（-1→0）,2024-01-23,Validation,-1,103,7,6,85.71428571428571,5,1,13,1.0,2.0,4771.4963,4865.743,0.024040131813578114,0.03355991285165616,0.05947641623446298,0.02658809564622322,-0.07548959013129697,240.40131813578114,240.40131813578114,True
minus_exit,负向退出（-1→0）,2024-01-24,Validation,-1,103,7,7,100.0,6,0,13,2.0,2.0,4886.2037,4933.7009,0.00929629683674471,0.03460439031635132,0.029861137389748826,-0.020341129044620154,-0.014786366765675352,92.9629683674471,92.9629683674471,True
minus_exit,负向退出（-1→0）,2024-02-06,Validation,-1,105,5,5,100.0,4,0,14,1.0,1.0,4411.298,4805.9013,0.09127846271097528,0.16333179032565948,0.1844898939042432,0.15644223083545938,0.20405044048259713,912.7846271097528,912.7846271097528,True
minus_exit,负向退出（-1→0）,2024-07-12,Validation,-1,115,6,6,100.0,5,0,15,1.0,1.0,4926.9812,4919.3639,-0.00476257145044523,-0.010022404794237993,-0.006812995348957296,-0.015006958013154215,-0.05206735921785144,-47.6257145044523,-47.6257145044523,True
minus_exit,负向退出（-1→0）,2025-12-01,Test,-1,129,6,6,100.0,5,0,16,1.0,1.0,7053.8471,7101.8323,0.004387945976316976,-0.0012745243655764016,-0.007400897589628697,0.00924373594658734,0.009573981267612108,43.87945976316976,43.87945976316976,True
minus_exit,负向退出（-1→0）,2026-03-23,Test,-1,133,7,5,71.42857142857143,4,2,17,1.0,3.0,7623.2446,7440.7451,-0.008941442073103656,0.004874079470046144,0.01754815790641162,0.004185724278084946,-0.008015943762318734,-89.41442073103656,-89.41442073103656,True
minus_exit,负向退出（-1→0）,2026-03-24,Test,-1,133,7,6,85.71428571428571,5,1,17,2.0,3.0,7555.0818,7597.3732,0.013940166736513548,0.02672859213781109,-0.0021026774322946418,0.024552599814339438,0.024692346812181354,139.4016673651355,139.4016673651355,True
minus_exit,负向退出（-1→0）,2026-03-25,Test,-1,133,7,7,100.0,6,0,17,3.0,3.0,7660.4009,7767.6654,0.012612603604075234,-0.01582227896192745,-0.0006850163677464272,0.013567879978709785,0.02673544148322593,126.12603604075234,126.12603604075234,True
minus_exit,负向退出（-1→0）,2026-07-20,Test,-1,143,7,5,71.42857142857143,4,2,18,1.0,3.0,7597.7694,7411.3134,-0.021100535112318575,0.018970949552641114,0.020148374074106634,-0.011235639765534433,-0.018512249134594705,-211.00535112318573,-211.00535112318573,True
minus_exit,负向退出（-1→0）,2026-07-21,Test,-1,143,7,6,85.71428571428571,5,1,18,2.0,3.0,7437.4524,7800.6085,0.04093524013679728,0.04213804447340053,0.02524381870329684,0.020478410053420992,0.003983474233731021,409.3524013679728,409.3524013679728,True
minus_exit,负向退出（-1→0）,2026-07-22,Test,-1,143,7,7,100.0,6,0,18,3.0,3.0,7741.9063,7751.6618,0.001155503522433543,-0.015074349324015857,-0.02964421049632182,-0.03837611674530339,-0.02246865219745675,11.55503522433543,11.55503522433543,True
minus_exit,负向退出（-1→0）,2026-08-03,Test,-1,145,6,6,100.0,5,0,19,1.0,1.0,7457.1176,7414.5227,0.0013358646777945626,0.014863450725250749,0.03761161014813563,0.07332629433120386,,13.358646777945626,13.358646777945626,True
plus_exit,正向退出（+1→0）,2018-03-14,Development,1,3,7,5,71.42857142857143,4,2,0,1.0,1.0,6234.2418,6189.317,-0.009847035448641073,-0.00847910647289929,-0.014712583012099323,-0.008362332048140853,-0.04357829046669315,-98.47035448641073,98.47035448641073,True
plus_exit,正向退出（+1→0）,2020-01-13,Development,1,23,25,25,100.0,24,0,1,1.0,1.0,5478.3159,5559.6272,0.017945880046822404,0.009974853768472958,0.011154011764819893,0.008158328365109435,-0.1354783501988266,179.45880046822404,-179.45880046822404,True
plus_exit,正向退出（+1→0）,2020-02-25,Development,1,25,8,5,62.5,4,3,2,1.0,3.0,5745.617,5897.7219,0.013650648833710921,0.004281750767585191,-0.03258156608768048,0.0019448564009747482,-0.04985431503700999,136.5064883371092,-136.5064883371092,True
plus_exit,正向退出（+1→0）,2020-02-26,Development,1,25,8,6,75.0,5,2,2,2.0,3.0,5824.0484,5743.3929,-0.00924272882072874,-0.04560961409592679,-0.05281717782427753,-0.026364598893099722,-0.022549795430958253,-92.4272882072874,92.4272882072874,True
plus_exit,正向退出（+1→0）,2020-02-27,Development,1,25,8,7,87.5,6,1,2,3.0,3.0,5770.2183,5753.7277,-0.036706150268179694,-0.04398095302564198,-0.0023269310278954958,0.004338085441238704,-0.0455610145633486,-367.0615026817969,367.0615026817969,True
plus_exit,正向退出（+1→0）,2020-07-14,Development,1,33,9,7,77.77777777777779,6,2,3,1.0,3.0,6897.0034,6807.727,-0.011800371158291578,-0.036925398644866436,-0.08264123807739454,-0.05081019678778165,-0.07993636772746837,-118.00371158291578,118.00371158291578,True
plus_exit,正向退出（+1→0）,2020-07-15,Development,1,33,9,8,88.88888888888889,7,1,3,2.0,3.0,6815.6162,6638.8384,-0.02542505254330496,-0.07168679773957931,-0.0581805354591417,-0.03836015590197117,-0.069635420492134,-254.2505254330496,254.2505254330496,True
plus_exit,正向退出（+1→0）,2020-07-16,Development,1,33,9,9,100.0,8,0,3,3.0,3.0,6642.3288,6319.9981,-0.0474686378066681,-0.033610019425717175,-0.014417157428280314,-0.012086167730811614,-0.014095673794407793,-474.686378066681,474.686378066681,True
plus_exit,正向退出（+1→0）,2021-09-08,Development,1,51,11,6,54.54545454545454,5,5,4,1.0,1.0,7496.3344,7544.0411,0.005155479723530032,0.015643592420316876,0.0156351082737185,0.005191430627748073,-0.000769696186445401,51.55479723530032,-51.55479723530032,True
plus_exit,正向退出（+1→0）,2021-09-10,Development,1,51,11,8,72.72727272727273,7,3,5,1.0,4.0,7613.604,7607.6749,-8.353468344379777e-06,0.002247463881756895,-0.010291170909335401,-0.025191617530935462,-0.059759307155980324,-0.08353468344379777,0.08353468344379777,True
plus_exit,正向退出（+1→0）,2021-09-13,Development,1,51,11,9,81.81818181818183,8,2,5,2.0,4.0,7613.5404,7648.7481,0.002255836194157368,-0.010282903338898586,0.00043881030696302226,-0.04051490946314551,-0.061834478477319155,22.55836194157368,-22.55836194157368,True
plus_exit,正向退出（+1→0）,2021-09-14,Development,1,51,11,10,90.9090909090909,9,1,5,3.0,4.0,7630.7153,7556.6157,-0.0125105178540732,-0.0018129362000964822,-0.027377551354851315,-0.015514168114750593,-0.0781082213878429,-125.105178540732,125.105178540732,True
plus_exit,正向退出（+1→0）,2021-09-15,Development,1,51,11,11,100.0,10,0,5,4.0,4.0,7535.2511,7592.3059,0.010833109463332935,-0.015055384153024431,-0.03054610880850417,-0.00593033986617908,-0.0456555057601199,108.33109463332934,-108.33109463332934,True
plus_exit,正向退出（+1→0）,2022-06-16,Development,1,65,17,13,76.47058823529412,12,4,6,1.0,3.0,6262.2871,6264.822,-0.006659531786717299,0.009759804848295861,0.00998890644921091,-0.012024360876076612,0.01962979308310553,-66.59531786717298,66.59531786717298,True
plus_exit,正向退出（+1→0）,2022-06-17,Development,1,65,17,14,82.35294117647058,13,3,6,2.0,3.0,6220.5832,6316.3092,0.016529414798278186,0.016760052337214892,0.009851809393048416,0.013864584272419878,0.037000903709478505,165.29414798278185,-165.29414798278185,True
plus_exit,正向退出（+1→0）,2022-06-20,Development,1,65,17,15,88.23529411764706,14,2,6,3.0,3.0,6323.4058,6330.3942,0.0002268872258679444,-0.006569023294377363,-0.021573611486392363,0.011853390778747697,0.019241023563599136,2.268872258679444,-2.268872258679444,True
plus_exit,正向退出（+1→0）,2022-07-05,Development,1,67,7,5,71.42857142857143,4,2,7,1.0,3.0,6535.4543,6511.5297,-0.0071048771620972895,-0.01852143622211544,-0.008746629901459135,-0.03329167185822113,-0.033144903178345286,-71.0487716209729,71.0487716209729,True
plus_exit,正向退出（+1→0）,2022-07-06,Development,1,67,7,6,85.71428571428571,5,1,7,2.0,3.0,6489.0207,6418.5453,-0.011498252733266767,-0.0016535006584275092,-0.015652808751249636,-0.038579072493943545,-0.020961190646224925,-114.98252733266767,114.98252733266767,True
plus_exit,正向退出（+1→0）,2022-07-07,Development,1,67,7,7,100.0,6,0,7,3.0,3.0,6414.4083,6452.9863,0.009959266235047837,-0.00420288181530315,-0.015048964064230286,-0.022907179139188827,-0.0022359349965296316,99.59266235047836,-99.59266235047836,True
plus_exit,正向退出（+1→0）,2024-05-10,Validation,1,109,8,5,62.5,4,3,8,1.0,2.0,5562.1931,5535.3954,-0.010618922956845966,-0.009659283493771653,-0.011980166600113251,-0.025805576580935297,-0.03841705891152902,-106.18922956845967,106.18922956845967,True
plus_exit,正向退出（+1→0）,2024-05-13,Validation,1,109,8,6,75.0,5,2,8,2.0,2.0,5503.1286,5505.2595,0.0009699391724191653,-0.001375853728004861,-0.007635820104222257,-0.001151744845650171,-0.03221400277652964,9.699391724191653,-9.699391724191653,True
plus_exit,正向退出（+1→0）,2024-10-09,Validation,1,117,10,5,50.0,4,5,9,1.0,6.0,6013.7015,5735.641,-0.04075539831832353,-0.060470693465580316,-0.08481554995704399,-0.10310385375795594,-0.04466377321854109,-407.55398318323535,407.55398318323535,True
plus_exit,正向退出（+1→0）,2024-10-10,Validation,1,117,10,6,60.0,5,4,9,2.0,6.0,5768.6107,5690.8822,-0.0205529383357419,-0.04593213405785912,-0.03299747719151869,-0.046604774352341005,-0.003649578918542673,-205.529383357419,205.529383357419,True
plus_exit,正向退出（+1→0）,2024-10-11,Validation,1,117,10,7,70.0,6,3,9,3.0,6.0,5650.0488,5470.8133,-0.025911758496669934,-0.012705677869543353,-0.04537714789295266,-0.04141856261489274,0.015085975894579828,-259.1175849666993,259.1175849666993,True
plus_exit,正向退出（+1→0）,2024-10-14,Validation,1,117,10,8,80.0,7,2,9,4.0,6.0,5503.6461,5608.153,0.01355737608201224,-0.019983188962677034,-0.000705023529765092,0.03214572608511301,0.056813881982709535,135.5737608201224,-135.5737608201224,True
plus_exit,正向退出（+1→0）,2024-10-15,Validation,1,117,10,9,90.0,8,1,9,5.0,6.0,5578.2611,5472.56,-0.033091925367208064,-0.014071625295560164,-0.029082396304468405,0.022418903984254168,0.05827002253444169,-330.91925367208063,330.91925367208063,True
plus_exit,正向退出（+1→0）,2024-10-16,Validation,1,117,10,10,100.0,9,0,9,6.0,6.0,5393.6657,5461.0877,0.019671259937374508,0.004146753107075352,0.05319185799742843,0.06515813540316384,0.07419201008323517,196.7125993737451,-196.7125993737451,True
plus_exit,正向退出（+1→0）,2024-11-01,Validation,1,119,8,7,87.5,6,1,10,1.0,1.0,5893.3192,5831.8217,-0.009829333527360928,0.005522524556280661,0.04099632003642362,0.0701606999329003,0.02752543931440199,-98.29333527360929,98.29333527360929,True
plus_exit,正向退出（+1→0）,2024-11-13,Validation,1,121,5,5,100.0,4,0,11,1.0,1.0,6234.1577,6259.8412,0.0010348791786258804,-0.028652194666169528,-0.04710684492309192,-0.050341171189814404,-0.09056601182867086,10.348791786258804,-10.348791786258804,True
plus_exit,正向退出（+1→0）,2025-02-20,Test,1,123,31,9,29.03225806451613,8,22,12,1.0,7.0,5941.599,5957.5465,0.004720480126646054,0.01948652206249535,0.004281288589149002,0.01827578737642832,0.006526997193852857,47.204801266460535,-47.204801266460535,True
plus_exit,正向退出（+1→0）,2025-02-21,Test,1,123,31,10,32.25806451612903,9,21,12,2.0,7.0,5969.6462,6057.0648,0.014696666613173814,-0.0004371280830680613,0.003458144638454508,0.0047358417991336665,0.010006472410375,146.96666613173815,-146.96666613173815,True
plus_exit,正向退出（+1→0）,2025-02-24,Test,1,123,31,11,35.483870967741936,10,20,12,3.0,7.0,6057.3801,6044.973,-0.014914599795380346,-0.011075745436546103,-0.001187592635965018,-0.02995154621384921,-0.005728334597988938,-149.14599795380346,149.14599795380346,True
plus_exit,正向退出（+1→0）,2025-02-25,Test,1,123,31,12,38.70967741935484,11,19,12,4.0,7.0,5967.0367,5979.9653,0.0038969761992582175,0.013934839717007153,0.0051752321214983965,-0.020372842687560455,-0.0037903235956298076,38.96976199258218,-38.96976199258218,True
plus_exit,正向退出（+1→0）,2025-02-26,Test,1,123,31,13,41.935483870967744,12,18,12,5.0,7.0,5990.2901,6051.7401,0.009998898050029181,0.0012732939261155263,-0.019087205809949048,-0.008878150993054668,0.013035445478675411,99.98898050029182,-99.98898050029182,True
plus_exit,正向退出（+1→0）,2025-02-27,Test,1,123,31,14,45.16129032258064,13,17,12,6.0,7.0,6050.1864,6028.9856,-0.008639221429607491,-0.02879815405356767,-0.03383618065056637,-0.011537925509204183,-0.00286468859868505,-86.39221429607491,86.39221429607491,True
plus_exit,正向退出（+1→0）,2025-02-28,Test,1,123,31,15,48.38709677419355,14,16,12,7.0,7.0,5997.9175,5859.8708,-0.020334607803458415,-0.025416538323509763,-0.010138535583392061,0.005245787392040624,-0.0006581117529542713,-203.34607803458417,203.34607803458417,True
plus_exit,正向退出（+1→0）,2025-07-28,Test,1,125,25,21,84.0,20,4,13,1.0,1.0,6305.2247,6323.4198,0.0004596346899421455,0.006367576400568398,-0.0011597524827307026,-0.018219874067295305,0.004789995826794291,4.596346899421455,-4.596346899421455,True
plus_exit,正向退出（+1→0）,2025-08-25,Test,1,127,12,5,41.66666666666667,4,7,14,1.0,8.0,6886.2682,6951.8955,0.006101708324401267,0.011399715741539085,-0.004031995152323664,0.02925612162477198,0.005974048469387316,61.01708324401267,-61.01708324401267,True
plus_exit,正向退出（+1→0）,2025-08-26,Test,1,127,12,6,50.0,5,6,14,2.0,8.0,6928.2862,6964.0653,0.005265876574209738,-0.010072245572072314,0.01472050909213296,0.026075481697046543,0.004568388066878759,52.65876574209738,-52.65876574209738,True
plus_exit,正向退出（+1→0）,2025-08-27,Test,1,127,12,7,58.333333333333336,6,5,14,3.0,8.0,6964.7697,6862.5624,-0.015257776578025184,0.009405106388514106,0.017655142279866087,0.003338344410727556,-0.0077041743390309225,-152.57776578025184,152.57776578025184,True
plus_exit,正向退出（+1→0）,2025-08-28,Test,1,127,12,8,66.66666666666666,7,4,14,4.0,8.0,6858.5028,7011.1602,0.025045014197559112,0.03342287765778851,0.036515520559385006,0.0037697586126230753,0.00959404726057711,250.45014197559112,-250.45014197559112,True
plus_exit,正向退出（+1→0）,2025-08-29,Test,1,127,12,9,75.0,8,3,14,5.0,8.0,7030.2741,7043.9416,0.008173166391904907,0.011190246479863442,-0.006010235077463011,-0.045678034089737585,0.012138374519423234,81.73166391904907,-81.73166391904907,True
plus_exit,正向退出（+1→0）,2025-09-01,Test,1,127,12,10,83.33333333333334,9,2,14,6.0,8.0,7087.7337,7110.2882,0.0029926208993997783,-0.014068417948603251,-0.028694080309478953,-0.02262029116584885,0.011665026297475123,29.926208993997783,-29.926208993997783,True
plus_exit,正向退出（+1→0）,2025-09-02,Test,1,127,12,11,91.66666666666666,10,1,14,7.0,8.0,7108.9446,6961.6894,-0.01701013396559603,-0.03159215785701863,-0.056238952825711896,-0.020960537517763167,0.006083054860210879,-170.10133965596032,170.10133965596032,True
plus_exit,正向退出（+1→0）,2025-09-03,Test,1,127,12,12,100.0,11,0,14,8.0,8.0,6988.0205,6868.4615,-0.014834358313631224,-0.039907653390541586,-0.00867390128577894,-0.011005777673376849,0.02808281687210279,-148.34358313631225,148.34358313631225,True
plus_exit,正向退出（+1→0）,2026-01-14,Test,1,131,22,13,59.09090909090909,12,9,15,1.0,3.0,8165.352,8227.697,0.000611927079199992,0.009349431598294933,0.004181889525399551,0.0038215743791572,0.048985861234151384,6.11927079199992,-6.11927079199992,True
plus_exit,正向退出（+1→0）,2026-01-15,Test,1,131,22,14,63.63636363636363,13,8,15,2.0,3.0,8170.3486,8223.2683,0.008732161073274236,0.0035677792254789065,0.016803811773710597,0.0226831814740438,0.05071166730878529,87.32161073274236,-87.32161073274236,True
plus_exit,正向退出（+1→0）,2026-01-16,Test,1,131,22,15,68.18181818181817,14,7,15,3.0,3.0,8241.6934,8232.674,-0.0051196760122136364,0.008001777887054251,-0.0054766536207230265,0.021920580059433092,0.024019214303701242,-51.19676012213637,51.19676012213637,True
plus_exit,正向退出（+1→0）,2026-01-26,Test,1,131,22,21,95.45454545454545,20,1,16,1.0,2.0,8624.8883,8506.6932,-0.018578547852034166,-0.006904379271787331,-0.00466182269282267,-0.040020587860830625,-0.039974952487210835,-185.78547852034166,185.78547852034166,True
plus_exit,正向退出（+1→0）,2026-01-27,Test,1,131,22,22,100.0,21,0,16,2.0,2.0,8464.6504,8548.9321,0.01189516344348962,0.014180172166354144,-0.0029532229706733526,-0.03884159232376572,-0.017262130518704177,118.9516344348962,-118.9516344348962,True
plus_exit,正向退出（+1→0）,2026-04-30,Test,1,137,16,7,43.75,6,9,17,1.0,4.0,8331.4394,8349.5081,0.01319129801268204,0.03677659829104685,0.036896253485322106,0.06298315030653656,0.023131045038868203,131.9129801268204,-131.9129801268204,True
plus_exit,正向退出（+1→0）,2026-05-06,Test,1,137,16,8,50.0,7,8,17,2.0,4.0,8441.3419,8588.4399,0.023278230206503103,0.023396327543610207,0.03907366908097876,0.034303917958826036,0.016591189133092765,232.78230206503105,-232.78230206503105,True
plus_exit,正向退出（+1→0）,2026-05-07,Test,1,137,16,9,56.25,8,7,17,3.0,4.0,8637.8414,8696.7989,0.00011541077843824077,0.015436113471590351,0.025276951716200813,0.03648004002481464,0.007563556330173027,1.1541077843824077,-1.1541077843824077,True
plus_exit,正向退出（+1→0）,2026-05-08,Test,1,137,16,10,62.5,9,6,17,4.0,4.0,8638.8383,8694.1709,0.015318934722970967,0.025158637359840474,0.010658227044254343,0.004373585740110375,-0.01912632164905781,153.18934722970968,-153.18934722970968,True
plus_exit,正向退出（+1→0）,2026-05-12,Test,1,137,16,12,75.0,11,4,18,1.0,1.0,8856.1797,8785.9791,-0.014144552644974051,0.010926889841677223,-0.020274961222839893,-0.03749081559399714,-0.02153797759998033,-141.4455264497405,141.4455264497405,True
plus_exit,正向退出（+1→0）,2026-05-14,Test,1,137,16,14,87.5,13,2,19,1.0,2.0,8952.9502,8670.1574,-0.030864597012948858,-0.05137239566014784,-0.04789436894220622,-0.027898736664479618,-0.05018220697798592,-308.6459701294886,308.6459701294886,True
plus_exit,正向退出（+1→0）,2026-05-15,Test,1,137,16,15,93.75,14,1,19,2.0,2.0,8676.621,8536.3444,-0.02116092197642372,-0.017572128597065473,-0.010975148044382599,-0.023397576084053906,-0.010004240129884656,-211.6092197642372,211.6092197642372,True
plus_exit,正向退出（+1→0）,2026-07-01,Test,1,141,9,5,55.55555555555556,4,4,20,1.0,5.0,9052.0429,9028.9326,-0.02457148098580042,-0.03863397509969835,-0.028841610991481414,-0.05667531690553529,-0.08372703359591904,-245.7148098580042,245.7148098580042,True
plus_exit,正向退出（+1→0）,2026-07-02,Test,1,141,9,6,66.66666666666666,5,3,20,2.0,5.0,8829.6208,8694.1756,-0.0144167346348556,-0.004377696491790539,-0.025544154738785685,-0.04444964386239558,-0.09322845438617255,-144.16734634855598,144.16734634855598,True
plus_exit,正向退出（+1→0）,2026-07-03,Test,1,141,9,7,77.77777777777779,6,2,20,3.0,5.0,8702.3265,8745.2607,0.01018588534916498,-0.011290187744621982,-0.018766360926586678,-0.0034431482201913166,-0.09218563564582405,101.8588534916498,-101.8588534916498,True
plus_exit,正向退出（+1→0）,2026-07-06,Test,1,141,9,8,88.88888888888889,7,1,20,4.0,5.0,8790.9674,8651.1339,-0.021259525999379747,-0.028660315587110463,-0.04024814151853173,-0.04343367261264086,-0.13572999940825614,-212.59525999379747,212.59525999379747,True
plus_exit,正向退出（+1→0）,2026-07-07,Test,1,141,9,9,100.0,8,0,20,5.0,5.0,8604.0756,8508.7885,-0.007561544438312584,-0.019401073137944036,0.007936645744953674,-0.054512538220840345,-0.13558960360599337,-75.61544438312583,75.61544438312583,True
minus_entry,零段向下（0→-1）,2018-01-16,Development,0,0,10,10,100.0,9,0,0,1.0,1.0,6245.153,6301.1327,0.00686354681782797,0.0012662780239329763,0.006315810036999769,0.015617775897563968,0.008998210292045616,68.6354681782797,-68.6354681782797,True
minus_entry,零段向下（0→-1）,2018-02-02,Development,0,2,26,8,30.76923076923077,7,18,1,1.0,1.0,5937.6198,6004.8494,-0.0016644885211410942,-0.00863549734188096,-0.02217299261902894,-0.05147845606416235,-0.010088874333112452,-16.644885211410944,16.644885211410944,True
minus_entry,零段向下（0→-1）,2018-02-09,Development,0,2,26,13,50.0,12,13,2,1.0,1.0,5631.9603,5554.8974,-0.008922115448860679,0.017611399000806216,0.01951780448452367,0.0436358899760001,0.0748436028570727,-89.22115448860679,89.22115448860679,True
minus_entry,零段向下（0→-1）,2018-03-06,Development,0,2,26,25,96.15384615384616,24,1,3,1.0,1.0,6077.3686,6145.5768,0.009309637727091369,-0.0006083883080582053,0.008845308477751335,0.03429665266641879,0.0053043351690071905,93.09637727091369,-93.09637727091369,True
minus_entry,零段向下（0→-1）,2018-03-22,Development,0,4,89,4,4.49438202247191,3,85,4,1.0,1.0,6130.0482,6101.2276,-0.035347177204903546,-0.0676496964575255,-0.028354148993477768,-0.022198194134917193,-0.022137036377625874,-353.47177204903545,353.47177204903545,True
minus_entry,零段向下（0→-1）,2018-03-30,Development,0,4,89,10,11.235955056179774,9,79,5,1.0,1.0,6052.1757,6114.7382,0.01240177148194821,-0.0021658657398198056,0.004208552636698837,-0.0032528632637019994,-0.004563879399601678,124.0177148194821,-124.0177148194821,True
minus_entry,零段向下（0→-1）,2018-04-17,Development,0,4,89,20,22.47191011235955,19,69,6,1.0,1.0,6024.5543,5890.8571,-0.016385328288932466,-0.009845939972688122,-0.006720961914145174,-0.0330484032652838,-0.030120734408518812,-163.85328288932465,163.85328288932465,True
minus_entry,零段向下（0→-1）,2018-04-26,Development,0,4,89,27,30.337078651685395,26,62,7,1.0,1.0,5951.1919,5847.9766,-0.014408878329062125,-0.015013899988672863,-0.01816469739448323,-0.005020691737398053,0.0052559219271690605,-144.08878329062125,144.08878329062125,True
minus_entry,零段向下（0→-1）,2018-05-16,Development,0,4,89,39,43.82022471910113,38,50,8,1.0,1.0,6002.7535,6004.0696,-0.0003352461499542825,-0.005696335856536505,0.005276345263885984,0.012989438929984498,-0.040532149121232486,-3.352461499542825,3.352461499542825,True
minus_entry,零段向下（0→-1）,2018-05-31,Development,0,4,89,50,56.17977528089888,49,39,9,1.0,1.0,5722.9475,5754.4746,0.0012179388330926244,-0.0052381399619689795,-0.007292011677549115,0.011097882690694005,-0.02313131476393948,12.179388330926244,-12.179388330926244,True
minus_entry,零段向下（0→-1）,2018-06-11,Development,0,4,89,57,64.04494382022472,56,32,10,1.0,1.0,5657.6488,5632.3566,-0.003411470149932261,0.0037401402504870784,-0.01185662142902899,-0.04612589243786225,-0.10574452765608222,-34.11470149932261,34.11470149932261,True
minus_entry,零段向下（0→-1）,2018-06-19,Development,0,4,89,62,69.66292134831461,61,27,11,1.0,1.0,5396.6847,5141.7095,-0.05236981882599134,-0.037162667665205595,-0.06378892211360798,-0.06250157619918018,-0.04783251465478422,-523.6981882599134,523.6981882599134,True
minus_entry,零段向下（0→-1）,2018-08-03,Development,0,6,15,1,6.666666666666667,0,14,12,1.0,1.0,4982.894,4929.75,-0.012722024590529069,-0.02941678069009701,-0.008451855487995541,0.0034427583649179194,-0.011932563686885556,-127.22024590529068,127.22024590529068,True
minus_entry,零段向下（0→-1）,2018-08-13,Development,0,6,15,7,46.666666666666664,6,8,13,1.0,1.0,4981.3434,5055.2753,0.012556171092320323,0.01088505562575759,-0.021008148123255244,-0.03756149395361885,-0.02453526893970015,125.56171092320324,-125.56171092320324,True
minus_entry,零段向下（0→-1）,2018-08-22,Development,0,6,15,14,93.33333333333333,13,1,14,1.0,1.0,4877.0124,4837.0183,-0.009228088081137398,-0.00474624587790673,-0.003667737240118596,0.019494004157135203,2.0852930372017298e-05,-92.28088081137398,92.28088081137398,True
minus_entry,零段向下（0→-1）,2018-10-12,Development,0,8,25,25,100.0,24,0,15,1.0,1.0,4267.3555,4278.0353,0.0037494415452381524,-0.01733542002769617,-0.02812280345520768,-0.07238902406888759,-0.0015103733448031953,37.494415452381524,-37.494415452381524,True
minus_entry,零段向下（0→-1）,2018-11-30,Development,0,12,22,4,18.181818181818183,3,18,16,1.0,1.0,4334.0405,4376.6511,0.0345227276948612,0.03973338504797086,0.028185569562628743,0.019743262666788608,0.023525806923124115,345.227276948612,-345.227276948612,True
minus_entry,零段向下（0→-1）,2018-12-25,Development,0,12,22,21,95.45454545454545,20,1,17,1.0,1.0,4233.5432,4225.5124,-0.003515117077345531,0.007036966104420506,-0.015259865542413653,-0.024057460899418626,0.013231446415853387,-35.151170773455306,35.151170773455306,True
minus_entry,零段向下（0→-1）,2019-01-30,Development,0,16,7,3,42.857142857142854,2,4,18,1.0,1.0,4235.2746,4211.6235,-0.007389697943080087,-0.010900072453389309,0.016746493840092525,0.04898225489322461,0.10201907569346269,-73.89697943080087,73.89697943080087,True
minus_entry,零段向下（0→-1）,2019-03-12,Development,0,18,33,1,3.0303030303030303,0,32,19,1.0,1.0,5500.9359,5551.0029,0.01022002455982074,-0.021782820628758914,-0.031290566392529695,0.0008657799484630413,0.012832216423390719,102.2002455982074,-102.2002455982074,True
minus_entry,零段向下（0→-1）,2019-03-28,Development,0,18,33,13,39.39393939393939,12,20,20,1.0,1.0,5432.9438,5370.1234,-0.011508107262217626,0.029214603692385044,0.06660183011648302,0.08014956826904762,0.05284507084354528,-115.08107262217626,115.08107262217626,True
minus_entry,零段向下（0→-1）,2019-04-09,Development,0,18,33,20,60.60606060606061,19,13,21,1.0,1.0,5834.29,5858.0464,-0.0014164876960177653,0.003144512871317673,-0.019581114411522216,-0.03585147464387273,-0.021177658292611423,-14.164876960177653,14.164876960177653,True
minus_entry,零段向下（0→-1）,2019-04-25,Development,0,18,33,32,96.96969696969697,31,1,22,1.0,1.0,5652.0056,5458.4194,-0.03969967757993731,-0.04367325821474777,-0.07217984709710834,-0.1272049518139191,-0.1255504594687593,-396.9967757993731,396.9967757993731,True
minus_entry,零段向下（0→-1）,2019-05-20,Development,0,20,70,5,7.142857142857142,4,65,23,1.0,1.0,4937.1767,4923.5589,-0.004017336466811017,0.013162077022683905,0.0036611004827920013,-0.017932313421150203,-0.0031330253989085843,-40.17336466811017,40.17336466811017,True
minus_entry,零段向下（0→-1）,2019-06-04,Development,0,20,70,16,22.857142857142858,15,54,24,1.0,1.0,4847.6634,4795.4129,-0.002015073901376896,-0.014682083743685737,-0.03174727436727576,0.008601504799198745,0.011406815085387212,-20.15073901376896,20.15073901376896,True
minus_entry,零段向下（0→-1）,2019-06-18,Development,0,20,70,25,35.714285714285715,24,45,25,1.0,1.0,4804.3018,4797.1468,0.020535346051740344,0.010179835080302402,0.035235817200326425,0.04493870472500294,0.060058674915052235,205.35346051740345,-205.35346051740345,True
minus_entry,零段向下（0→-1）,2019-07-08,Development,0,20,70,39,55.714285714285715,38,31,26,1.0,1.0,5028.6349,4870.7807,-0.03184957810319444,-0.02718904886095419,-0.0320071755457928,-0.03534647146485015,-0.028478026909450116,-318.49578103194443,318.49578103194443,True
minus_entry,零段向下（0→-1）,2019-07-24,Development,0,20,70,51,72.85714285714285,50,19,27,1.0,1.0,4837.7669,4873.0271,0.0073189346927815535,0.008878579908428552,0.012378645196815974,0.015767006053970967,-0.032936394682430814,73.18934692781554,-73.18934692781554,True
minus_entry,零段向下（0→-1）,2019-08-05,Development,0,20,70,59,84.28571428571429,58,11,28,1.0,1.0,4795.9105,4751.9846,-0.027121044064521205,-0.02449632869504137,-0.03211986545620482,-0.0391570901917373,-0.006433064169983904,-271.21044064521203,271.21044064521203,True
minus_entry,零段向下（0→-1）,2019-09-16,Development,0,22,55,1,1.8181818181818181,0,54,29,1.0,1.0,5263.3007,5250.3398,-0.004890752299217871,-0.021894549935176477,-0.021431874488949454,-0.013378847991717513,-0.04828950776078589,-48.90752299217871,48.90752299217871,True
minus_entry,零段向下（0→-1）,2019-09-30,Development,0,22,55,11,20.0,10,44,30,1.0,1.0,5009.1385,4940.903,-0.01079237477662065,-0.016555741072042718,-0.004191878503658875,0.017184172487943794,-0.010450020497536627,-107.9237477662065,107.9237477662065,True
minus_entry,零段向下（0→-1）,2019-11-08,Development,0,22,55,35,63.63636363636363,34,20,31,1.0,1.0,5036.6566,4988.2938,-0.01498261763567521,-0.0313073557565946,-0.03130822935198718,-0.025106218279800863,-0.016349417190761106,-149.82617635675211,149.82617635675211,True
minus_entry,零段向下（0→-1）,2019-11-21,Development,0,22,55,44,80.0,43,11,32,1.0,1.0,4929.8513,4945.7188,0.00496138696921733,-0.005042018204484244,-0.004751137219899615,-0.00653139375623768,-0.00042102689791068126,49.613869692173296,-49.613869692173296,True
minus_entry,零段向下（0→-1）,2020-01-22,Development,0,24,20,7,35.0,6,13,33,1.0,1.0,5502.587,5575.5126,0.003490194702964189,-0.11007413422086743,-0.13929162773800763,-0.06804085060354337,-0.008346601334972226,34.90194702964189,-34.90194702964189,True
minus_entry,零段向下（0→-1）,2020-02-17,Development,0,24,20,19,95.0,18,1,34,1.0,1.0,5454.4626,5594.4366,0.02811963547059615,0.03661500951532792,0.03026103799850066,0.0605215443222582,0.011362439262119217,281.1963547059615,-281.1963547059615,True
minus_entry,零段向下（0→-1）,2020-03-05,Development,0,26,10,4,40.0,3,6,35,1.0,1.0,5795.25,5801.1199,-0.010034804365644301,-0.021847789137655838,-0.057991769121263026,-0.04968356843967048,-0.11652755273715543,-100.34804365644301,100.34804365644301,True
minus_entry,零段向下（0→-1）,2020-04-01,Development,0,28,27,5,18.51851851851852,4,22,36,1.0,1.0,5029.5837,5019.2187,-0.006155141627327998,0.022652928511757375,0.03438908870330559,0.05401691595270597,0.04301369912583408,-61.55141627327998,61.55141627327998,True
minus_entry,零段向下（0→-1）,2020-04-24,Development,0,28,27,21,77.77777777777779,20,6,37,1.0,1.0,5350.5426,5273.5474,-0.013375073399097936,-0.015403503188629819,-0.027442506485230167,-0.00553263513872404,0.027166272818760495,-133.75073399097937,133.75073399097937,True
minus_entry,零段向下（0→-1）,2020-06-05,Development,0,30,14,11,78.57142857142857,10,3,38,1.0,1.0,5585.1592,5585.4231,0.0059472073777233625,-0.0005398592756317155,0.004744484275398975,-0.018150727019562884,0.026547121521621087,59.472073777233625,-59.472073777233625,True
minus_entry,零段向下（0→-1）,2020-06-24,Development,0,32,6,1,16.666666666666664,0,5,39,1.0,1.0,5808.5388,5789.0893,-0.005867275948987505,-0.003180507290404977,0.013084392239920861,0.031239698355806755,0.14733266480031082,-58.67275948987505,58.67275948987505,True
minus_entry,零段向下（0→-1）,2020-07-20,Development,0,34,40,2,5.0,1,38,40,1.0,1.0,6419.08,6526.8325,0.019860369398730038,0.021044775886887246,0.022272428447690285,-0.017836527975971572,0.03369063791072868,198.60369398730037,-198.60369398730037,True
minus_entry,零段向下（0→-1）,2020-07-28,Development,0,34,40,8,20.0,7,32,41,1.0,1.0,6345.682,6359.6637,-0.0007365796142951853,0.0319932041977522,0.024223070112873613,0.06505395322362517,0.060212156865093514,-7.365796142951853,7.365796142951853,True
minus_entry,零段向下（0→-1）,2020-08-11,Development,0,34,40,18,45.0,17,22,42,1.0,1.0,6727.7692,6600.8472,-0.02196320884491698,-0.026071004338258152,-0.02752264450451125,0.002948481050747187,-0.004407047732850278,-219.63208844916983,219.63208844916983,True
minus_entry,零段向下（0→-1）,2020-08-24,Development,0,34,40,27,67.5,26,13,43,1.0,1.0,6667.2961,6688.9647,0.004623088511098272,-0.002526826429682605,-0.019372155977893324,0.007797733776965465,-0.007109013802461872,46.230885110982726,-46.230885110982726,True
minus_entry,零段向下（0→-1）,2020-09-10,Development,0,34,40,40,100.0,39,0,44,1.0,1.0,6404.6646,6235.5687,-0.030427276394770164,-0.008479679013948749,-0.008373272192895076,-0.009210958525447177,-0.007958355852076937,-304.27276394770166,304.27276394770166,True
minus_entry,零段向下（0→-1）,2020-09-24,Development,0,36,20,4,20.0,3,16,45,1.0,1.0,6353.694,6244.6389,-0.012904807817310848,-0.01553002080364596,-0.02308943427240917,-0.008439767480146187,0.016217888365413824,-129.04807817310848,129.04807817310848,True
minus_entry,零段向下（0→-1）,2020-10-21,Development,0,36,20,17,85.0,16,3,46,1.0,1.0,6426.194,6350.0127,-0.014688367640317113,-0.017768900223055883,-0.035921744659436095,-0.03181569059384137,-0.027941453370377567,-146.88367640317114,146.88367640317114,True
minus_entry,零段向下（0→-1）,2020-11-13,Development,0,38,66,8,12.121212121212121,7,58,47,1.0,1.0,6304.4593,6306.97,0.002418113794469212,0.012104003907202676,0.004598538688321829,0.007982920914407332,0.005222430415245727,24.18113794469212,-24.18113794469212,True
minus_entry,零段向下（0→-1）,2020-11-20,Development,0,38,66,13,19.696969696969695,12,53,48,1.0,1.0,6354.7873,6422.9854,0.012766973333631526,0.01856230498855571,0.021160110268364063,-0.0027386282464560985,0.011210288659071255,127.66973333631526,-127.66973333631526,True
minus_entry,零段向下（0→-1）,2020-12-07,Development,0,38,66,24,36.36363636363637,23,42,49,1.0,1.0,6465.9879,6424.6823,-0.006469081081948769,-0.005491999142157367,-0.026389610163050303,-0.03992613410241608,-0.0253217764295538,-64.6908108194877,64.6908108194877,True
minus_entry,零段向下（0→-1）,2020-12-14,Development,0,38,66,29,43.93939393939394,28,37,50,1.0,1.0,6207.826,6259.0175,0.006809259795619305,0.009727253953316417,0.002779233825174865,0.015211702132115201,0.01223553946260747,68.09259795619305,-68.09259795619305,True
minus_entry,零段向下（0→-1）,2020-12-23,Development,0,38,66,36,54.54545454545454,35,30,51,1.0,1.0,6255.3524,6307.604,0.008493158594869987,-0.010288820818472155,0.004544859854738181,-0.009416240082653071,0.04289497742765058,84.93158594869988,-84.93158594869988,True
minus_entry,零段向下（0→-1）,2020-12-30,Development,0,38,66,41,62.121212121212125,40,25,52,1.0,1.0,6196.4505,6269.2484,0.013960750594231186,0.032141191154516635,0.044186554867177597,0.05280847478729944,0.04443493900257889,139.60750594231186,-139.60750594231186,True
minus_entry,零段向下（0→-1）,2021-01-13,Development,0,38,66,50,75.75757575757575,49,16,53,1.0,1.0,6550.0346,6496.9131,-0.011945768958228187,-0.018763900880767848,-0.02064184515910794,-0.011048231714684276,-0.003412836933716301,-119.45768958228187,119.45768958228187,True
minus_entry,零段向下（0→-1）,2021-01-21,Development,0,38,66,56,84.84848484848484,55,10,54,1.0,1.0,6552.0345,6622.4959,0.0103518685684576,0.01284869608058381,0.010548418205063026,-0.0116259461088003,-0.026917165958146194,103.51868568457601,-103.51868568457601,True
minus_entry,零段向下（0→-1）,2021-02-02,Development,0,38,66,64,96.96969696969697,63,2,55,1.0,1.0,6404.853,6454.7853,0.008557745197274702,-0.004556029623162261,-0.00952757229557033,-0.010997395256378328,0.03259222342807866,85.57745197274701,-85.57745197274701,True
minus_entry,零段向下（0→-1）,2021-02-23,Development,0,40,11,3,27.27272727272727,2,8,56,1.0,1.0,6613.6014,6631.2286,0.0029758219175410883,-0.002025522735615737,-0.037477750019830225,-0.015056864479313647,-0.05719841235064449,29.758219175410883,-29.758219175410883,True
minus_entry,零段向下（0→-1）,2021-03-05,Development,0,40,11,11,100.0,10,0,57,1.0,1.0,6325.7517,6403.4964,0.02023920730243023,-0.014296767291703816,-0.02544891226128898,-0.014902070847959359,-0.02062969053938679,202.39207302430228,-202.39207302430228,True
minus_entry,零段向下（0→-1）,2021-03-24,Development,0,44,12,1,8.333333333333332,0,11,58,1.0,1.0,6180.3124,6142.5439,-0.009941681912389977,-0.0025061354503698174,0.014511628894358308,0.01575706755535533,0.02469355756191227,-99.41681912389977,99.41681912389977,True
minus_entry,零段向下（0→-1）,2021-04-07,Development,0,44,12,10,83.33333333333334,9,2,59,1.0,1.0,6350.3783,6348.0761,-0.002748182734247484,-0.0008013223401195368,-0.003954725027956241,-0.02263502947533058,0.007226939535240007,-27.48182734247484,27.48182734247484,True
minus_entry,零段向下（0→-1）,2021-05-10,Development,0,46,15,1,6.666666666666667,0,14,60,1.0,1.0,6461.4184,6475.9938,-0.0038887127321765025,-0.004101963123143371,-0.0019281524935763628,0.009358177455278449,0.00842138623928168,-38.88712732176502,38.88712732176502,True
minus_entry,零段向下（0→-1）,2021-05-19,Development,0,46,15,8,53.333333333333336,7,7,61,1.0,1.0,6582.1042,6584.3869,-0.006230773435643822,-0.0037398070969462127,-0.010068467162826056,0.0074841568141690296,0.024065100640612735,-62.30773435643822,62.30773435643822,True
minus_entry,零段向下（0→-1）,2021-06-10,Development,0,48,31,1,3.225806451612903,0,30,62,1.0,1.0,6688.8192,6765.6436,0.012681311523564665,0.006768907731875773,-0.004384286541935567,-0.01174394129235845,0.008977159974663307,126.81311523564665,-126.81311523564665,True
minus_entry,零段向下（0→-1）,2021-07-01,Development,0,48,31,15,48.38709677419355,14,16,63,1.0,1.0,6827.6968,6716.6658,-0.018546898567610715,-0.023078148402840615,-0.014606594715805055,-0.007740824109236932,0.00689953016074174,-185.46898567610714,185.46898567610714,True
minus_entry,零段向下（0→-1）,2021-07-09,Development,0,48,31,21,67.74193548387096,20,10,64,1.0,1.0,6721.6089,6804.5389,0.019469520162055165,0.02680945926502809,0.03454730905274772,0.031159578475326022,0.04681751120628275,194.69520162055164,-194.69520162055164,True
minus_entry,零段向下（0→-1）,2021-07-19,Development,0,48,31,27,87.09677419354838,26,4,65,1.0,1.0,6912.098,6889.3375,-0.011725340121045758,0.0016657605259646768,0.01217534820831534,0.008971400579100619,-0.022465653698775734,-117.25340121045758,117.25340121045758,True
minus_entry,零段向下（0→-1）,2021-08-05,Development,0,50,22,4,18.181818181818183,3,18,66,1.0,1.0,6920.9393,6911.8292,0.0011679484026105857,-0.0009561563413799101,0.0072080389435000836,0.02001578022798145,-0.000495597468973652,11.679484026105857,-11.679484026105857,True
minus_entry,零段向下（0→-1）,2021-08-18,Development,0,50,22,13,59.09090909090909,12,9,67,1.0,1.0,6883.2663,6941.008,0.004974818423050031,0.004612853638976455,0.009598059572386353,0.030346145404834823,0.056334810117690814,49.748184230500314,-49.748184230500314,True
minus_entry,零段向下（0→-1）,2021-08-27,Development,0,50,22,20,90.9090909090909,19,2,68,1.0,1.0,7096.6546,7180.1088,0.01493262755101532,0.014918198216945733,0.024572028628813358,0.03368360353905353,0.0728440975554876,149.3262755101532,-149.3262755101532,True
minus_entry,零段向下（0→-1）,2021-09-16,Development,0,52,6,1,16.666666666666664,0,5,69,1.0,1.0,7616.8813,7446.9353,-0.025611046347801092,-0.04093575673812855,-0.013726116488122164,-0.02847314950280233,-0.06748159512476593,-256.1104634780109,256.1104634780109,True
minus_entry,零段向下（0→-1）,2021-10-14,Development,0,54,2,1,50.0,0,1,70,1.0,1.0,6970.6469,7008.3326,0.0036543236754682518,0.008104441497388093,0.012929632112049783,0.02252132438382448,0.007983018046718193,36.54323675468252,-36.54323675468252,True
minus_entry,零段向下（0→-1）,2021-10-25,Development,0,56,53,1,1.8867924528301887,0,52,71,1.0,1.0,7019.0224,7103.9856,0.014395708439397525,0.010557225177113105,0.0010359419853112062,-0.001987897915812331,-0.004634021398763344,143.95708439397526,-143.95708439397526,True
minus_entry,零段向下（0→-1）,2021-11-18,Development,0,56,53,19,35.84905660377358,18,34,72,1.0,1.0,7108.7797,7084.6827,-0.0036255308347789006,0.009652964769748085,0.01929526666862391,0.021665279625981304,0.020769303063365552,-36.255308347789004,36.255308347789004,True
minus_entry,零段向下（0→-1）,2021-12-07,Development,0,56,53,32,60.37735849056604,31,21,73,1.0,1.0,7274.1261,7206.8257,-0.00675360851937945,0.00339139020424728,0.0016287042370628502,0.0077136276205054255,-0.011431380052649986,-67.5360851937945,67.5360851937945,True
minus_entry,零段向下（0→-1）,2021-12-20,Development,0,56,53,41,77.35849056603774,40,12,74,1.0,1.0,7290.9488,7195.9732,-0.013712344269925514,-0.00014295807426323304,0.0020861345233968986,-0.0029596696660385557,0.013284512435473461,-137.12344269925515,137.12344269925515,True
minus_entry,零段向下（0→-1）,2022-01-05,Development,0,56,53,52,98.11320754716981,51,1,75,1.0,1.0,7343.8995,7222.6747,-0.021235257917132544,-0.015181416902559808,-0.02484538357312771,-0.025017131566138717,-0.02715487868536326,-212.35257917132543,212.35257917132543,True
minus_entry,零段向下（0→-1）,2022-02-16,Development,0,60,24,9,37.5,8,15,76,1.0,1.0,6779.2077,6772.0336,-0.0021939731983723343,-0.006592024020742104,0.009422443274602621,0.0008696443981204283,0.01089563902873203,-21.93973198372334,21.93973198372334,True
minus_entry,零段向下（0→-1）,2022-02-25,Development,0,60,24,16,66.66666666666666,15,8,77,1.0,1.0,6805.6374,6819.4311,0.00379833636155813,0.009254739313616644,0.006969824751462683,0.002673871517163029,-0.06795125464662566,37.9833636155813,-37.9833636155813,True
minus_entry,零段向下（0→-1）,2022-03-21,Development,0,62,20,2,10.0,1,18,78,1.0,1.0,6340.5589,6358.943,0.00044814661370007336,0.004377169337548503,0.004796438370756162,-0.01741767590866472,0.003539609102913621,4.481466137000734,-4.481466137000734,True
minus_entry,零段向下（0→-1）,2022-04-01,Development,0,62,20,11,55.00000000000001,10,9,79,1.0,1.0,6289.39,6364.5206,0.011704155728933907,0.005154490340080642,-0.00988884454613248,-0.04288436557440389,-0.0352833104641308,117.04155728933907,-117.04155728933907,True
minus_entry,零段向下（0→-1）,2022-04-13,Development,0,62,20,17,85.0,16,3,80,1.0,1.0,6094.6845,6044.3263,-0.003371839838469004,-9.230994647879687e-05,-0.012331073085079414,-0.0019479761421612451,-0.15023803118930934,-33.71839838469004,33.71839838469004,True
minus_entry,零段向下（0→-1）,2022-05-10,Development,0,64,18,5,27.77777777777778,4,13,81,1.0,1.0,5532.6001,5690.0868,0.029792375559549278,0.03162270846215698,0.04206288106743883,0.04650898227760947,0.07763957131114552,297.92375559549276,-297.92375559549276,True
minus_entry,零段向下（0→-1）,2022-05-26,Development,0,64,18,17,94.44444444444444,16,1,82,1.0,1.0,5848.0259,5911.5607,0.012535118902260889,0.012006957766722781,0.015791055234553708,0.0260928563944971,0.040265724541336256,125.35118902260889,-125.35118902260889,True
minus_entry,零段向下（0→-1）,2022-07-27,Development,0,70,8,3,37.5,2,5,83,1.0,1.0,6301.6083,6332.2327,0.009468154344026702,0.008713981794139736,-0.0013052540888648378,-0.02062824184105516,0.004729681468776947,94.68154344026702,-94.68154344026702,True
minus_entry,零段向下（0→-1）,2022-08-03,Development,0,70,8,8,100.0,7,0,84,1.0,1.0,6171.6172,6124.3146,-0.0018035467267800698,0.0006259785522666483,0.01538496263183653,0.02589203037414589,0.048874612637997084,-18.035467267800698,18.035467267800698,True
minus_entry,零段向下（0→-1）,2022-09-01,Development,0,74,15,5,33.33333333333333,4,10,85,1.0,1.0,6153.287,6126.7685,-0.0029238519184950906,-0.000906962408872003,0.007345634942754975,0.023827882560979008,-0.010054382316313282,-29.238519184950906,29.238519184950906,True
minus_entry,零段向下（0→-1）,2022-09-16,Development,0,74,15,15,100.0,14,0,86,1.0,1.0,6091.4195,5954.5037,-0.023568053390511046,-0.02332526925784706,-0.024349989357981383,-0.0214002663911097,-0.05372596650091166,-235.68053390511045,235.68053390511045,True
minus_entry,零段向下（0→-1）,2022-10-25,Development,0,76,28,14,50.0,13,14,87,1.0,1.0,5864.0249,5869.781,0.0012026551933637109,0.019484876334682655,0.010026287575961579,-0.008494182894755564,0.04704367813990684,12.026551933637109,-12.026551933637109,True
minus_entry,零段向下（0→-1）,2022-11-25,Development,0,78,3,2,66.66666666666666,1,1,88,1.0,1.0,6095.1259,6087.8591,-0.015630735371684468,-0.00388449728331286,0.01011398304340183,0.013584165669161985,0.0148754925636565,-156.3073537168447,156.3073537168447,True
minus_entry,零段向下（0→-1）,2022-12-29,Development,0,82,12,2,16.666666666666664,1,10,89,1.0,1.0,5843.9431,5857.4021,0.005362064527972388,0.0030129143454526996,0.018577028924186445,0.02741813143252525,0.03199670099457341,53.620645279723874,-53.620645279723874,True
minus_entry,零段向下（0→-1）,2023-02-17,Validation,0,84,18,1,5.555555555555555,0,17,90,1.0,1.0,6284.9225,6237.4053,-0.0058341212640250495,0.010339761548372461,0.010677140410243702,0.013159844055356196,0.01577443476828888,-58.3412126402505,58.3412126402505,True
minus_entry,零段向下（0→-1）,2023-03-08,Validation,0,84,18,14,77.77777777777779,13,4,91,1.0,1.0,6264.4315,6301.5157,0.0074405634413914346,-0.002054695625612557,-0.011885420089596255,-0.008540838861435307,-0.0032036745872310313,74.40563441391434,-74.40563441391434,True
minus_entry,零段向下（0→-1）,2023-03-31,Validation,0,86,9,7,77.77777777777779,6,2,92,1.0,1.0,6284.8522,6339.8183,0.009839579043720459,0.02067916569302919,0.016289436368925214,0.030245627733298086,0.02195989589063041,98.3957904372046,-98.3957904372046,True
minus_entry,零段向下（0→-1）,2023-04-24,Validation,0,88,2,2,100.0,1,0,93,1.0,1.0,6250.9635,6208.7797,-0.0072540977082972136,-0.02492895695199626,-0.019728014729249344,-0.004437299945840301,-0.010445573710356815,-72.54097708297213,72.54097708297213,True
minus_entry,零段向下（0→-1）,2023-05-10,Validation,0,90,4,4,100.0,3,0,94,1.0,1.0,6167.1346,6173.8093,0.0030052854692030895,-0.004571685527992142,-0.011749184134881796,-0.01121387880848268,-0.021800334956204814,30.052854692030895,-30.052854692030895,True
minus_entry,零段向下（0→-1）,2023-05-30,Validation,0,92,16,2,12.5,1,14,95,1.0,1.0,6008.4621,6061.3089,0.005917970257314442,0.0033854087221421025,0.008895604084779185,0.013347908111128959,0.0013686696966932477,59.179702573144425,-59.179702573144425,True
minus_entry,零段向下（0→-1）,2023-06-08,Validation,0,92,16,9,56.25,8,7,96,1.0,1.0,5971.7247,5966.1477,-0.0005064868445793236,0.004670794686834734,0.007528980697988352,0.013018617552815304,-0.004044844867011399,-5.064868445793236,5.064868445793236,True
minus_entry,零段向下（0→-1）,2023-07-11,Validation,0,94,33,9,27.27272727272727,8,24,97,1.0,1.0,5991.0207,6029.2318,0.006613898029095511,-0.0007960079323378055,0.010336936408849251,0.004166435278716296,-0.002345576939835947,66.1389802909551,-66.1389802909551,True
minus_entry,零段向下（0→-1）,2023-09-04,Validation,0,96,49,9,18.367346938775512,8,40,98,1.0,1.0,5772.0266,5829.784,0.00830559235468531,-3.076908897126085e-05,0.0017401167208757062,-0.008490691986762444,-0.014929574302377624,83.0559235468531,-83.0559235468531,True
minus_entry,零段向下（0→-1）,2023-09-11,Validation,0,96,49,14,28.57142857142857,13,35,99,1.0,1.0,5723.0181,5774.7305,0.008989662290251887,0.007304886909234032,-0.0014578496615273995,-0.006494021048089937,-0.0049127225370823036,89.89662290251887,-89.89662290251887,True
minus_entry,零段向下（0→-1）,2023-10-10,Validation,0,96,49,29,59.183673469387756,28,20,100,1.0,1.0,5665.6622,5630.3714,-0.004693184849601573,-0.0017737202899247295,-0.003569856317942821,-0.014211472049992624,-0.062480392847988675,-46.931848496015725,46.931848496015725,True
minus_entry,零段向下（0→-1）,2023-10-19,Validation,0,96,49,36,73.46938775510205,35,13,101,1.0,1.0,5496.7574,5464.027,-0.009696935142162189,-0.017503737749095527,-0.03367221555020794,-0.026487361439673562,0.0032309594016282084,-96.96935142162188,96.96935142162188,True
minus_entry,零段向下（0→-1）,2023-11-29,Validation,0,100,15,1,6.666666666666667,0,14,102,1.0,1.0,5588.7739,5553.3349,-0.007201919548042501,-0.008507751583938683,-0.0018525351329743422,-0.025106830677118608,-0.0056770233628524736,-72.01919548042501,72.01919548042501,True
minus_entry,零段向下（0→-1）,2024-03-21,Validation,0,108,36,10,27.77777777777778,9,26,103,1.0,1.0,5505.6985,5465.8286,-0.009314749073164874,-0.02468758505392188,-0.0389007498321966,-0.06342850048908422,-0.02665274896545833,-93.14749073164874,93.14749073164874,True
minus_entry,零段向下（0→-1）,2024-04-09,Validation,0,108,36,21,58.333333333333336,20,15,104,1.0,1.0,5294.4743,5342.8982,0.007792256164129485,-0.009523117337636333,0.0025022692054619267,0.0027625405604481124,-0.00693332291744253,77.92256164129485,-77.92256164129485,True
minus_entry,零段向下（0→-1）,2024-04-25,Validation,0,108,36,33,91.66666666666666,32,3,105,1.0,1.0,5240.4817,5259.3354,0.0034162890025928316,0.024946275454029276,0.04401998007167918,0.055689785158490324,0.051137398304434534,34.16289002592832,-34.16289002592832,True
minus_entry,零段向下（0→-1）,2024-06-13,Validation,0,112,12,4,33.33333333333333,3,8,106,1.0,1.0,5231.9096,5194.59,-0.009866550446513855,-0.008147235571501543,-0.0045742189429266444,-0.013331403891229332,-0.04451835329876497,-98.66550446513855,98.66550446513855,True
minus_entry,零段向下（0→-1）,2024-06-24,Validation,0,112,12,11,91.66666666666666,10,1,107,1.0,1.0,5072.8028,4992.9097,-0.01650596392195669,-0.025752548472808723,-0.014549984083749634,-0.02543290269434495,-0.04253630754185833,-165.0596392195669,165.0596392195669,True
minus_entry,零段向下（0→-1）,2024-07-24,Validation,0,116,51,8,15.686274509803921,7,43,108,1.0,1.0,4712.287,4668.0621,-0.014401775613412382,-0.008879064454266228,0.00598690190134854,-0.003726046397428795,0.007574517426464089,-144.01775613412383,144.01775613412383,True
minus_entry,零段向下（0→-1）,2024-08-14,Validation,0,116,51,23,45.09803921568628,22,28,109,1.0,1.0,4729.8146,4667.0731,-0.015459295169836018,-0.00554152799139318,-0.013422048297622502,-0.029752984398162208,-0.05145730236445212,-154.5929516983602,154.5929516983602,True
minus_entry,零段向下（0→-1）,2024-08-26,Validation,0,116,51,31,60.78431372549019,30,20,110,1.0,1.0,4542.8564,4544.3594,-0.0022827708135347846,-0.012420665553064758,-0.013054121631491555,0.019600861695738603,-0.00556711411789268,-22.827708135347848,22.827708135347848,True
minus_entry,零段向下（0→-1）,2024-09-12,Validation,0,116,51,44,86.27450980392157,43,7,111,1.0,1.0,4518.9882,4496.5919,-0.004114482972095268,-0.015246598785099708,-0.008303783577040535,-0.005135596503659801,0.2059754659239872,-41.14482972095268,41.14482972095268,True
minus_entry,零段向下（0→-1）,2024-11-19,Validation,0,122,55,4,7.2727272727272725,3,51,112,1.0,1.0,5836.6108,5936.6015,0.014342587311115595,0.023394381547592547,0.022695448529821416,-0.018715895875736632,0.01886786763304471,143.42587311115597,-143.42587311115597,True
minus_entry,零段向下（0→-1）,2024-12-06,Validation,0,122,55,17,30.909090909090907,16,38,113,1.0,1.0,5903.4988,5979.197,0.013523421060066987,0.038755356399835295,0.011828104377695325,0.02751849462559397,-0.002295723342909839,135.23421060066988,-135.23421060066988,True
minus_entry,零段向下（0→-1）,2024-12-23,Validation,0,122,55,28,50.90909090909091,27,27,114,1.0,1.0,5917.6939,5818.551,-0.01529889878217594,-0.003593359230696258,-0.014697059609656393,-0.004601556021679332,-0.08255259705136164,-152.9889878217594,152.9889878217594,True
minus_entry,零段向下（0→-1）,2025-01-20,Test,0,122,55,47,85.45454545454545,46,8,115,1.0,1.0,5621.9247,5614.3311,0.0031446525777907297,-0.002681910698661527,0.006660316884002482,0.006858878775092947,0.047750283812943994,31.446525777907297,-31.446525777907297,True
minus_entry,零段向下（0→-1）,2025-03-27,Test,0,124,64,3,4.6875,2,61,116,1.0,1.0,5932.5165,5957.6017,0.0037443132269416868,-0.007679793220971121,-0.010379086177004226,-0.01515373787835228,-0.0705145110005172,37.443132269416864,-37.443132269416864,True
minus_entry,零段向下（0→-1）,2025-04-03,Test,0,124,64,8,12.5,7,56,117,1.0,1.0,5842.6167,5845.5045,-0.05453944976400715,-0.09633698887007258,-0.10148408332177583,-0.05621260419154306,-0.05060234398056607,-545.3944976400716,545.3944976400716,True
minus_entry,零段向下（0→-1）,2025-04-14,Test,0,124,64,14,21.875,13,50,118,1.0,1.0,5633.7792,5627.1375,-0.001558225782082423,-0.007810440991368628,-0.018848573263219093,-0.013714878992772683,-0.0016618684665526962,-15.58225782082423,15.58225782082423,True
minus_entry,零段向下（0→-1）,2025-05-19,Test,0,124,64,36,56.25,35,28,119,1.0,1.0,5719.4381,5720.7949,0.0007111537757529263,0.0038903122318956207,0.0034536259776987155,-0.011580123578923018,-0.011498227422026108,7.111537757529263,-7.111537757529263,True
minus_entry,零段向下（0→-1）,2025-05-27,Test,0,124,64,42,65.625,41,22,120,1.0,1.0,5666.3027,5652.1454,-0.002546140007663178,-0.005160225555899123,0.006788959580292131,0.005341490139593175,0.016276221882745467,-25.46140007663178,25.46140007663178,True
minus_entry,零段向下（0→-1）,2025-06-16,Test,0,124,64,55,85.9375,54,9,121,1.0,1.0,5725.0029,5767.8083,0.008260799308940081,0.002646758484611267,0.0015377983476654311,-0.019514680071166524,0.02666756727756403,82.60799308940081,-82.60799308940081,True
minus_entry,零段向下（0→-1）,2025-08-05,Test,0,126,11,2,18.181818181818183,1,9,122,1.0,1.0,6277.0114,6303.2359,0.0034917413086106297,0.012636714344663957,0.007513639373030179,0.01838306363439135,0.06151742850108577,34.91741308610629,-34.91741308610629,True
minus_entry,零段向下（0→-1）,2025-08-13,Test,0,126,11,8,72.72727272727273,7,3,123,1.0,1.0,6422.7889,6508.0978,0.013455151857785674,-0.0008407562639961563,0.029613132700033296,0.03126755419285243,0.08438402825289804,134.55151857785674,-134.55151857785674,True
minus_entry,零段向下（0→-1）,2025-09-08,Test,0,128,51,3,5.88235294117647,2,48,124,1.0,1.0,6927.4071,6992.1169,0.004695869541144759,-0.002352279830645454,-0.00044800312082138305,0.03507881036759053,0.036879671760592814,46.95869541144759,-46.95869541144759,True
minus_entry,零段向下（0→-1）,2025-09-19,Test,0,128,51,12,23.52941176470588,11,39,125,1.0,1.0,7200.692,7170.3488,-0.0024725956894142698,0.005576491814953233,-0.008385194089679193,0.015436196965513904,-0.009108569009756207,-24.725956894142698,24.725956894142698,True
minus_entry,零段向下（0→-1）,2025-10-16,Test,0,128,51,25,49.01960784313725,24,26,126,1.0,1.0,7269.2587,7231.5336,-0.005892939262156172,-0.024263148042867222,-0.02388727752941311,-0.02206610145818577,0.02657408519523452,-58.92939262156172,58.92939262156172,True
minus_entry,零段向下（0→-1）,2025-11-17,Test,0,128,51,47,92.15686274509804,46,4,127,1.0,1.0,7248.9216,7235.3512,-0.004675371299366682,-0.01485151943152474,-0.01032112142032271,-0.05410004710217853,-0.026910830433039767,-46.75371299366682,46.75371299366682,True
minus_entry,零段向下（0→-1）,2025-12-11,Test,0,130,17,8,47.05882352941176,7,9,128,1.0,1.0,7171.2079,7082.8932,-0.011589093658824323,-0.0069482576289553455,-0.009696874078912177,-0.010350613318573676,0.023805529330700237,-115.89093658824324,115.89093658824324,True
minus_entry,零段向下（0→-1）,2026-02-04,Test,0,132,28,6,21.428571428571427,5,22,129,1.0,1.0,8270.842,8299.0574,-0.00819496975035916,-0.026191287416686304,0.0011204179695367689,0.0029610769979646623,0.0328854547094477,-81.94969750359161,81.94969750359161,True
minus_entry,零段向下（0→-1）,2026-03-03,Test,0,132,28,19,67.85714285714286,18,9,130,1.0,1.0,8651.06,8281.6139,-0.055840428802944375,-0.030922638381886136,-0.043679861196200154,-0.0358239683923125,-0.05214013080477997,-558.4042880294437,558.4042880294437,True
minus_entry,零段向下（0→-1）,2026-04-17,Test,0,136,11,9,81.81818181818183,8,2,131,1.0,1.0,8155.3958,8214.1939,0.008361139259482453,0.013240718494619275,0.008761781984879313,0.010959934035329022,0.03506219771700092,83.61139259482454,-83.61139259482454,True
minus_entry,零段向下（0→-1）,2026-05-19,Test,0,138,14,1,7.142857142857142,0,13,132,1.0,1.0,8524.1543,8627.9461,0.006714976991911037,0.021001485156128652,-0.005929643953066499,0.016574218981465272,-0.027371794525117954,67.14976991911037,-67.14976991911037,True
minus_entry,零段向下（0→-1）,2026-06-01,Test,0,138,14,10,71.42857142857143,9,4,133,1.0,1.0,8358.4866,8274.212,-0.008094013095624408,-0.004963111384302499,-0.009406415749951713,-0.045442054067538984,-0.021945874747229976,-80.94013095624408,80.94013095624408,True
minus_entry,零段向下（0→-1）,2026-07-13,Test,0,142,4,4,100.0,3,0,134,1.0,1.0,8409.1434,8138.1443,-0.03259521058946391,-0.013675733012235347,-0.04788769567183271,-0.09648711663069043,-0.10663866191174731,-325.9521058946391,325.9521058946391,True
minus_entry,零段向下（0→-1）,2026-08-11,Test,0,146,10,6,60.0,5,4,135,1.0,1.0,7979.276,7967.5386,-0.00015475088216021504,0.014735133864275385,0.0012997294491379208,,,-1.5475088216021504,1.5475088216021504,True
plus_entry,零段向上（0→+1）,2018-02-23,Development,0,2,26,18,69.23076923076923,17,8,0,1.0,1.0,5877.7159,5897.6765,0.008286365116762395,0.025208312637226893,0.015343000841534504,0.029902874346138475,0.04311349924211205,82.86365116762396,82.86365116762396,True
plus_entry,零段向上（0→+1）,2018-05-14,Development,0,4,89,37,41.57303370786517,36,52,1,1.0,1.0,5982.4709,5967.5541,-0.0017232177426889095,0.003390338263074444,0.0030539555152704345,0.008684572122197753,-0.012033355649084698,-17.232177426889095,-17.232177426889095,True
plus_entry,零段向上（0→+1）,2018-06-06,Development,0,4,89,54,60.67415730337079,53,35,2,1.0,1.0,5770.7144,5774.2575,0.0027285529847049794,-0.006736687575458644,-0.01959299874552789,-0.015926139058276778,-0.09956911054201534,27.285529847049794,27.285529847049794,True
plus_entry,零段向上（0→+1）,2018-07-02,Development,0,4,89,71,79.7752808988764,70,18,3,1.0,1.0,5216.8532,5138.7826,-0.015010102258579794,-0.00875307359616706,-0.020646680263113337,-0.040185182899146965,-0.0029376329776730215,-150.10102258579795,-150.10102258579795,True
plus_entry,零段向上（0→+1）,2018-07-18,Development,0,4,89,83,93.25842696629213,82,6,4,1.0,1.0,5198.8899,5156.6363,-0.008754368889404618,-0.017934117050641962,-0.01005430024590448,0.02099015407116056,-8.347935969954534e-05,-87.54368889404618,-87.54368889404618,True
plus_entry,零段向上（0→+1）,2018-08-08,Development,0,6,15,4,26.666666666666668,3,11,5,1.0,1.0,4940.7793,4880.5694,-0.015913481502806692,0.01199600233104925,0.008210061113233635,0.019184483710899647,-0.012906243353148827,-159.13481502806692,-159.13481502806692,True
plus_entry,零段向上（0→+1）,2018-09-05,Development,0,8,25,4,16.0,3,21,6,1.0,1.0,4877.1141,4815.0343,-0.015619708384513542,-0.016460246439590098,-0.01732889538097937,-0.03613089552282567,-0.04165705288707511,-156.1970838451354,-156.1970838451354,True
plus_entry,零段向上（0→+1）,2018-10-25,Development,0,10,21,4,19.047619047619047,3,17,7,1.0,1.0,4124.1854,4234.4208,0.03315195286807415,0.023386339518102206,0.005143124748950401,0.04249908357660148,0.07722012206337747,331.51952868074153,331.51952868074153,True
plus_entry,零段向上（0→+1）,2018-11-28,Development,0,12,22,2,9.090909090909092,1,20,8,1.0,1.0,4389.8322,4441.8569,0.01662029359573247,-0.01270930128035408,0.021374666667213438,0.01511804938694472,0.004346863189895966,166.2029359573247,166.2029359573247,True
plus_entry,零段向上（0→+1）,2019-01-07,Development,0,14,6,1,16.666666666666664,0,5,9,1.0,1.0,4235.0346,4288.3234,0.010211392369734229,0.01208877962886068,0.012874629170680274,0.01947783378204271,0.028255991108077305,102.11392369734229,102.11392369734229,True
plus_entry,零段向上（0→+1）,2019-02-12,Development,0,16,7,7,100.0,6,0,10,1.0,1.0,4398.4427,4439.485,0.010068381702460272,0.024871962069666242,0.028533326124721592,0.06476894651827592,0.15024438081232705,100.68381702460272,100.68381702460272,True
plus_entry,零段向上（0→+1）,2019-04-01,Development,0,18,33,15,45.45454545454545,14,18,11,1.0,1.0,5591.6651,5757.8379,0.036325977390884834,0.027282821354948306,0.04948915842617252,0.04339045627035132,0.005983369783715942,363.25977390884833,363.25977390884833,True
plus_entry,零段向上（0→+1）,2019-05-14,Development,0,20,70,1,1.4285714285714286,0,69,12,1.0,1.0,4942.3937,4965.6124,0.012182639355500902,0.026043008269454715,0.03436541285652761,-0.0050686573188208905,0.0046934949759263045,121.82639355500902,121.82639355500902,True
plus_entry,零段向上（0→+1）,2019-06-06,Development,0,20,70,18,25.71428571428571,17,52,13,1.0,1.0,4776.4896,4678.7844,-0.017319476629866437,-0.009563571540069926,0.02363053402230797,0.02171820912161082,0.04126371383704042,-173.19476629866438,-173.19476629866438,True
plus_entry,零段向上（0→+1）,2019-06-20,Development,0,20,70,27,38.57142857142858,26,43,14,1.0,1.0,4853.2088,4954.7338,0.024803486715840428,0.03691697748508149,0.03440859581396949,0.025092079285770508,0.03990642232413322,248.03486715840427,248.03486715840427,True
plus_entry,零段向上（0→+1）,2020-01-22,Development,0,24,20,7,35.0,6,13,15,1.0,1.0,5502.587,5575.5126,0.003490194702964189,-0.11007413422086743,-0.13929162773800763,-0.06804085060354337,-0.008346601334972226,34.90194702964189,34.90194702964189,True
plus_entry,零段向上（0→+1）,2020-02-18,Development,0,24,20,20,100.0,19,0,16,1.0,1.0,5607.8401,5660.8142,0.008263020908887864,0.0020828339952132513,0.01729648104624104,0.02456862134852944,0.02656126018999716,82.63020908887864,82.63020908887864,True
plus_entry,零段向上（0→+1）,2020-03-03,Development,0,26,10,2,20.0,1,8,17,1.0,1.0,5756.7914,5710.0235,-0.014989547823462845,0.0066805616753804475,-0.0034212808197288114,-0.05169862503616163,-0.08881132986684215,-149.89547823462846,-149.89547823462846,True
plus_entry,零段向上（0→+1）,2020-03-26,Development,0,28,27,1,3.7037037037037033,0,26,18,1.0,1.0,5180.4657,5166.1091,0.008181774082588689,-0.020608378895356716,-0.02064341435558581,-0.035101052787590126,0.027279555195201866,81.81774082588689,81.81774082588689,True
plus_entry,零段向上（0→+1）,2020-06-29,Development,0,32,6,2,33.33333333333333,1,4,19,1.0,1.0,5774.4585,5762.4378,0.00270262570940627,0.019063519116121475,0.018430247615425888,0.055675800596714176,0.16212372121126162,27.0262570940627,27.0262570940627,True
plus_entry,零段向上（0→+1）,2020-07-28,Development,0,34,40,8,20.0,7,32,20,1.0,1.0,6345.682,6359.6637,-0.0007365796142951853,0.0319932041977522,0.024223070112873613,0.06505395322362517,0.060212156865093514,-7.365796142951853,-7.365796142951853,True
plus_entry,零段向上（0→+1）,2020-08-18,Development,0,34,40,23,57.49999999999999,22,17,21,1.0,1.0,6747.6059,6789.3979,0.0051851279577546094,-0.01861409837228334,-0.017592195181404868,-0.00733390490396002,-0.011920954067575318,51.851279577546094,51.851279577546094,True
plus_entry,零段向上（0→+1）,2020-09-03,Development,0,34,40,35,87.5,34,5,22,1.0,1.0,6715.1042,6662.2515,-0.025199340912684498,-0.014177888706477626,-0.03296009911506659,-0.046230049564979114,-0.05501518502125391,-251.993409126845,-251.993409126845,True
plus_entry,零段向上（0→+1）,2020-09-21,Development,0,36,20,1,5.0,0,19,23,1.0,1.0,6492.2249,6445.9649,-0.015433830704170592,-0.016934656715296592,-0.021337969976979676,-0.036536611662975615,0.007179433971857607,-154.33830704170592,-154.33830704170592,True
plus_entry,零段向上（0→+1）,2020-10-16,Development,0,36,20,14,70.0,13,6,24,1.0,1.0,6456.7375,6428.6822,0.0015222083908474904,-0.016586364243551865,-0.004730485016620212,-0.022415329723409094,-0.028467968536741606,15.222083908474904,15.222083908474904,True
plus_entry,零段向上（0→+1）,2021-01-06,Development,0,38,66,45,68.18181818181817,44,21,25,1.0,1.0,6549.731,6528.1425,-0.003978087038994493,-0.001247898577819373,0.0011789491812717046,4.635304869782253e-05,-0.01100239078520926,-39.78087038994494,-39.78087038994494,True
plus_entry,零段向上（0→+1）,2021-01-19,Development,0,38,66,54,81.81818181818183,53,12,26,1.0,1.0,6510.4785,6476.3736,-0.00503959885590588,0.006382940977379681,0.016800884911915448,0.01699868911325031,-0.016223922711671723,-50.3959885590588,-50.3959885590588,True
plus_entry,零段向上（0→+1）,2021-02-22,Development,0,40,11,2,18.181818181818183,1,9,27,1.0,1.0,6731.5054,6657.056,-0.017515250006335914,-0.014591550353654892,-0.019505295204843787,-0.0481825655224164,-0.0412575617929386,-175.15250006335913,-175.15250006335913,True
plus_entry,零段向上（0→+1）,2021-03-16,Development,0,42,2,2,100.0,1,0,28,1.0,1.0,6176.0685,6195.2438,0.0007811279942895322,0.008925532480735798,0.0031063288886772344,0.021358539012318323,0.010265592099569565,7.811279942895322,7.811279942895322,True
plus_entry,零段向上（0→+1）,2021-04-02,Development,0,44,12,8,66.66666666666666,7,4,29,1.0,1.0,6316.5561,6326.6059,0.00464417627827296,0.005354531720220157,0.002591633754349232,0.001378630991657026,0.0023990287998867377,46.4417627827296,46.4417627827296,True
plus_entry,零段向上（0→+1）,2021-05-11,Development,0,46,15,2,13.333333333333334,1,13,30,1.0,1.0,6436.2918,6456.0376,-0.0002140828978575149,0.0019682140576657847,0.002856815783274458,0.022167919732911878,0.0175647412381148,-2.140828978575149,-2.140828978575149,True
plus_entry,零段向上（0→+1）,2021-06-11,Development,0,48,31,2,6.451612903225806,1,29,31,1.0,1.0,6773.6422,6725.9152,-0.005838365657991229,-0.016851893948576224,-0.03238154504234081,-0.01786180852599517,0.006004863971114327,-58.38365657991229,-58.38365657991229,True
plus_entry,零段向上（0→+1）,2021-07-08,Development,0,48,31,20,64.51612903225806,19,11,32,1.0,1.0,6774.8448,6748.654,-0.007857877423258386,0.011458653635873839,0.018740916397081087,0.014754566776201239,0.03268125049890447,-78.57877423258385,-78.57877423258385,True
plus_entry,零段向上（0→+1）,2021-08-02,Development,0,50,22,1,4.545454545454546,0,21,33,1.0,1.0,6756.8132,6872.0004,0.012958224152178843,0.008476096394081312,0.024290459887214455,0.02331107806857835,0.04895310706532485,129.58224152178843,129.58224152178843,True
plus_entry,零段向上（0→+1）,2021-11-04,Development,0,56,53,9,16.9811320754717,8,44,34,1.0,1.0,7031.9467,7073.8522,0.0055655143119897055,-0.006463444894996173,0.0008001482718860142,0.0024055643083868983,0.010926277356453795,55.655143119897055,55.655143119897055,True
plus_entry,零段向上（0→+1）,2021-11-19,Development,0,56,53,20,37.735849056603776,19,33,35,1.0,1.0,7083.0066,7169.8759,0.013326812373717134,0.023004199939613335,0.025018965816013816,0.018866522021876886,0.02125731465505054,133.26812373717135,133.26812373717135,True
plus_entry,零段向上（0→+1）,2021-12-10,Development,0,56,53,35,66.0377358490566,34,18,36,1.0,1.0,7285.9735,7306.646,0.006606735530948482,0.006075028958038242,0.004624035484070754,0.013003986358171682,0.006866083166511716,66.06735530948482,66.06735530948482,True
plus_entry,零段向上（0→+1）,2021-12-29,Development,0,56,53,48,90.56603773584906,47,5,37,1.0,1.0,7275.6736,7247.7741,-0.004074165723982004,0.006221100957580106,0.015411892584076492,-0.012057124167857203,-0.009955119481995456,-40.74165723982004,-40.74165723982004,True
plus_entry,零段向上（0→+1）,2022-03-18,Development,0,62,20,1,5.0,0,19,38,1.0,1.0,6249.476,6332.2166,0.01457448592489996,0.015029164045113674,0.019015450255349453,0.015558840453183675,0.006386775467255301,145.7448592489996,145.7448592489996,True
plus_entry,零段向上（0→+1）,2022-04-11,Development,0,62,20,15,75.0,14,5,39,1.0,1.0,6202.0226,6029.8935,-0.02940155361575114,-0.017306950800211496,-0.02062043437248995,-0.029424610610093604,-0.0879759290138672,-294.0155361575114,-294.0155361575114,True
plus_entry,零段向上（0→+1）,2022-04-29,Development,0,64,18,1,5.555555555555555,0,17,40,1.0,1.0,5458.9146,5627.9021,0.02813412761577183,0.018696244121496175,0.017139121392373502,0.04369271503166572,0.06534093792198181,281.3412761577183,281.3412761577183,True
plus_entry,零段向上（0→+1）,2022-05-23,Development,0,64,18,14,77.77777777777779,13,4,41,1.0,1.0,5941.1422,5965.7277,0.0035357847519623675,-0.03364797429019628,-0.015673131001644913,-0.0038543598569311666,0.041311012552434745,35.357847519623675,35.357847519623675,True
plus_entry,零段向上（0→+1）,2022-06-24,Development,0,66,4,2,50.0,1,2,42,1.0,1.0,6306.829,6368.2827,0.014512935105740254,0.01674549920411672,0.02732612537933088,0.022819930586353232,0.027186736789597488,145.12935105740254,145.12935105740254,True
plus_entry,零段向上（0→+1）,2022-07-26,Development,0,70,8,2,25.0,1,6,43,1.0,1.0,6239.2088,6307.956,0.010001187971141468,0.01956403510650251,0.018802319935181444,0.007917285922535378,0.012004006020763347,100.01187971141468,100.01187971141468,True
plus_entry,零段向上（0→+1）,2022-08-12,Development,0,72,2,2,100.0,1,0,44,1.0,1.0,6425.1102,6420.853,-0.0030183606811911012,0.00336962313891509,0.007492852029215014,0.00680347863916797,-0.014634955210573675,-30.183606811911012,-30.183606811911012,True
plus_entry,零段向上（0→+1）,2022-08-26,Development,0,74,15,1,6.666666666666667,0,14,45,1.0,1.0,6331.079,6298.3739,-0.018587258190902345,-0.0033959298249160996,-0.010343513325295706,-0.03092416000495335,-0.008715923462651487,-185.87258190902344,-185.87258190902344,True
plus_entry,零段向上（0→+1）,2022-09-14,Development,0,74,15,13,86.66666666666667,12,2,46,1.0,1.0,6214.9119,6249.963,0.01054468688445942,-0.019870337985000264,-0.04297008618899323,-0.043736484824507316,-0.049053390443072886,105.4468688445942,105.4468688445942,True
plus_entry,零段向上（0→+1）,2022-09-30,Development,0,76,28,2,7.142857142857142,1,26,47,1.0,1.0,5764.1521,5714.0629,-0.00596745183042624,-0.021108568595891275,-0.01453604945643272,0.017818232103902876,0.033839374224701624,-59.674518304262406,-59.674518304262406,True
plus_entry,零段向上（0→+1）,2022-11-24,Development,0,78,3,1,33.33333333333333,0,2,48,1.0,1.0,6126.5982,6120.0659,-0.005136994294811181,-0.02068743466806766,-0.009001536937741417,0.013823805190945837,0.011844386987871935,-51.36994294811181,-51.36994294811181,True
plus_entry,零段向上（0→+1）,2022-12-12,Development,0,80,7,5,71.42857142857143,4,2,49,1.0,1.0,6181.2441,6154.8092,-0.0044498647125098545,-0.009514637999816222,-0.014742388186870015,-0.019793749934580274,-0.06668164099845209,-44.49864712509854,-44.49864712509854,True
plus_entry,零段向上（0→+1）,2022-12-28,Development,0,82,12,1,8.333333333333332,0,11,50,1.0,1.0,5869.4556,5862.0967,-0.004346655250275666,0.000992102231764047,-0.0013468370047812206,0.015330587047970745,0.026085110857640537,-43.46655250275666,-43.46655250275666,True
plus_entry,零段向上（0→+1）,2023-05-05,Validation,0,90,4,1,25.0,0,3,51,1.0,1.0,6255.7044,6200.5759,-0.008476375578104212,-0.0020849610477118308,-0.014158245712505124,-0.01866520419347173,-0.022197532223549366,-84.76375578104212,-84.76375578104212,True
plus_entry,零段向上（0→+1）,2023-06-14,Validation,0,92,16,13,81.25,12,3,52,1.0,1.0,6046.4375,6044.0766,0.0005012538374871145,0.008005738916510907,0.01693845342815492,0.009560886058939566,-0.018947702676162637,5.012538374871145,5.012538374871145,True
plus_entry,零段向上（0→+1）,2023-09-05,Validation,0,96,49,10,20.408163265306122,9,39,53,1.0,1.0,5819.9667,5788.7149,-0.008267693352953298,-0.006511394644234003,-0.023249428557726937,-0.007818017240545427,-0.018294297113418234,-82.67693352953299,-82.67693352953299,True
plus_entry,零段向上（0→+1）,2023-09-28,Validation,0,96,49,27,55.10204081632652,26,22,54,1.0,1.0,5687.6411,5690.7697,-0.0014065409295955789,-0.003864326108762417,-0.008539374961616386,-0.007420387337731205,-0.04293263159660332,-14.065409295955789,-14.065409295955789,True
plus_entry,零段向上（0→+1）,2023-10-27,Validation,0,96,49,42,85.71428571428571,41,7,55,1.0,1.0,5387.2742,5492.0274,0.018070325805952026,0.029708920329319932,0.02740051731541704,0.013897529106649209,0.03527997516814718,180.70325805952027,180.70325805952027,True
plus_entry,零段向上（0→+1）,2023-12-11,Validation,0,100,15,9,60.0,8,6,56,1.0,1.0,5473.6514,5564.8538,0.015854882537824633,0.015235698057059377,0.010840058247041595,-0.006698015149448455,-0.03143749709745847,158.54882537824633,158.54882537824633,True
plus_entry,零段向上（0→+1）,2024-01-04,Validation,0,102,12,5,41.66666666666667,4,7,57,1.0,1.0,5395.1428,5355.3216,-0.008909884646612132,-0.023522806476966585,-0.040597609390431666,-0.04500044002542425,-0.06710472983217419,-89.09884646612132,-89.09884646612132,True
plus_entry,零段向上（0→+1）,2024-01-25,Validation,0,104,4,1,25.0,0,3,58,1.0,1.0,4931.6273,5073.1779,0.02507498893924942,0.020375424558137123,-0.006745440800037805,-0.053474174741469316,0.04059023276150664,250.7498893924942,250.7498893924942,True
plus_entry,零段向上（0→+1）,2024-02-08,Validation,0,106,8,2,25.0,1,6,59,1.0,1.0,5131.8032,5150.2288,0.018187505709494012,-0.0047226090041802005,-0.005922265296533724,0.0114664178860171,0.04268546385410876,181.87505709494013,181.87505709494013,True
plus_entry,零段向上（0→+1）,2024-03-13,Validation,0,108,36,4,11.11111111111111,3,32,60,1.0,1.0,5430.0437,5415.1126,-0.0027428508540363605,-0.009212577791961385,0.007784651898842032,0.007285816134407819,-0.027497108356605016,-27.428508540363605,-27.428508540363605,True
plus_entry,零段向上（0→+1）,2024-03-29,Validation,0,108,36,16,44.44444444444444,15,20,61,1.0,1.0,5220.5524,5286.1612,0.017101657671322545,0.03350769930017372,0.029297608429330158,0.014159785083279752,0.016961442624347622,171.01657671322545,171.01657671322545,True
plus_entry,零段向上（0→+1）,2024-04-19,Validation,0,108,36,29,80.55555555555556,28,7,62,1.0,1.0,5322.3588,5314.8667,-0.006191277446383259,-0.012136122803295457,-0.021076313006180625,-0.012019877352124508,0.03646670720508349,-61.91277446383259,-61.91277446383259,True
plus_entry,零段向上（0→+1）,2024-05-17,Validation,0,110,11,2,18.181818181818183,1,9,63,1.0,1.0,5418.6575,5491.8944,0.014419235760887217,0.017130866824485613,0.009846036587475737,-0.012945549704885373,-0.019919269671500706,144.19235760887216,144.19235760887216,True
plus_entry,零段向上（0→+1）,2024-07-29,Validation,0,116,51,11,21.568627450980394,10,40,64,1.0,1.0,4740.499,4708.8443,-0.0096981984386032,-0.009655143899408025,0.03235353493376958,0.0032858355206910606,-0.004965405540640289,-96.98198438603201,-96.98198438603201,True
plus_entry,零段向上（0→+1）,2024-09-24,Validation,0,116,51,50,98.0392156862745,49,1,65,1.0,1.0,4524.2214,4689.5964,0.04849738343928078,0.044598745764298675,0.11118885561170799,0.41854556454730507,0.23297703777273138,484.9738343928078,484.9738343928078,True
plus_entry,零段向上（0→+1）,2024-10-23,Validation,0,118,5,5,100.0,4,0,66,1.0,1.0,5745.1069,5776.383,0.0004265891031549618,-0.001709559138055372,0.01239710613565781,0.008481252106901538,0.06785194893414426,4.265891031549618,4.265891031549618,True
plus_entry,零段向上（0→+1）,2024-11-05,Validation,0,120,2,1,50.0,0,1,67,1.0,1.0,5925.8652,6111.9707,0.03527896652120943,0.022928246832209398,0.06428316999178452,0.07144345774183325,-0.015061834346147385,352.7896652120943,352.7896652120943,True
plus_entry,零段向上（0→+1）,2024-11-22,Validation,0,122,55,7,12.727272727272727,6,48,68,1.0,1.0,5969.0753,5750.2457,-0.03593990513069922,-0.04049235230790271,-0.050178693507183625,-0.037008881425905304,-0.010986039998523767,-359.39905130699225,-359.39905130699225,True
plus_entry,零段向上（0→+1）,2024-12-10,Validation,0,122,55,19,34.54545454545455,18,36,69,1.0,1.0,6132.291,5992.0937,-0.02592261195693424,-0.013618009973760281,-0.010817621016354306,-0.03837446722603355,-0.04975812465520635,-259.22611956934236,-259.22611956934236,True
plus_entry,零段向上（0→+1）,2024-12-27,Validation,0,122,55,32,58.18181818181818,31,23,70,1.0,1.0,5892.6943,5899.1665,-0.0003786044017249912,0.0015847928849797022,-0.02966021841655697,-0.08003622383737097,-0.0972378628227839,-3.786044017249912,-3.786044017249912,True
plus_entry,零段向上（0→+1）,2025-01-14,Test,0,122,55,43,78.18181818181819,42,12,71,1.0,1.0,5393.763,5572.2722,0.0307420811778345,0.02835436039737016,0.02418385828224201,0.04557869895284594,0.04624075992957044,307.420811778345,307.420811778345,True
plus_entry,零段向上（0→+1）,2025-02-06,Test,0,122,55,54,98.18181818181819,53,1,72,1.0,1.0,5606.8707,5747.9012,0.02557897402556475,0.044832815566800965,0.05056340963953376,0.05909405044778371,0.05969966455620246,255.7897402556475,255.7897402556475,True
plus_entry,零段向上（0→+1）,2025-05-30,Test,0,124,64,45,70.3125,44,19,73,1.0,1.0,5704.771,5671.0723,-0.008956766187459664,-0.0014377088931352144,0.006355873005244206,0.01192128483334387,0.003546487667953846,-89.56766187459664,-89.56766187459664,True
plus_entry,零段向上（0→+1）,2025-06-27,Test,0,124,64,64,100.0,63,0,74,1.0,1.0,5850.4252,5863.7282,0.00465771274197313,0.011175102281454796,0.01232653995815558,0.011508189182557249,0.023143343495785507,46.5771274197313,46.5771274197313,True
plus_entry,零段向上（0→+1）,2025-08-12,Test,0,126,11,7,63.63636363636363,6,4,75,1.0,1.0,6392.4021,6418.1595,0.004753580817451919,0.018272692827004722,0.003908827950607208,0.042355736664312804,0.08383141292066076,47.53580817451919,47.53580817451919,True
plus_entry,零段向上（0→+1）,2025-09-08,Test,0,128,51,3,5.88235294117647,2,48,76,1.0,1.0,6927.4071,6992.1169,0.004695869541144759,-0.002352279830645454,-0.00044800312082138305,0.03507881036759053,0.036879671760592814,46.95869541144759,46.95869541144759,True
plus_entry,零段向上（0→+1）,2025-09-23,Test,0,128,51,14,27.450980392156865,13,37,77,1.0,1.0,7240.8466,7180.7137,-0.013884260439932516,0.011713215965657886,0.00980502749498946,0.01818535970641899,-0.004848866705724597,-138.84260439932515,-138.84260439932515,True
plus_entry,零段向上（0→+1）,2025-10-22,Test,0,128,51,29,56.86274509803921,28,22,78,1.0,1.0,7135.2084,7128.4776,-0.003693501089610751,0.005706196331980884,0.02816956264374837,0.03020909662568494,-0.005080818662563491,-36.935010896107514,-36.935010896107514,True
plus_entry,零段向上（0→+1）,2025-11-06,Test,0,128,51,40,78.43137254901961,39,11,79,1.0,1.0,7243.1959,7345.723,0.008849684708928107,0.01575869292724774,0.01680600686224709,6.131271418463591e-05,-0.00953878660109142,88.49684708928108,88.49684708928108,True
plus_entry,零段向上（0→+1）,2025-12-15,Test,0,130,17,10,58.82352941176471,9,7,80,1.0,1.0,7121.3805,7113.962,-0.0027678481721346015,-0.01669256403305508,-0.0034261615426952607,0.011810701590794004,0.04860345546765821,-27.678481721346017,-27.678481721346017,True
plus_entry,零段向上（0→+1）,2026-01-29,Test,0,132,28,2,7.142857142857142,1,26,81,1.0,1.0,8584.6806,8517.8429,-0.01689383761115104,-0.03552437349853166,-0.05228041914570469,-0.04445336032653324,-0.028226513168119527,-168.93837611151042,-168.93837611151042,True
plus_entry,零段向上（0→+1）,2026-03-26,Test,0,134,2,1,50.0,0,1,82,1.0,1.0,7757.0185,7642.1302,-0.02808071168065418,-0.013131991370137874,-0.002119345209760648,-0.0039413854691722205,0.02601468592604239,-280.8071168065418,-280.8071168065418,True
plus_entry,零段向上（0→+1）,2026-04-15,Test,0,136,11,7,63.63636363636363,6,4,83,1.0,1.0,8144.8093,8044.0773,-0.009411601570585626,0.0012997848826246106,0.009671791824518161,0.010072955299272657,0.001540306167757688,-94.11601570585626,-94.11601570585626,True
plus_entry,零段向上（0→+1）,2026-05-25,Test,0,138,14,5,35.714285714285715,4,9,84,1.0,1.0,8631.2078,8703.8901,0.0039655747831721655,0.003245316373914786,-0.014776193894903145,-0.03159710741757371,-0.07560332402146541,39.655747831721655,39.655747831721655,True
plus_entry,零段向上（0→+1）,2026-06-18,Test,0,140,7,4,57.14285714285714,3,3,85,1.0,1.0,8590.4987,8673.0899,0.013871755780604511,0.028065064488048908,0.005605891075916247,0.03498429026012184,0.013017614448856074,138.7175578060451,138.7175578060451,True
