signal_key,signal_label,run_id,start_date,end_date,run_length_trading_days,phase,raw_h1_mean_bp,directional_h1_mean_bp
minus_exit,负向退出（-1→0）,0,2018-10-19,2018-10-19,1,Development,523.7189302932976,523.7189302932976
minus_exit,负向退出（-1→0）,1,2019-05-08,2019-05-13,4,Development,39.66858258356493,39.66858258356493
minus_exit,负向退出（-1→0）,2,2020-03-20,2020-03-25,4,Development,-16.294364140493624,-16.294364140493624
minus_exit,负向退出（-1→0）,3,2020-09-18,2020-09-18,1,Development,195.40932577213565,195.40932577213565
minus_exit,负向退出（-1→0）,4,2020-11-03,2020-11-03,1,Development,115.75005036712271,115.75005036712271
minus_exit,负向退出（-1→0）,5,2021-10-12,2021-10-13,2,Development,-69.66513178771893,-69.66513178771893
minus_exit,负向退出（-1→0）,6,2022-01-17,2022-01-18,2,Development,45.247441832699245,45.247441832699245
minus_exit,负向退出（-1→0）,7,2022-03-17,2022-03-17,1,Development,25.398147154287454,25.398147154287454
minus_exit,负向退出（-1→0）,8,2022-04-26,2022-04-28,3,Development,57.48017972575625,57.48017972575625
minus_exit,负向退出（-1→0）,9,2022-09-26,2022-09-28,3,Development,-9.718904718768831,-9.718904718768831
minus_exit,负向退出（-1→0）,10,2022-12-22,2022-12-27,4,Development,1.539222084272207,1.539222084272207
minus_exit,负向退出（-1→0）,11,2023-05-19,2023-05-26,6,Validation,-18.99161470518736,-18.99161470518736
minus_exit,负向退出（-1→0）,12,2023-08-22,2023-08-22,1,Validation,-1.500892651761232,-1.500892651761232
minus_exit,负向退出（-1→0）,13,2024-01-23,2024-01-24,2,Validation,166.68214325161412,166.68214325161412
minus_exit,负向退出（-1→0）,14,2024-02-06,2024-02-06,1,Validation,912.7846271097528,912.7846271097528
minus_exit,负向退出（-1→0）,15,2024-07-12,2024-07-12,1,Validation,-47.6257145044523,-47.6257145044523
minus_exit,负向退出（-1→0）,16,2025-12-01,2025-12-01,1,Test,43.87945976316976,43.87945976316976
minus_exit,负向退出（-1→0）,17,2026-03-23,2026-03-25,3,Test,58.704427558283754,58.704427558283754
minus_exit,负向退出（-1→0）,18,2026-07-20,2026-07-22,3,Test,69.96736182304082,69.96736182304082
minus_exit,负向退出（-1→0）,19,2026-08-03,2026-08-03,1,Test,13.358646777945626,13.358646777945626
plus_exit,正向退出（+1→0）,0,2018-03-14,2018-03-14,1,Development,-98.47035448641073,98.47035448641073
plus_exit,正向退出（+1→0）,1,2020-01-13,2020-01-13,1,Development,179.45880046822404,-179.45880046822404
plus_exit,正向退出（+1→0）,2,2020-02-25,2020-02-27,3,Development,-107.66076751732504,107.66076751732504
plus_exit,正向退出（+1→0）,3,2020-07-14,2020-07-16,3,Development,-282.31353836088215,282.31353836088215
plus_exit,正向退出（+1→0）,4,2021-09-08,2021-09-08,1,Development,51.55479723530032,-51.55479723530032
plus_exit,正向退出（+1→0）,5,2021-09-10,2021-09-15,4,Development,1.4251858376818083,-1.4251858376818083
plus_exit,正向退出（+1→0）,6,2022-06-16,2022-06-20,3,Development,33.65590079142944,-33.65590079142944
plus_exit,正向退出（+1→0）,7,2022-07-05,2022-07-07,3,Development,-28.812878867720734,28.812878867720734
plus_exit,正向退出（+1→0）,8,2024-05-10,2024-05-13,2,Validation,-48.244918922134005,48.244918922134005
plus_exit,正向退出（+1→0）,9,2024-10-09,2024-10-16,6,Validation,-145.13897416426113,145.13897416426113
plus_exit,正向退出（+1→0）,10,2024-11-01,2024-11-01,1,Validation,-98.29333527360929,98.29333527360929
plus_exit,正向退出（+1→0）,11,2024-11-13,2024-11-13,1,Validation,10.348791786258804,-10.348791786258804
plus_exit,正向退出（+1→0）,12,2025-02-20,2025-02-28,7,Test,-15.107725770484265,15.107725770484265
plus_exit,正向退出（+1→0）,13,2025-07-28,2025-07-28,1,Test,4.596346899421455,-4.596346899421455
plus_exit,正向退出（+1→0）,14,2025-08-25,2025-09-03,8,Test,0.5951469127779552,-0.5951469127779552
plus_exit,正向退出（+1→0）,15,2026-01-14,2026-01-16,3,Test,14.08137380086864,-14.08137380086864
plus_exit,正向退出（+1→0）,16,2026-01-26,2026-01-27,2,Test,-33.41692204272273,33.41692204272273
plus_exit,正向退出（+1→0）,17,2026-04-30,2026-05-08,4,Test,129.7596843014859,-129.7596843014859
plus_exit,正向退出（+1→0）,18,2026-05-12,2026-05-12,1,Test,-141.4455264497405,141.4455264497405
plus_exit,正向退出（+1→0）,19,2026-05-14,2026-05-15,2,Test,-260.12759494686287,260.12759494686287
plus_exit,正向退出（+1→0）,20,2026-07-01,2026-07-07,5,Test,-115.24680141836673,115.24680141836673
minus_entry,零段向下（0→-1）,0,2018-01-16,2018-01-16,1,Development,68.6354681782797,-68.6354681782797
minus_entry,零段向下（0→-1）,1,2018-02-02,2018-02-02,1,Development,-16.644885211410944,16.644885211410944
minus_entry,零段向下（0→-1）,2,2018-02-09,2018-02-09,1,Development,-89.22115448860679,89.22115448860679
minus_entry,零段向下（0→-1）,3,2018-03-06,2018-03-06,1,Development,93.09637727091369,-93.09637727091369
minus_entry,零段向下（0→-1）,4,2018-03-22,2018-03-22,1,Development,-353.47177204903545,353.47177204903545
minus_entry,零段向下（0→-1）,5,2018-03-30,2018-03-30,1,Development,124.0177148194821,-124.0177148194821
minus_entry,零段向下（0→-1）,6,2018-04-17,2018-04-17,1,Development,-163.85328288932465,163.85328288932465
minus_entry,零段向下（0→-1）,7,2018-04-26,2018-04-26,1,Development,-144.08878329062125,144.08878329062125
minus_entry,零段向下（0→-1）,8,2018-05-16,2018-05-16,1,Development,-3.352461499542825,3.352461499542825
minus_entry,零段向下（0→-1）,9,2018-05-31,2018-05-31,1,Development,12.179388330926244,-12.179388330926244
minus_entry,零段向下（0→-1）,10,2018-06-11,2018-06-11,1,Development,-34.11470149932261,34.11470149932261
minus_entry,零段向下（0→-1）,11,2018-06-19,2018-06-19,1,Development,-523.6981882599134,523.6981882599134
minus_entry,零段向下（0→-1）,12,2018-08-03,2018-08-03,1,Development,-127.22024590529068,127.22024590529068
minus_entry,零段向下（0→-1）,13,2018-08-13,2018-08-13,1,Development,125.56171092320324,-125.56171092320324
minus_entry,零段向下（0→-1）,14,2018-08-22,2018-08-22,1,Development,-92.28088081137398,92.28088081137398
minus_entry,零段向下（0→-1）,15,2018-10-12,2018-10-12,1,Development,37.494415452381524,-37.494415452381524
minus_entry,零段向下（0→-1）,16,2018-11-30,2018-11-30,1,Development,345.227276948612,-345.227276948612
minus_entry,零段向下（0→-1）,17,2018-12-25,2018-12-25,1,Development,-35.151170773455306,35.151170773455306
minus_entry,零段向下（0→-1）,18,2019-01-30,2019-01-30,1,Development,-73.89697943080087,73.89697943080087
minus_entry,零段向下（0→-1）,19,2019-03-12,2019-03-12,1,Development,102.2002455982074,-102.2002455982074
minus_entry,零段向下（0→-1）,20,2019-03-28,2019-03-28,1,Development,-115.08107262217626,115.08107262217626
minus_entry,零段向下（0→-1）,21,2019-04-09,2019-04-09,1,Development,-14.164876960177653,14.164876960177653
minus_entry,零段向下（0→-1）,22,2019-04-25,2019-04-25,1,Development,-396.9967757993731,396.9967757993731
minus_entry,零段向下（0→-1）,23,2019-05-20,2019-05-20,1,Development,-40.17336466811017,40.17336466811017
minus_entry,零段向下（0→-1）,24,2019-06-04,2019-06-04,1,Development,-20.15073901376896,20.15073901376896
minus_entry,零段向下（0→-1）,25,2019-06-18,2019-06-18,1,Development,205.35346051740345,-205.35346051740345
minus_entry,零段向下（0→-1）,26,2019-07-08,2019-07-08,1,Development,-318.49578103194443,318.49578103194443
minus_entry,零段向下（0→-1）,27,2019-07-24,2019-07-24,1,Development,73.18934692781554,-73.18934692781554
minus_entry,零段向下（0→-1）,28,2019-08-05,2019-08-05,1,Development,-271.21044064521203,271.21044064521203
minus_entry,零段向下（0→-1）,29,2019-09-16,2019-09-16,1,Development,-48.90752299217871,48.90752299217871
minus_entry,零段向下（0→-1）,30,2019-09-30,2019-09-30,1,Development,-107.9237477662065,107.9237477662065
minus_entry,零段向下（0→-1）,31,2019-11-08,2019-11-08,1,Development,-149.82617635675211,149.82617635675211
minus_entry,零段向下（0→-1）,32,2019-11-21,2019-11-21,1,Development,49.613869692173296,-49.613869692173296
minus_entry,零段向下（0→-1）,33,2020-01-22,2020-01-22,1,Development,34.90194702964189,-34.90194702964189
minus_entry,零段向下（0→-1）,34,2020-02-17,2020-02-17,1,Development,281.1963547059615,-281.1963547059615
minus_entry,零段向下（0→-1）,35,2020-03-05,2020-03-05,1,Development,-100.34804365644301,100.34804365644301
minus_entry,零段向下（0→-1）,36,2020-04-01,2020-04-01,1,Development,-61.55141627327998,61.55141627327998
minus_entry,零段向下（0→-1）,37,2020-04-24,2020-04-24,1,Development,-133.75073399097937,133.75073399097937
minus_entry,零段向下（0→-1）,38,2020-06-05,2020-06-05,1,Development,59.472073777233625,-59.472073777233625
minus_entry,零段向下（0→-1）,39,2020-06-24,2020-06-24,1,Development,-58.67275948987505,58.67275948987505
minus_entry,零段向下（0→-1）,40,2020-07-20,2020-07-20,1,Development,198.60369398730037,-198.60369398730037
minus_entry,零段向下（0→-1）,41,2020-07-28,2020-07-28,1,Development,-7.365796142951853,7.365796142951853
minus_entry,零段向下（0→-1）,42,2020-08-11,2020-08-11,1,Development,-219.63208844916983,219.63208844916983
minus_entry,零段向下（0→-1）,43,2020-08-24,2020-08-24,1,Development,46.230885110982726,-46.230885110982726
minus_entry,零段向下（0→-1）,44,2020-09-10,2020-09-10,1,Development,-304.27276394770166,304.27276394770166
minus_entry,零段向下（0→-1）,45,2020-09-24,2020-09-24,1,Development,-129.04807817310848,129.04807817310848
minus_entry,零段向下（0→-1）,46,2020-10-21,2020-10-21,1,Development,-146.88367640317114,146.88367640317114
minus_entry,零段向下（0→-1）,47,2020-11-13,2020-11-13,1,Development,24.18113794469212,-24.18113794469212
minus_entry,零段向下（0→-1）,48,2020-11-20,2020-11-20,1,Development,127.66973333631526,-127.66973333631526
minus_entry,零段向下（0→-1）,49,2020-12-07,2020-12-07,1,Development,-64.6908108194877,64.6908108194877
minus_entry,零段向下（0→-1）,50,2020-12-14,2020-12-14,1,Development,68.09259795619305,-68.09259795619305
minus_entry,零段向下（0→-1）,51,2020-12-23,2020-12-23,1,Development,84.93158594869988,-84.93158594869988
minus_entry,零段向下（0→-1）,52,2020-12-30,2020-12-30,1,Development,139.60750594231186,-139.60750594231186
minus_entry,零段向下（0→-1）,53,2021-01-13,2021-01-13,1,Development,-119.45768958228187,119.45768958228187
minus_entry,零段向下（0→-1）,54,2021-01-21,2021-01-21,1,Development,103.51868568457601,-103.51868568457601
minus_entry,零段向下（0→-1）,55,2021-02-02,2021-02-02,1,Development,85.57745197274701,-85.57745197274701
minus_entry,零段向下（0→-1）,56,2021-02-23,2021-02-23,1,Development,29.758219175410883,-29.758219175410883
minus_entry,零段向下（0→-1）,57,2021-03-05,2021-03-05,1,Development,202.39207302430228,-202.39207302430228
minus_entry,零段向下（0→-1）,58,2021-03-24,2021-03-24,1,Development,-99.41681912389977,99.41681912389977
minus_entry,零段向下（0→-1）,59,2021-04-07,2021-04-07,1,Development,-27.48182734247484,27.48182734247484
minus_entry,零段向下（0→-1）,60,2021-05-10,2021-05-10,1,Development,-38.88712732176502,38.88712732176502
minus_entry,零段向下（0→-1）,61,2021-05-19,2021-05-19,1,Development,-62.30773435643822,62.30773435643822
minus_entry,零段向下（0→-1）,62,2021-06-10,2021-06-10,1,Development,126.81311523564665,-126.81311523564665
minus_entry,零段向下（0→-1）,63,2021-07-01,2021-07-01,1,Development,-185.46898567610714,185.46898567610714
minus_entry,零段向下（0→-1）,64,2021-07-09,2021-07-09,1,Development,194.69520162055164,-194.69520162055164
minus_entry,零段向下（0→-1）,65,2021-07-19,2021-07-19,1,Development,-117.25340121045758,117.25340121045758
minus_entry,零段向下（0→-1）,66,2021-08-05,2021-08-05,1,Development,11.679484026105857,-11.679484026105857
minus_entry,零段向下（0→-1）,67,2021-08-18,2021-08-18,1,Development,49.748184230500314,-49.748184230500314
minus_entry,零段向下（0→-1）,68,2021-08-27,2021-08-27,1,Development,149.3262755101532,-149.3262755101532
minus_entry,零段向下（0→-1）,69,2021-09-16,2021-09-16,1,Development,-256.1104634780109,256.1104634780109
minus_entry,零段向下（0→-1）,70,2021-10-14,2021-10-14,1,Development,36.54323675468252,-36.54323675468252
minus_entry,零段向下（0→-1）,71,2021-10-25,2021-10-25,1,Development,143.95708439397526,-143.95708439397526
minus_entry,零段向下（0→-1）,72,2021-11-18,2021-11-18,1,Development,-36.255308347789004,36.255308347789004
minus_entry,零段向下（0→-1）,73,2021-12-07,2021-12-07,1,Development,-67.5360851937945,67.5360851937945
minus_entry,零段向下（0→-1）,74,2021-12-20,2021-12-20,1,Development,-137.12344269925515,137.12344269925515
minus_entry,零段向下（0→-1）,75,2022-01-05,2022-01-05,1,Development,-212.35257917132543,212.35257917132543
minus_entry,零段向下（0→-1）,76,2022-02-16,2022-02-16,1,Development,-21.93973198372334,21.93973198372334
minus_entry,零段向下（0→-1）,77,2022-02-25,2022-02-25,1,Development,37.9833636155813,-37.9833636155813
minus_entry,零段向下（0→-1）,78,2022-03-21,2022-03-21,1,Development,4.481466137000734,-4.481466137000734
minus_entry,零段向下（0→-1）,79,2022-04-01,2022-04-01,1,Development,117.04155728933907,-117.04155728933907
minus_entry,零段向下（0→-1）,80,2022-04-13,2022-04-13,1,Development,-33.71839838469004,33.71839838469004
minus_entry,零段向下（0→-1）,81,2022-05-10,2022-05-10,1,Development,297.92375559549276,-297.92375559549276
minus_entry,零段向下（0→-1）,82,2022-05-26,2022-05-26,1,Development,125.35118902260889,-125.35118902260889
minus_entry,零段向下（0→-1）,83,2022-07-27,2022-07-27,1,Development,94.68154344026702,-94.68154344026702
minus_entry,零段向下（0→-1）,84,2022-08-03,2022-08-03,1,Development,-18.035467267800698,18.035467267800698
minus_entry,零段向下（0→-1）,85,2022-09-01,2022-09-01,1,Development,-29.238519184950906,29.238519184950906
minus_entry,零段向下（0→-1）,86,2022-09-16,2022-09-16,1,Development,-235.68053390511045,235.68053390511045
minus_entry,零段向下（0→-1）,87,2022-10-25,2022-10-25,1,Development,12.026551933637109,-12.026551933637109
minus_entry,零段向下（0→-1）,88,2022-11-25,2022-11-25,1,Development,-156.3073537168447,156.3073537168447
minus_entry,零段向下（0→-1）,89,2022-12-29,2022-12-29,1,Development,53.620645279723874,-53.620645279723874
minus_entry,零段向下（0→-1）,90,2023-02-17,2023-02-17,1,Validation,-58.3412126402505,58.3412126402505
minus_entry,零段向下（0→-1）,91,2023-03-08,2023-03-08,1,Validation,74.40563441391434,-74.40563441391434
minus_entry,零段向下（0→-1）,92,2023-03-31,2023-03-31,1,Validation,98.3957904372046,-98.3957904372046
minus_entry,零段向下（0→-1）,93,2023-04-24,2023-04-24,1,Validation,-72.54097708297213,72.54097708297213
minus_entry,零段向下（0→-1）,94,2023-05-10,2023-05-10,1,Validation,30.052854692030895,-30.052854692030895
minus_entry,零段向下（0→-1）,95,2023-05-30,2023-05-30,1,Validation,59.179702573144425,-59.179702573144425
minus_entry,零段向下（0→-1）,96,2023-06-08,2023-06-08,1,Validation,-5.064868445793236,5.064868445793236
minus_entry,零段向下（0→-1）,97,2023-07-11,2023-07-11,1,Validation,66.1389802909551,-66.1389802909551
minus_entry,零段向下（0→-1）,98,2023-09-04,2023-09-04,1,Validation,83.0559235468531,-83.0559235468531
minus_entry,零段向下（0→-1）,99,2023-09-11,2023-09-11,1,Validation,89.89662290251887,-89.89662290251887
minus_entry,零段向下（0→-1）,100,2023-10-10,2023-10-10,1,Validation,-46.931848496015725,46.931848496015725
minus_entry,零段向下（0→-1）,101,2023-10-19,2023-10-19,1,Validation,-96.96935142162188,96.96935142162188
minus_entry,零段向下（0→-1）,102,2023-11-29,2023-11-29,1,Validation,-72.01919548042501,72.01919548042501
minus_entry,零段向下（0→-1）,103,2024-03-21,2024-03-21,1,Validation,-93.14749073164874,93.14749073164874
minus_entry,零段向下（0→-1）,104,2024-04-09,2024-04-09,1,Validation,77.92256164129485,-77.92256164129485
minus_entry,零段向下（0→-1）,105,2024-04-25,2024-04-25,1,Validation,34.16289002592832,-34.16289002592832
minus_entry,零段向下（0→-1）,106,2024-06-13,2024-06-13,1,Validation,-98.66550446513855,98.66550446513855
minus_entry,零段向下（0→-1）,107,2024-06-24,2024-06-24,1,Validation,-165.0596392195669,165.0596392195669
minus_entry,零段向下（0→-1）,108,2024-07-24,2024-07-24,1,Validation,-144.01775613412383,144.01775613412383
minus_entry,零段向下（0→-1）,109,2024-08-14,2024-08-14,1,Validation,-154.5929516983602,154.5929516983602
minus_entry,零段向下（0→-1）,110,2024-08-26,2024-08-26,1,Validation,-22.827708135347848,22.827708135347848
minus_entry,零段向下（0→-1）,111,2024-09-12,2024-09-12,1,Validation,-41.14482972095268,41.14482972095268
minus_entry,零段向下（0→-1）,112,2024-11-19,2024-11-19,1,Validation,143.42587311115597,-143.42587311115597
minus_entry,零段向下（0→-1）,113,2024-12-06,2024-12-06,1,Validation,135.23421060066988,-135.23421060066988
minus_entry,零段向下（0→-1）,114,2024-12-23,2024-12-23,1,Validation,-152.9889878217594,152.9889878217594
minus_entry,零段向下（0→-1）,115,2025-01-20,2025-01-20,1,Test,31.446525777907297,-31.446525777907297
minus_entry,零段向下（0→-1）,116,2025-03-27,2025-03-27,1,Test,37.443132269416864,-37.443132269416864
minus_entry,零段向下（0→-1）,117,2025-04-03,2025-04-03,1,Test,-545.3944976400716,545.3944976400716
minus_entry,零段向下（0→-1）,118,2025-04-14,2025-04-14,1,Test,-15.58225782082423,15.58225782082423
minus_entry,零段向下（0→-1）,119,2025-05-19,2025-05-19,1,Test,7.111537757529263,-7.111537757529263
minus_entry,零段向下（0→-1）,120,2025-05-27,2025-05-27,1,Test,-25.46140007663178,25.46140007663178
minus_entry,零段向下（0→-1）,121,2025-06-16,2025-06-16,1,Test,82.60799308940081,-82.60799308940081
minus_entry,零段向下（0→-1）,122,2025-08-05,2025-08-05,1,Test,34.91741308610629,-34.91741308610629
minus_entry,零段向下（0→-1）,123,2025-08-13,2025-08-13,1,Test,134.55151857785674,-134.55151857785674
minus_entry,零段向下（0→-1）,124,2025-09-08,2025-09-08,1,Test,46.95869541144759,-46.95869541144759
minus_entry,零段向下（0→-1）,125,2025-09-19,2025-09-19,1,Test,-24.725956894142698,24.725956894142698
minus_entry,零段向下（0→-1）,126,2025-10-16,2025-10-16,1,Test,-58.92939262156172,58.92939262156172
minus_entry,零段向下（0→-1）,127,2025-11-17,2025-11-17,1,Test,-46.75371299366682,46.75371299366682
minus_entry,零段向下（0→-1）,128,2025-12-11,2025-12-11,1,Test,-115.89093658824324,115.89093658824324
minus_entry,零段向下（0→-1）,129,2026-02-04,2026-02-04,1,Test,-81.94969750359161,81.94969750359161
minus_entry,零段向下（0→-1）,130,2026-03-03,2026-03-03,1,Test,-558.4042880294437,558.4042880294437
minus_entry,零段向下（0→-1）,131,2026-04-17,2026-04-17,1,Test,83.61139259482454,-83.61139259482454
minus_entry,零段向下（0→-1）,132,2026-05-19,2026-05-19,1,Test,67.14976991911037,-67.14976991911037
minus_entry,零段向下（0→-1）,133,2026-06-01,2026-06-01,1,Test,-80.94013095624408,80.94013095624408
minus_entry,零段向下（0→-1）,134,2026-07-13,2026-07-13,1,Test,-325.9521058946391,325.9521058946391
minus_entry,零段向下（0→-1）,135,2026-08-11,2026-08-11,1,Test,-1.5475088216021504,1.5475088216021504
plus_entry,零段向上（0→+1）,0,2018-02-23,2018-02-23,1,Development,82.86365116762396,82.86365116762396
plus_entry,零段向上（0→+1）,1,2018-05-14,2018-05-14,1,Development,-17.232177426889095,-17.232177426889095
plus_entry,零段向上（0→+1）,2,2018-06-06,2018-06-06,1,Development,27.285529847049794,27.285529847049794
plus_entry,零段向上（0→+1）,3,2018-07-02,2018-07-02,1,Development,-150.10102258579795,-150.10102258579795
plus_entry,零段向上（0→+1）,4,2018-07-18,2018-07-18,1,Development,-87.54368889404618,-87.54368889404618
plus_entry,零段向上（0→+1）,5,2018-08-08,2018-08-08,1,Development,-159.13481502806692,-159.13481502806692
plus_entry,零段向上（0→+1）,6,2018-09-05,2018-09-05,1,Development,-156.1970838451354,-156.1970838451354
plus_entry,零段向上（0→+1）,7,2018-10-25,2018-10-25,1,Development,331.51952868074153,331.51952868074153
plus_entry,零段向上（0→+1）,8,2018-11-28,2018-11-28,1,Development,166.2029359573247,166.2029359573247
plus_entry,零段向上（0→+1）,9,2019-01-07,2019-01-07,1,Development,102.11392369734229,102.11392369734229
plus_entry,零段向上（0→+1）,10,2019-02-12,2019-02-12,1,Development,100.68381702460272,100.68381702460272
plus_entry,零段向上（0→+1）,11,2019-04-01,2019-04-01,1,Development,363.25977390884833,363.25977390884833
plus_entry,零段向上（0→+1）,12,2019-05-14,2019-05-14,1,Development,121.82639355500902,121.82639355500902
plus_entry,零段向上（0→+1）,13,2019-06-06,2019-06-06,1,Development,-173.19476629866438,-173.19476629866438
plus_entry,零段向上（0→+1）,14,2019-06-20,2019-06-20,1,Development,248.03486715840427,248.03486715840427
plus_entry,零段向上（0→+1）,15,2020-01-22,2020-01-22,1,Development,34.90194702964189,34.90194702964189
plus_entry,零段向上（0→+1）,16,2020-02-18,2020-02-18,1,Development,82.63020908887864,82.63020908887864
plus_entry,零段向上（0→+1）,17,2020-03-03,2020-03-03,1,Development,-149.89547823462846,-149.89547823462846
plus_entry,零段向上（0→+1）,18,2020-03-26,2020-03-26,1,Development,81.81774082588689,81.81774082588689
plus_entry,零段向上（0→+1）,19,2020-06-29,2020-06-29,1,Development,27.0262570940627,27.0262570940627
plus_entry,零段向上（0→+1）,20,2020-07-28,2020-07-28,1,Development,-7.365796142951853,-7.365796142951853
plus_entry,零段向上（0→+1）,21,2020-08-18,2020-08-18,1,Development,51.851279577546094,51.851279577546094
plus_entry,零段向上（0→+1）,22,2020-09-03,2020-09-03,1,Development,-251.993409126845,-251.993409126845
plus_entry,零段向上（0→+1）,23,2020-09-21,2020-09-21,1,Development,-154.33830704170592,-154.33830704170592
plus_entry,零段向上（0→+1）,24,2020-10-16,2020-10-16,1,Development,15.222083908474904,15.222083908474904
plus_entry,零段向上（0→+1）,25,2021-01-06,2021-01-06,1,Development,-39.78087038994494,-39.78087038994494
plus_entry,零段向上（0→+1）,26,2021-01-19,2021-01-19,1,Development,-50.3959885590588,-50.3959885590588
plus_entry,零段向上（0→+1）,27,2021-02-22,2021-02-22,1,Development,-175.15250006335913,-175.15250006335913
plus_entry,零段向上（0→+1）,28,2021-03-16,2021-03-16,1,Development,7.811279942895322,7.811279942895322
plus_entry,零段向上（0→+1）,29,2021-04-02,2021-04-02,1,Development,46.4417627827296,46.4417627827296
plus_entry,零段向上（0→+1）,30,2021-05-11,2021-05-11,1,Development,-2.140828978575149,-2.140828978575149
plus_entry,零段向上（0→+1）,31,2021-06-11,2021-06-11,1,Development,-58.38365657991229,-58.38365657991229
plus_entry,零段向上（0→+1）,32,2021-07-08,2021-07-08,1,Development,-78.57877423258385,-78.57877423258385
plus_entry,零段向上（0→+1）,33,2021-08-02,2021-08-02,1,Development,129.58224152178843,129.58224152178843
plus_entry,零段向上（0→+1）,34,2021-11-04,2021-11-04,1,Development,55.655143119897055,55.655143119897055
plus_entry,零段向上（0→+1）,35,2021-11-19,2021-11-19,1,Development,133.26812373717135,133.26812373717135
plus_entry,零段向上（0→+1）,36,2021-12-10,2021-12-10,1,Development,66.06735530948482,66.06735530948482
plus_entry,零段向上（0→+1）,37,2021-12-29,2021-12-29,1,Development,-40.74165723982004,-40.74165723982004
plus_entry,零段向上（0→+1）,38,2022-03-18,2022-03-18,1,Development,145.7448592489996,145.7448592489996
plus_entry,零段向上（0→+1）,39,2022-04-11,2022-04-11,1,Development,-294.0155361575114,-294.0155361575114
plus_entry,零段向上（0→+1）,40,2022-04-29,2022-04-29,1,Development,281.3412761577183,281.3412761577183
plus_entry,零段向上（0→+1）,41,2022-05-23,2022-05-23,1,Development,35.357847519623675,35.357847519623675
plus_entry,零段向上（0→+1）,42,2022-06-24,2022-06-24,1,Development,145.12935105740254,145.12935105740254
plus_entry,零段向上（0→+1）,43,2022-07-26,2022-07-26,1,Development,100.01187971141468,100.01187971141468
plus_entry,零段向上（0→+1）,44,2022-08-12,2022-08-12,1,Development,-30.183606811911012,-30.183606811911012
plus_entry,零段向上（0→+1）,45,2022-08-26,2022-08-26,1,Development,-185.87258190902344,-185.87258190902344
plus_entry,零段向上（0→+1）,46,2022-09-14,2022-09-14,1,Development,105.4468688445942,105.4468688445942
plus_entry,零段向上（0→+1）,47,2022-09-30,2022-09-30,1,Development,-59.674518304262406,-59.674518304262406
plus_entry,零段向上（0→+1）,48,2022-11-24,2022-11-24,1,Development,-51.36994294811181,-51.36994294811181
plus_entry,零段向上（0→+1）,49,2022-12-12,2022-12-12,1,Development,-44.49864712509854,-44.49864712509854
plus_entry,零段向上（0→+1）,50,2022-12-28,2022-12-28,1,Development,-43.46655250275666,-43.46655250275666
plus_entry,零段向上（0→+1）,51,2023-05-05,2023-05-05,1,Validation,-84.76375578104212,-84.76375578104212
plus_entry,零段向上（0→+1）,52,2023-06-14,2023-06-14,1,Validation,5.012538374871145,5.012538374871145
plus_entry,零段向上（0→+1）,53,2023-09-05,2023-09-05,1,Validation,-82.67693352953299,-82.67693352953299
plus_entry,零段向上（0→+1）,54,2023-09-28,2023-09-28,1,Validation,-14.065409295955789,-14.065409295955789
plus_entry,零段向上（0→+1）,55,2023-10-27,2023-10-27,1,Validation,180.70325805952027,180.70325805952027
plus_entry,零段向上（0→+1）,56,2023-12-11,2023-12-11,1,Validation,158.54882537824633,158.54882537824633
plus_entry,零段向上（0→+1）,57,2024-01-04,2024-01-04,1,Validation,-89.09884646612132,-89.09884646612132
plus_entry,零段向上（0→+1）,58,2024-01-25,2024-01-25,1,Validation,250.7498893924942,250.7498893924942
plus_entry,零段向上（0→+1）,59,2024-02-08,2024-02-08,1,Validation,181.87505709494013,181.87505709494013
plus_entry,零段向上（0→+1）,60,2024-03-13,2024-03-13,1,Validation,-27.428508540363605,-27.428508540363605
plus_entry,零段向上（0→+1）,61,2024-03-29,2024-03-29,1,Validation,171.01657671322545,171.01657671322545
plus_entry,零段向上（0→+1）,62,2024-04-19,2024-04-19,1,Validation,-61.91277446383259,-61.91277446383259
plus_entry,零段向上（0→+1）,63,2024-05-17,2024-05-17,1,Validation,144.19235760887216,144.19235760887216
plus_entry,零段向上（0→+1）,64,2024-07-29,2024-07-29,1,Validation,-96.98198438603201,-96.98198438603201
plus_entry,零段向上（0→+1）,65,2024-09-24,2024-09-24,1,Validation,484.9738343928078,484.9738343928078
plus_entry,零段向上（0→+1）,66,2024-10-23,2024-10-23,1,Validation,4.265891031549618,4.265891031549618
plus_entry,零段向上（0→+1）,67,2024-11-05,2024-11-05,1,Validation,352.7896652120943,352.7896652120943
plus_entry,零段向上（0→+1）,68,2024-11-22,2024-11-22,1,Validation,-359.39905130699225,-359.39905130699225
plus_entry,零段向上（0→+1）,69,2024-12-10,2024-12-10,1,Validation,-259.22611956934236,-259.22611956934236
plus_entry,零段向上（0→+1）,70,2024-12-27,2024-12-27,1,Validation,-3.786044017249912,-3.786044017249912
plus_entry,零段向上（0→+1）,71,2025-01-14,2025-01-14,1,Test,307.420811778345,307.420811778345
plus_entry,零段向上（0→+1）,72,2025-02-06,2025-02-06,1,Test,255.7897402556475,255.7897402556475
plus_entry,零段向上（0→+1）,73,2025-05-30,2025-05-30,1,Test,-89.56766187459664,-89.56766187459664
plus_entry,零段向上（0→+1）,74,2025-06-27,2025-06-27,1,Test,46.5771274197313,46.5771274197313
plus_entry,零段向上（0→+1）,75,2025-08-12,2025-08-12,1,Test,47.53580817451919,47.53580817451919
plus_entry,零段向上（0→+1）,76,2025-09-08,2025-09-08,1,Test,46.95869541144759,46.95869541144759
plus_entry,零段向上（0→+1）,77,2025-09-23,2025-09-23,1,Test,-138.84260439932515,-138.84260439932515
plus_entry,零段向上（0→+1）,78,2025-10-22,2025-10-22,1,Test,-36.935010896107514,-36.935010896107514
plus_entry,零段向上（0→+1）,79,2025-11-06,2025-11-06,1,Test,88.49684708928108,88.49684708928108
plus_entry,零段向上（0→+1）,80,2025-12-15,2025-12-15,1,Test,-27.678481721346017,-27.678481721346017
plus_entry,零段向上（0→+1）,81,2026-01-29,2026-01-29,1,Test,-168.93837611151042,-168.93837611151042
plus_entry,零段向上（0→+1）,82,2026-03-26,2026-03-26,1,Test,-280.8071168065418,-280.8071168065418
plus_entry,零段向上（0→+1）,83,2026-04-15,2026-04-15,1,Test,-94.11601570585626,-94.11601570585626
plus_entry,零段向上（0→+1）,84,2026-05-25,2026-05-25,1,Test,39.655747831721655,39.655747831721655
plus_entry,零段向上（0→+1）,85,2026-06-18,2026-06-18,1,Test,138.7175578060451,138.7175578060451
