date,score,predicted,phase
2018-01-02,0.47855836512974703,0,development
2018-01-03,0.4815869262934413,0,development
2018-01-04,0.4956451992069755,0,development
2018-01-05,0.474185249933589,0,development
2018-01-08,0.4989001532912214,0,development
2018-01-09,0.5031087490458804,0,development
2018-01-10,0.47552982659884135,0,development
2018-01-11,0.5309836466559039,0,development
2018-01-12,0.49263763778193936,0,development
2018-01-15,0.5057659950265907,0,development
2018-01-16,0.609965390168162,0,development
2018-01-17,0.5943558940616154,0,development
2018-01-18,0.6577042989803805,0,development
2018-01-19,0.6331971776363409,0,development
2018-01-22,0.6414288484451856,0,development
2018-01-23,0.6543393854596663,0,development
2018-01-24,0.6367748023619384,0,development
2018-01-25,0.5713867279942887,0,development
2018-01-26,0.5819526407936928,0,development
2018-01-29,0.5551959800442502,0,development
2018-01-30,0.5125500446618992,0,development
2018-01-31,0.5051171424130154,0,development
2018-02-01,0.5568789226792104,0,development
2018-02-02,0.6832030683229575,0,development
2018-02-05,0.7793968899801037,1,development
2018-02-06,0.7512064093573141,1,development
2018-02-07,0.7683205667012695,1,development
2018-02-08,0.7506453191729477,1,development
2018-02-09,0.7231961133793563,1,development
2018-02-12,0.6920481994443606,1,development
2018-02-13,0.6608106846781072,0,development
2018-02-14,0.6435686615683882,0,development
2018-02-22,0.5953741470663422,0,development
2018-02-23,0.5135030219773774,0,development
2018-02-26,0.4968828062033386,0,development
2018-02-27,0.4719155234776895,0,development
2018-02-28,0.5150997663707936,0,development
2018-03-01,0.5349115655220366,0,development
2018-03-02,0.5977808358835367,0,development
2018-03-05,0.4504781954809627,0,development
2018-03-06,0.46328123282466505,0,development
2018-03-07,0.42030600189786205,0,development
2018-03-08,0.4524445830200206,0,development
2018-03-09,0.4794030689350946,0,development
2018-03-12,0.4794025507358494,0,development
2018-03-13,0.4708815054380583,0,development
2018-03-14,0.4496425664742524,0,development
2018-03-15,0.500282686448984,0,development
2018-03-16,0.5080749508193372,0,development
2018-03-19,0.5502868796540663,0,development
2018-03-20,0.6303712107576336,0,development
2018-03-21,0.6036343087685793,0,development
2018-03-22,0.5472011844235631,0,development
2018-03-23,0.4884782234538721,0,development
2018-03-26,0.5605161766306488,0,development
2018-03-27,0.5733266749504987,0,development
2018-03-28,0.7114888877137517,1,development
2018-03-29,0.6387277243851184,0,development
2018-03-30,0.6149414581229196,0,development
2018-04-02,0.6399752541952719,0,development
2018-04-03,0.7807864152529826,1,development
2018-04-04,0.7751616220448498,1,development
2018-04-09,0.7672715889055005,1,development
2018-04-10,0.6809269157049006,0,development
2018-04-11,0.6177027012974002,0,development
2018-04-12,0.5817763190368234,0,development
2018-04-13,0.5963847989546983,0,development
2018-04-16,0.5995437575483091,0,development
2018-04-17,0.6232644848811507,0,development
2018-04-18,0.6241648752644493,0,development
2018-04-19,0.607567624378357,0,development
2018-04-20,0.4882477248786722,0,development
2018-04-23,0.5164296517348516,0,development
2018-04-24,0.5608079046610095,0,development
2018-04-25,0.6095640244685727,0,development
2018-04-26,0.47979155846926896,0,development
2018-04-27,0.5127354921791091,0,development
2018-05-02,0.48492444942763646,0,development
2018-05-03,0.5010141316075906,0,development
2018-05-04,0.4625884432424598,0,development
2018-05-07,0.47365598674274156,0,development
2018-05-08,0.46788440317410596,0,development
2018-05-09,0.4068893542556662,0,development
2018-05-10,0.3891594994489186,0,development
2018-05-11,0.4034684357963677,0,development
2018-05-14,0.42797143268684196,0,development
2018-05-15,0.38855592496614494,0,development
2018-05-16,0.39352882635982883,0,development
2018-05-17,0.3938062452522835,0,development
2018-05-18,0.3796971250138457,0,development
2018-05-21,0.3776866049722423,0,development
2018-05-22,0.38761807303253365,0,development
2018-05-23,0.3825915680384545,0,development
2018-05-24,0.42030466733674865,0,development
2018-05-25,0.43072766584257344,0,development
2018-05-28,0.44400467612768124,0,development
2018-05-29,0.4592191161430511,0,development
2018-05-30,0.4970187889023912,0,development
2018-05-31,0.4885894637118996,0,development
2018-06-01,0.4651753261882515,0,development
2018-06-04,0.4825171406717344,0,development
2018-06-05,0.4865798572137289,0,development
2018-06-06,0.49769896450662954,0,development
2018-06-07,0.4801258170535848,0,development
2018-06-08,0.4897818543462218,0,development
2018-06-11,0.49062183119502206,0,development
2018-06-12,0.4729153894826409,0,development
2018-06-13,0.3990084020976423,0,development
2018-06-14,0.43591750494269077,0,development
2018-06-15,0.4555743817869862,0,development
2018-06-19,0.5456710993909273,0,development
2018-06-20,0.6055395429045947,0,development
2018-06-21,0.6414749177058964,0,development
2018-06-22,0.699264983793678,1,development
2018-06-25,0.7218222332065805,1,development
2018-06-26,0.7676770654607898,1,development
2018-06-27,0.7606842482947083,1,development
2018-06-28,0.7504163942624328,1,development
2018-06-29,0.7275298509338719,1,development
2018-07-02,0.7424647678646561,1,development
2018-07-03,0.7010792235001289,1,development
2018-07-04,0.6135098692802221,0,development
2018-07-05,0.6323206432139913,0,development
2018-07-06,0.6153971603050307,0,development
2018-07-09,0.6070764863108282,0,development
2018-07-10,0.5787733128157316,0,development
2018-07-11,0.5689791022423177,0,development
2018-07-12,0.573649382688902,0,development
2018-07-13,0.5417543562769996,0,development
2018-07-16,0.5000931829790665,0,development
2018-07-17,0.43603389243301,0,development
2018-07-18,0.4406742235609643,0,development
2018-07-19,0.4466562934074425,0,development
2018-07-20,0.42974164224303324,0,development
2018-07-23,0.4741852268097333,0,development
2018-07-24,0.48403885272206515,0,development
2018-07-25,0.5146573492187076,0,development
2018-07-26,0.5231061330607762,0,development
2018-07-27,0.5289315287860723,0,development
2018-07-30,0.5491723615460781,0,development
2018-07-31,0.5765492419638971,0,development
2018-08-01,0.5955652732848178,0,development
2018-08-02,0.6090455253943361,0,development
2018-08-03,0.6196481687500797,0,development
2018-08-06,0.6364447416534934,0,development
2018-08-07,0.6097833882986802,0,development
2018-08-08,0.5856905834743558,0,development
2018-08-09,0.6285562991665338,0,development
2018-08-10,0.6385689661910314,0,development
2018-08-13,0.6324447582371154,0,development
2018-08-14,0.6087395869594766,0,development
2018-08-15,0.6004569544177697,0,development
2018-08-16,0.6394575810207181,0,development
2018-08-17,0.6505595403532396,0,development
2018-08-20,0.684715354107821,1,development
2018-08-21,0.6450343265029944,0,development
2018-08-22,0.5978648263464515,0,development
2018-08-23,0.5948558258531411,0,development
2018-08-24,0.6252148675189532,0,development
2018-08-27,0.6125612831845196,0,development
2018-08-28,0.6254012831615365,0,development
2018-08-29,0.6454317859765892,0,development
2018-08-30,0.555602743962761,0,development
2018-08-31,0.5372546578189099,0,development
2018-09-03,0.40184343052442617,0,development
2018-09-04,0.4342104473497673,0,development
2018-09-05,0.42477980719172814,0,development
2018-09-06,0.4354675039117546,0,development
2018-09-07,0.42050912549488406,0,development
2018-09-10,0.42263593401738564,0,development
2018-09-11,0.48046058060655306,0,development
2018-09-12,0.48742387558071176,0,development
2018-09-13,0.46242349844192787,0,development
2018-09-14,0.40426770892213815,0,development
2018-09-17,0.40931147980321025,0,development
2018-09-18,0.5019130221900423,0,development
2018-09-19,0.5443132446790799,0,development
2018-09-20,0.4922892302799326,0,development
2018-09-21,0.49974011815880126,0,development
2018-09-25,0.6510422800516827,0,development
2018-09-26,0.5770778687768767,0,development
2018-09-27,0.580110032371363,0,development
2018-09-28,0.5931100906003645,0,development
2018-10-08,0.5954268921225729,0,development
2018-10-09,0.5887991426962284,0,development
2018-10-10,0.5468418163428983,0,development
2018-10-11,0.6538855558030336,0,development
2018-10-12,0.6833206839747947,1,development
2018-10-15,0.6814395081536491,0,development
2018-10-16,0.700146567347267,1,development
2018-10-17,0.6813265094607888,0,development
2018-10-18,0.6415619768443277,0,development
2018-10-19,0.711156614415393,1,development
2018-10-22,0.7456123509435466,1,development
2018-10-23,0.5813388496678961,0,development
2018-10-24,0.5996105013892161,0,development
2018-10-25,0.820812581494899,1,development
2018-10-26,0.7763298030513959,1,development
2018-10-29,0.784948874665879,1,development
2018-10-30,0.7712407897224224,1,development
2018-10-31,0.7485671014808917,1,development
2018-11-01,0.7407759401188119,1,development
2018-11-02,0.664857759537728,0,development
2018-11-05,0.6640157985537318,0,development
2018-11-06,0.6584470133445885,0,development
2018-11-07,0.625444767082207,0,development
2018-11-08,0.6378701369258475,0,development
2018-11-09,0.62833291771991,0,development
2018-11-12,0.6364430820677849,0,development
2018-11-13,0.6349606911069581,0,development
2018-11-14,0.6431623720841266,0,development
2018-11-15,0.4891260440173386,0,development
2018-11-16,0.4900263066918722,0,development
2018-11-19,0.49856860504110606,0,development
2018-11-20,0.48948765133718614,0,development
2018-11-21,0.6791520487283902,0,development
2018-11-22,0.6838961965823447,1,development
2018-11-23,0.6831604120377144,0,development
2018-11-26,0.7226380628540745,1,development
2018-11-27,0.713775543501407,1,development
2018-11-28,0.7078007285361717,1,development
2018-11-29,0.6931211379635491,1,development
2018-11-30,0.7310892465966744,1,development
2018-12-03,0.7167498249497959,1,development
2018-12-04,0.683959801869559,1,development
2018-12-05,0.7599163668760086,1,development
2018-12-06,0.7298984834187107,1,development
2018-12-07,0.7425844000138914,1,development
2018-12-10,0.6599650836337134,0,development
2018-12-11,0.6578735423577347,0,development
2018-12-12,0.5308367235487551,0,development
2018-12-13,0.5261692533610358,0,development
2018-12-14,0.47702059417938353,0,development
2018-12-17,0.5381977019458861,0,development
2018-12-18,0.5429955747282056,0,development
2018-12-19,0.5218003531925673,0,development
2018-12-20,0.5488364229591854,0,development
2018-12-21,0.5005798341032163,0,development
2018-12-24,0.49501376852356205,0,development
2018-12-25,0.4777956524773531,0,development
2018-12-26,0.3955808476793181,0,development
2018-12-27,0.4457800790939743,0,development
2018-12-28,0.5248983531690277,0,development
2019-01-02,0.45530208147987705,0,development
2019-01-03,0.5030416945660947,0,development
2019-01-04,0.5695081455687018,0,development
2019-01-07,0.5095918722816075,0,development
2019-01-08,0.5216850698842629,0,development
2019-01-09,0.498141096469503,0,development
2019-01-10,0.4996375025495541,0,development
2019-01-11,0.47455892220764784,0,development
2019-01-14,0.47959654937233354,0,development
2019-01-15,0.4320063068015894,0,development
2019-01-16,0.43861397997267115,0,development
2019-01-17,0.42446515058940515,0,development
2019-01-18,0.41620423935402695,0,development
2019-01-21,0.35227219410586696,0,development
2019-01-22,0.3651554048499943,0,development
2019-01-23,0.42565018553202777,0,development
2019-01-24,0.4300472050128595,0,development
2019-01-25,0.4105553949401751,0,development
2019-01-28,0.44993519005831256,0,development
2019-01-29,0.4554880503720231,0,development
2019-01-30,0.5067116510269452,0,development
2019-01-31,0.5196848863674656,0,development
2019-02-01,0.5026572654325804,0,development
2019-02-11,0.494528672650626,0,development
2019-02-12,0.5033464261626854,0,development
2019-02-13,0.4223242179273758,0,development
2019-02-14,0.4244552093901389,0,development
2019-02-15,0.4258044767138806,0,development
2019-02-18,0.42271626488297653,0,development
2019-02-19,0.41166633613193604,0,development
2019-02-20,0.3694355856995234,0,development
2019-02-21,0.370642330015582,0,development
2019-02-22,0.38631317001802973,0,development
2019-02-25,0.38502513092127166,0,development
2019-02-26,0.3994091125306477,0,development
2019-02-27,0.4407768862962631,0,development
2019-02-28,0.4552123228786557,0,development
2019-03-01,0.4635856671760298,0,development
2019-03-04,0.46534476110675876,0,development
2019-03-05,0.4767920517977477,0,development
2019-03-06,0.4478571496106359,0,development
2019-03-07,0.44382185238279137,0,development
2019-03-08,0.444488139632491,0,development
2019-03-11,0.5067404659062866,0,development
2019-03-12,0.4888952147289158,0,development
2019-03-13,0.4716935862450064,0,development
2019-03-14,0.5700857796272224,0,development
2019-03-15,0.5567932705664567,0,development
2019-03-18,0.5548387243379319,0,development
2019-03-19,0.5419221777116459,0,development
2019-03-20,0.5344688299962056,0,development
2019-03-21,0.5265782807068976,0,development
2019-03-22,0.5129553031779513,0,development
2019-03-25,0.6920825903878962,1,development
2019-03-26,0.7020544298479026,1,development
2019-03-27,0.7503994387208331,1,development
2019-03-28,0.6405521230028471,0,development
2019-03-29,0.6573826956848906,0,development
2019-04-01,0.6494980199564648,0,development
2019-04-02,0.6680260358470325,0,development
2019-04-03,0.7017533057079083,1,development
2019-04-04,0.7029083088232289,1,development
2019-04-08,0.6970325345082794,1,development
2019-04-09,0.6984914161796424,1,development
2019-04-10,0.696803513970658,1,development
2019-04-11,0.5885295165575861,0,development
2019-04-12,0.6845894321330467,1,development
2019-04-15,0.6673198581478375,0,development
2019-04-16,0.6996452497767639,1,development
2019-04-17,0.6869081827851429,1,development
2019-04-18,0.6444692424024328,0,development
2019-04-19,0.6727673232697831,0,development
2019-04-22,0.68099723273239,0,development
2019-04-23,0.6941415145212084,1,development
2019-04-24,0.694772467707518,1,development
2019-04-25,0.6608125531884826,0,development
2019-04-26,0.6712608455785197,0,development
2019-04-29,0.6526450485700844,0,development
2019-04-30,0.6516901006869924,0,development
2019-05-06,0.6319213909643623,0,development
2019-05-07,0.6314913233390136,0,development
2019-05-08,0.6664962270424929,0,development
2019-05-09,0.5947157079040375,0,development
2019-05-10,0.5532311336579454,0,development
2019-05-13,0.54084540961919,0,development
2019-05-14,0.7070966325084166,1,development
2019-05-15,0.6185817893815496,0,development
2019-05-16,0.6122836585694131,0,development
2019-05-17,0.585518227335904,0,development
2019-05-20,0.6049379733972289,0,development
2019-05-21,0.5812182884786576,0,development
2019-05-22,0.581652002719788,0,development
2019-05-23,0.5753457962989784,0,development
2019-05-24,0.5619296671303412,0,development
2019-05-27,0.590251297592413,0,development
2019-05-28,0.5908203561765859,0,development
2019-05-29,0.5623607839707037,0,development
2019-05-30,0.5774538444320704,0,development
2019-05-31,0.5989859135370785,0,development
2019-06-03,0.5543525876425103,0,development
2019-06-04,0.3850559615507606,0,development
2019-06-05,0.47028932993177375,0,development
2019-06-06,0.4676395100252161,0,development
2019-06-10,0.44171636661054947,0,development
2019-06-11,0.4578074476034497,0,development
2019-06-12,0.4554705545790802,0,development
2019-06-13,0.47551595745147546,0,development
2019-06-14,0.5015937562243997,0,development
2019-06-17,0.5476956125203367,0,development
2019-06-18,0.5544538354939941,0,development
2019-06-19,0.39489588706446976,0,development
2019-06-20,0.43606809584422085,0,development
2019-06-21,0.4192690337624703,0,development
2019-06-24,0.3870115213990259,0,development
2019-06-25,0.3850406388509951,0,development
2019-06-26,0.43871113307646553,0,development
2019-06-27,0.4059471285776161,0,development
2019-06-28,0.40694423197329116,0,development
2019-07-01,0.3677578677270539,0,development
2019-07-02,0.36855539767437573,0,development
2019-07-03,0.3814208920674727,0,development
2019-07-04,0.379335099830696,0,development
2019-07-05,0.39244272889324516,0,development
2019-07-08,0.38827422107372944,0,development
2019-07-09,0.4641928900842973,0,development
2019-07-10,0.5507642841667701,0,development
2019-07-11,0.5688186062399615,0,development
2019-07-12,0.5617548758781862,0,development
2019-07-15,0.540494677230987,0,development
2019-07-16,0.5459329682947218,0,development
2019-07-17,0.503911761632807,0,development
2019-07-18,0.48650181209131976,0,development
2019-07-19,0.5061187528731569,0,development
2019-07-22,0.5251356778552925,0,development
2019-07-23,0.45483339878145357,0,development
2019-07-24,0.44529464094847343,0,development
2019-07-25,0.4215178784576215,0,development
2019-07-26,0.4087519254991464,0,development
2019-07-29,0.40934708667883085,0,development
2019-07-30,0.40086519973379214,0,development
2019-07-31,0.39032999302332844,0,development
2019-08-01,0.38713184464209743,0,development
2019-08-02,0.5330848442198095,0,development
2019-08-05,0.521246508791003,0,development
2019-08-06,0.5331123240649082,0,development
2019-08-07,0.5443321679326213,0,development
2019-08-08,0.5674763275108462,0,development
2019-08-09,0.5715926504715991,0,development
2019-08-12,0.5673146459611099,0,development
2019-08-13,0.5887244039071257,0,development
2019-08-14,0.44425084803110343,0,development
2019-08-15,0.5879295953669375,0,development
2019-08-16,0.52677923552588,0,development
2019-08-19,0.516941520373295,0,development
2019-08-20,0.42049969144608873,0,development
2019-08-21,0.44068423821246716,0,development
2019-08-22,0.42340280735638003,0,development
2019-08-23,0.3407009209958482,0,development
2019-08-26,0.4749137498625524,0,development
2019-08-27,0.4639650031544586,0,development
2019-08-28,0.441339788888057,0,development
2019-08-29,0.37759025571825316,0,development
2019-08-30,0.3866376624007226,0,development
2019-09-02,0.434485753455602,0,development
2019-09-03,0.33594898285423225,0,development
2019-09-04,0.49743320985628897,0,development
2019-09-05,0.4130474541894025,0,development
2019-09-06,0.40742540870691946,0,development
2019-09-09,0.36574103973052685,0,development
2019-09-10,0.3800329494407713,0,development
2019-09-11,0.3844009955920877,0,development
2019-09-12,0.3946527303103175,0,development
2019-09-16,0.4070868413679065,0,development
2019-09-17,0.2603993633845698,0,development
2019-09-18,0.32684687376234445,0,development
2019-09-19,0.3278292435335908,0,development
2019-09-20,0.33014218972799003,0,development
2019-09-23,0.3216785902301114,0,development
2019-09-24,0.3483479910394274,0,development
2019-09-25,0.3586600469331732,0,development
2019-09-26,0.4187731708019647,0,development
2019-09-27,0.45101637249610455,0,development
2019-09-30,0.4527283528740721,0,development
2019-10-08,0.468874891546115,0,development
2019-10-09,0.4509625227603647,0,development
2019-10-10,0.42343187208062144,0,development
2019-10-11,0.4313706712082414,0,development
2019-10-14,0.40908551135203614,0,development
2019-10-15,0.38553852850921483,0,development
2019-10-16,0.41940058732743135,0,development
2019-10-17,0.4019496601259143,0,development
2019-10-18,0.32027962090746015,0,development
2019-10-21,0.38790882793057047,0,development
2019-10-22,0.33603697787005393,0,development
2019-10-23,0.3448177567072761,0,development
2019-10-24,0.36350380087517303,0,development
2019-10-25,0.38226773508770373,0,development
2019-10-28,0.35932966228049146,0,development
2019-10-29,0.3595673104558631,0,development
2019-10-30,0.3888440209798556,0,development
2019-10-31,0.39160164393013736,0,development
2019-11-01,0.43509880760368663,0,development
2019-11-04,0.3505593880261575,0,development
2019-11-05,0.3606659781943865,0,development
2019-11-06,0.3560946028790928,0,development
2019-11-07,0.3658780691936985,0,development
2019-11-08,0.40479876587890995,0,development
2019-11-11,0.4718327567633031,0,development
2019-11-12,0.5084859620348944,0,development
2019-11-13,0.41028733687939967,0,development
2019-11-14,0.38382544292265774,0,development
2019-11-15,0.3131267816685988,0,development
2019-11-18,0.4282450168415202,0,development
2019-11-19,0.43891018539103893,0,development
2019-11-20,0.47624120355817906,0,development
2019-11-21,0.48065270858790154,0,development
2019-11-22,0.4710910567886716,0,development
2019-11-25,0.43829171054870114,0,development
2019-11-26,0.377107112920819,0,development
2019-11-27,0.3997025472939642,0,development
2019-11-28,0.3899274300516272,0,development
2019-11-29,0.34756841910469377,0,development
2019-12-02,0.3420705960664324,0,development
2019-12-03,0.3783068315201455,0,development
2019-12-04,0.4771342735077753,0,development
2019-12-05,0.4363520722915512,0,development
2019-12-06,0.43772573916048774,0,development
2019-12-09,0.41391472101414034,0,development
2019-12-10,0.4283410636458284,0,development
2019-12-11,0.4191015947874923,0,development
2019-12-12,0.41915857227170705,0,development
2019-12-13,0.4026664776435229,0,development
2019-12-16,0.3955715546894011,0,development
2019-12-17,0.3903140886178903,0,development
2019-12-18,0.4012911415488384,0,development
2019-12-19,0.4071414337482022,0,development
2019-12-20,0.41529588469291484,0,development
2019-12-23,0.46218243300167694,0,development
2019-12-24,0.4682784363217741,0,development
2019-12-25,0.3595737347681324,0,development
2019-12-26,0.3451873920758979,0,development
2019-12-27,0.35915640639920926,0,development
2019-12-30,0.40738740104265314,0,development
2019-12-31,0.39991806963603765,0,development
2020-01-02,0.3823484105860373,0,development
2020-01-03,0.38960647368357737,0,development
2020-01-06,0.4166342468253603,0,development
2020-01-07,0.36014587275748794,0,development
2020-01-08,0.30519797558183925,0,development
2020-01-09,0.2963359539528899,0,development
2020-01-10,0.3144731779407458,0,development
2020-01-13,0.3484926993113412,0,development
2020-01-14,0.34958895271603574,0,development
2020-01-15,0.40575727324989264,0,development
2020-01-16,0.39293043144157663,0,development
2020-01-17,0.4046842253275224,0,development
2020-01-20,0.38714878774378075,0,development
2020-01-21,0.37035011192739337,0,development
2020-01-22,0.4583557119524708,0,development
2020-01-23,0.44928079085885503,0,development
2020-02-03,0.724750504178556,1,development
2020-02-04,0.7812741696058476,1,development
2020-02-05,0.7810256501693087,1,development
2020-02-06,0.7676971564296514,1,development
2020-02-07,0.771770475170322,1,development
2020-02-10,0.7551790307743783,1,development
2020-02-11,0.7392845073924658,1,development
2020-02-12,0.7252862857404698,1,development
2020-02-13,0.7151942253635909,1,development
2020-02-14,0.7110494489351832,1,development
2020-02-17,0.5860849180738947,0,development
2020-02-18,0.5784453066830418,0,development
2020-02-19,0.5829690221452852,0,development
2020-02-20,0.5805661207860269,0,development
2020-02-21,0.5973499898032891,0,development
2020-02-24,0.5295986021382333,0,development
2020-02-25,0.4570317216796614,0,development
2020-02-26,0.45549406585717894,0,development
2020-02-27,0.4716728184095149,0,development
2020-02-28,0.4996527813007108,0,development
2020-03-02,0.5041591653617913,0,development
2020-03-03,0.5373056529180718,0,development
2020-03-04,0.5603139019277644,0,development
2020-03-05,0.5609282359639105,0,development
2020-03-06,0.6485514901148,0,development
2020-03-09,0.6561525233697991,0,development
2020-03-10,0.7132055580795136,1,development
2020-03-11,0.7287092128423757,1,development
2020-03-12,0.7384884421130753,1,development
2020-03-13,0.8370791750643698,1,development
2020-03-16,0.8357922417927414,1,development
2020-03-17,0.8405341232470263,1,development
2020-03-18,0.8230522587864215,1,development
2020-03-19,0.8209390472405191,1,development
2020-03-20,0.809416259934217,1,development
2020-03-23,0.8031252273000931,1,development
2020-03-24,0.7496641460178162,1,development
2020-03-25,0.7371236497346808,1,development
2020-03-26,0.6958499990797695,1,development
2020-03-27,0.4640286669821171,0,development
2020-03-30,0.5086606783773723,0,development
2020-03-31,0.4187905314301022,0,development
2020-04-01,0.440914147857143,0,development
2020-04-02,0.43586413000585267,0,development
2020-04-03,0.43019431604038044,0,development
2020-04-07,0.42190262716218085,0,development
2020-04-08,0.4392669845011045,0,development
2020-04-09,0.4505272144975795,0,development
2020-04-10,0.4592612336527263,0,development
2020-04-13,0.49563251844662015,0,development
2020-04-14,0.4717330649668253,0,development
2020-04-15,0.4846507809607207,0,development
2020-04-16,0.4957979623484277,0,development
2020-04-17,0.5074614593015014,0,development
2020-04-20,0.5682414092345085,0,development
2020-04-21,0.5712519723667868,0,development
2020-04-22,0.655151840983667,0,development
2020-04-23,0.6590855434105445,0,development
2020-04-24,0.6663509675334667,0,development
2020-04-27,0.639454050823896,0,development
2020-04-28,0.6347223401634233,0,development
2020-04-29,0.6366207392374098,0,development
2020-04-30,0.6176872273596921,0,development
2020-05-06,0.6208874164368225,0,development
2020-05-07,0.6137712079958672,0,development
2020-05-08,0.6132882252204644,0,development
2020-05-11,0.5954262468300219,0,development
2020-05-12,0.601657040351197,0,development
2020-05-13,0.5762205134117829,0,development
2020-05-14,0.5469238970633605,0,development
2020-05-15,0.5474469726894718,0,development
2020-05-18,0.5220836044849149,0,development
2020-05-19,0.5125405980804696,0,development
2020-05-20,0.5152575741046955,0,development
2020-05-21,0.5331044258159339,0,development
2020-05-22,0.5646900108957649,0,development
2020-05-25,0.5975948316171682,0,development
2020-05-26,0.5751649633182904,0,development
2020-05-27,0.5697625631575685,0,development
2020-05-28,0.5961562828718348,0,development
2020-05-29,0.6079593408160839,0,development
2020-06-01,0.5963501190135783,0,development
2020-06-02,0.6048126755858687,0,development
2020-06-03,0.6023446581719947,0,development
2020-06-04,0.5944556521623899,0,development
2020-06-05,0.5405475802694949,0,development
2020-06-08,0.5023507087555636,0,development
2020-06-09,0.527945480444679,0,development
2020-06-10,0.5324099819117557,0,development
2020-06-11,0.4689101083862799,0,development
2020-06-12,0.6027460529158238,0,development
2020-06-15,0.6049310880561107,0,development
2020-06-16,0.5733119511662145,0,development
2020-06-17,0.5497101872291617,0,development
2020-06-18,0.5369515549646459,0,development
2020-06-19,0.5280533303895666,0,development
2020-06-22,0.5335870714387914,0,development
2020-06-23,0.49601885612035235,0,development
2020-06-24,0.4872436402040544,0,development
2020-06-29,0.5062723286797529,0,development
2020-06-30,0.39868453702534823,0,development
2020-07-01,0.37817831715767436,0,development
2020-07-02,0.3900670491176458,0,development
2020-07-03,0.39288564108820373,0,development
2020-07-06,0.39264793398384007,0,development
2020-07-07,0.31648148652794866,0,development
2020-07-08,0.3289764087757739,0,development
2020-07-09,0.34881978963106236,0,development
2020-07-10,0.37226483687774037,0,development
2020-07-13,0.3567892388802729,0,development
2020-07-14,0.37656053793734656,0,development
2020-07-15,0.41970607501011387,0,development
2020-07-16,0.5293772885898171,0,development
2020-07-17,0.5548610015380011,0,development
2020-07-20,0.5398106561702979,0,development
2020-07-21,0.5466719936486438,0,development
2020-07-22,0.5394550388233098,0,development
2020-07-23,0.5220135985043078,0,development
2020-07-24,0.5277175134968621,0,development
2020-07-27,0.5712665152905168,0,development
2020-07-28,0.5354801362976472,0,development
2020-07-29,0.5283843835312442,0,development
2020-07-30,0.5198956771810819,0,development
2020-07-31,0.45449699076491007,0,development
2020-08-03,0.44879056363205017,0,development
2020-08-04,0.47333283362468703,0,development
2020-08-05,0.48836305203521185,0,development
2020-08-06,0.4843448352983517,0,development
2020-08-07,0.49192430654331964,0,development
2020-08-10,0.46371982660504113,0,development
2020-08-11,0.4785462144227054,0,development
2020-08-12,0.5180965251141101,0,development
2020-08-13,0.5168992165364074,0,development
2020-08-14,0.5188588253682113,0,development
2020-08-17,0.4948929034829662,0,development
2020-08-18,0.503915789307623,0,development
2020-08-19,0.46164700610150233,0,development
2020-08-20,0.49013119041463066,0,development
2020-08-21,0.45897542560763727,0,development
2020-08-24,0.45337531726941077,0,development
2020-08-25,0.44126532580417016,0,development
2020-08-26,0.38858668725958145,0,development
2020-08-27,0.42418808413288317,0,development
2020-08-28,0.4275750794169879,0,development
2020-08-31,0.4507345512024291,0,development
2020-09-01,0.4801559853135008,0,development
2020-09-02,0.49106768690749747,0,development
2020-09-03,0.39596935475578166,0,development
2020-09-04,0.6583729740265774,0,development
2020-09-07,0.6564619665684441,0,development
2020-09-08,0.6976818466295609,1,development
2020-09-09,0.6702085256400038,0,development
2020-09-10,0.646313780074975,0,development
2020-09-11,0.7091185128604831,1,development
2020-09-14,0.6883253499991918,1,development
2020-09-15,0.6527827199293743,0,development
2020-09-16,0.6355193289808787,0,development
2020-09-17,0.6366620427129397,0,development
2020-09-18,0.551827202263177,0,development
2020-09-21,0.5583317654348267,0,development
2020-09-22,0.5332017514893653,0,development
2020-09-23,0.5082926181891434,0,development
2020-09-24,0.4825840704697838,0,development
2020-09-25,0.32079913412587047,0,development
2020-09-28,0.34758917721912885,0,development
2020-09-29,0.37538050853614224,0,development
2020-09-30,0.40252030872715183,0,development
2020-10-09,0.3553115732100828,0,development
2020-10-12,0.3367290704553567,0,development
2020-10-13,0.3554879011519009,0,development
2020-10-14,0.3216192060546593,0,development
2020-10-15,0.3350545775039472,0,development
2020-10-16,0.32409505574404385,0,development
2020-10-19,0.31966175901850463,0,development
2020-10-20,0.3657060117418805,0,development
2020-10-21,0.36531309853891936,0,development
2020-10-22,0.42436278233049035,0,development
2020-10-23,0.4541441347982364,0,development
2020-10-26,0.4932231176742102,0,development
2020-10-27,0.5013805996894498,0,development
2020-10-28,0.5062366669557838,0,development
2020-10-29,0.5314355066032305,0,development
2020-10-30,0.5413295958016935,0,development
2020-11-02,0.6037042654186876,0,development
2020-11-03,0.5279107181798244,0,development
2020-11-04,0.5363938226698501,0,development
2020-11-05,0.4415654159167709,0,development
2020-11-06,0.44916084105463494,0,development
2020-11-09,0.35489525772651925,0,development
2020-11-10,0.37100312263498436,0,development
2020-11-11,0.391951218607188,0,development
2020-11-12,0.38228693628244936,0,development
2020-11-13,0.3898043365648028,0,development
2020-11-16,0.2893478571727986,0,development
2020-11-17,0.2593657510079792,0,development
2020-11-18,0.2681814620073834,0,development
2020-11-19,0.24784345507233405,0,development
2020-11-20,0.24891979266766676,0,development
2020-11-23,0.24322054911422,0,development
2020-11-24,0.27416595972694396,0,development
2020-11-25,0.25461321909220797,0,development
2020-11-26,0.33368105133488135,0,development
2020-11-27,0.33368113995242926,0,development
2020-11-30,0.36272032004492205,0,development
2020-12-01,0.40096976932857986,0,development
2020-12-02,0.3929236456949599,0,development
2020-12-03,0.39629982471889025,0,development
2020-12-04,0.430797267063323,0,development
2020-12-07,0.4435188695015347,0,development
2020-12-08,0.4829102163690087,0,development
2020-12-09,0.4868904995073931,0,development
2020-12-10,0.47669263043660287,0,development
2020-12-11,0.44243521931726926,0,development
2020-12-14,0.5393966478250615,0,development
2020-12-15,0.503050638068352,0,development
2020-12-16,0.48238832325665143,0,development
2020-12-17,0.5201739698104302,0,development
2020-12-18,0.5075428694385606,0,development
2020-12-21,0.4828967132167249,0,development
2020-12-22,0.4033306293950213,0,development
2020-12-23,0.466426320816004,0,development
2020-12-24,0.37029709826267765,0,development
2020-12-25,0.45981153019583243,0,development
2020-12-28,0.3699838902795038,0,development
2020-12-29,0.40224866265539383,0,development
2020-12-30,0.43193465748618,0,development
2020-12-31,0.35712590296552815,0,development
2021-01-04,0.3356208023571949,0,development
2021-01-05,0.35590410823732727,0,development
2021-01-06,0.35396435479263594,0,development
2021-01-07,0.261014463018623,0,development
2021-01-08,0.2618627121483992,0,development
2021-01-11,0.2311069507507904,0,development
2021-01-12,0.39462694923217045,0,development
2021-01-13,0.4088504312026708,0,development
2021-01-14,0.42648639563827057,0,development
2021-01-15,0.4590885292188534,0,development
2021-01-18,0.4364720187596284,0,development
2021-01-19,0.4211444893209634,0,development
2021-01-20,0.4528764214663547,0,development
2021-01-21,0.3942003983954647,0,development
2021-01-22,0.43397800739934367,0,development
2021-01-25,0.47008976286197707,0,development
2021-01-26,0.27804555511224355,0,development
2021-01-27,0.36222295670612764,0,development
2021-01-28,0.27503735284892217,0,development
2021-01-29,0.2883308819245445,0,development
2021-02-01,0.43378843028574493,0,development
2021-02-02,0.3617532035607972,0,development
2021-02-03,0.3265221691340069,0,development
2021-02-04,0.41225622557646396,0,development
2021-02-05,0.4457581186452713,0,development
2021-02-08,0.45532222836340797,0,development
2021-02-09,0.44145617747663407,0,development
2021-02-10,0.39337791221025675,0,development
2021-02-18,0.30533963956548016,0,development
2021-02-19,0.3411997212321829,0,development
2021-02-22,0.27800802357078397,0,development
2021-02-23,0.3790160617439094,0,development
2021-02-24,0.37964790119916325,0,development
2021-02-25,0.36708235117198484,0,development
2021-02-26,0.4904810663512976,0,development
2021-03-01,0.42766636783233125,0,development
2021-03-02,0.44761266179325243,0,development
2021-03-03,0.49346647356456796,0,development
2021-03-04,0.4815074566951306,0,development
2021-03-05,0.5983004387338597,0,development
2021-03-08,0.6240393939621487,0,development
2021-03-09,0.6381538492866119,0,development
2021-03-10,0.6697370012406313,0,development
2021-03-11,0.7482847405738436,1,development
2021-03-12,0.6822459006340729,0,development
2021-03-15,0.6684542995130363,0,development
2021-03-16,0.6595886040720376,0,development
2021-03-17,0.6145183312374477,0,development
2021-03-18,0.5916280128278093,0,development
2021-03-19,0.5626495633309547,0,development
2021-03-22,0.5595314014362694,0,development
2021-03-23,0.49834874472274354,0,development
2021-03-24,0.4992312514451793,0,development
2021-03-25,0.5018562710630864,0,development
2021-03-26,0.45429136134524645,0,development
2021-03-29,0.4508975217133271,0,development
2021-03-30,0.4666537239958225,0,development
2021-03-31,0.4513861700349009,0,development
2021-04-01,0.4611028221667378,0,development
2021-04-02,0.45388320942614924,0,development
2021-04-06,0.46058771683532307,0,development
2021-04-07,0.4559499821868811,0,development
2021-04-08,0.4233580562071648,0,development
2021-04-09,0.41585949388719634,0,development
2021-04-12,0.3666138931895824,0,development
2021-04-13,0.4087550603080349,0,development
2021-04-14,0.3975115055931368,0,development
2021-04-15,0.41666285414661364,0,development
2021-04-16,0.3906676096540005,0,development
2021-04-19,0.40876671108268425,0,development
2021-04-20,0.4142062157372982,0,development
2021-04-21,0.4287551099795527,0,development
2021-04-22,0.42704802745784387,0,development
2021-04-23,0.4317037458054486,0,development
2021-04-26,0.434090289939184,0,development
2021-04-27,0.40264325737441764,0,development
2021-04-28,0.416899830903925,0,development
2021-04-29,0.4190720118910315,0,development
2021-04-30,0.4432784037882106,0,development
2021-05-06,0.4498269694679019,0,development
2021-05-07,0.4580435823697223,0,development
2021-05-10,0.46049214116454323,0,development
2021-05-11,0.47169094150332996,0,development
2021-05-12,0.49997468761736175,0,development
2021-05-13,0.47645327534425236,0,development
2021-05-14,0.4315036800210374,0,development
2021-05-17,0.40962351059369506,0,development
2021-05-18,0.41782288815815194,0,development
2021-05-19,0.39318452143791954,0,development
2021-05-20,0.4170270899307827,0,development
2021-05-21,0.4140011591220764,0,development
2021-05-24,0.3999525106819142,0,development
2021-05-25,0.36636298306359943,0,development
2021-05-26,0.3612841001618322,0,development
2021-05-27,0.35688803419627435,0,development
2021-05-28,0.3570958620085749,0,development
2021-05-31,0.36275003345510703,0,development
2021-06-01,0.3532887991438853,0,development
2021-06-02,0.33814916231467773,0,development
2021-06-03,0.3717707487303672,0,development
2021-06-04,0.4419670021017025,0,development
2021-06-07,0.35669963997109216,0,development
2021-06-08,0.36093275172305134,0,development
2021-06-09,0.42335304056365763,0,development
2021-06-10,0.4119900036251899,0,development
2021-06-11,0.4232092284106385,0,development
2021-06-15,0.44760356751649344,0,development
2021-06-16,0.4879268130768992,0,development
2021-06-17,0.5298782297468116,0,development
2021-06-18,0.5151272626858868,0,development
2021-06-21,0.4828756064829085,0,development
2021-06-22,0.49623039020243703,0,development
2021-06-23,0.47958876895039304,0,development
2021-06-24,0.45082951393905,0,development
2021-06-25,0.49669832127903474,0,development
2021-06-28,0.4616469693914451,0,development
2021-06-29,0.4667697499750941,0,development
2021-06-30,0.4305333906763152,0,development
2021-07-01,0.3790095456091918,0,development
2021-07-02,0.4355975746632107,0,development
2021-07-05,0.38024770784864464,0,development
2021-07-06,0.37279961050853166,0,development
2021-07-07,0.5245614165595343,0,development
2021-07-08,0.4966447355011507,0,development
2021-07-09,0.5245800253274943,0,development
2021-07-12,0.457351726448165,0,development
2021-07-13,0.48550337332890675,0,development
2021-07-14,0.4119273054612502,0,development
2021-07-15,0.5017857764150886,0,development
2021-07-16,0.3727642673058955,0,development
2021-07-19,0.33801319310782807,0,development
2021-07-20,0.6025344309160214,0,development
2021-07-21,0.5261275269732961,0,development
2021-07-22,0.5102925772112433,0,development
2021-07-23,0.4629258793849186,0,development
2021-07-26,0.5220336686590227,0,development
2021-07-27,0.6136484690234139,0,development
2021-07-28,0.6273362829881873,0,development
2021-07-29,0.5724360293654898,0,development
2021-07-30,0.5601023848805615,0,development
2021-08-02,0.5704429652164336,0,development
2021-08-03,0.508580829622473,0,development
2021-08-04,0.5356795689588856,0,development
2021-08-05,0.5215551020873713,0,development
2021-08-06,0.5089520197878168,0,development
2021-08-09,0.49141009922882095,0,development
2021-08-10,0.2615633616703911,0,development
2021-08-11,0.22183505347041216,0,development
2021-08-12,0.2609340970483672,0,development
2021-08-13,0.2744858210458798,0,development
2021-08-16,0.28782460431434864,0,development
2021-08-17,0.3105535765882427,0,development
2021-08-18,0.38200112714599455,0,development
2021-08-19,0.41248834723578337,0,development
2021-08-20,0.4044806049742096,0,development
2021-08-23,0.374840168176506,0,development
2021-08-24,0.39204234035298313,0,development
2021-08-25,0.3925800229379047,0,development
2021-08-26,0.39905371149594515,0,development
2021-08-27,0.4597758685965377,0,development
2021-08-30,0.43086327516159445,0,development
2021-08-31,0.4105678270294668,0,development
2021-09-01,0.34853793038262165,0,development
2021-09-02,0.4104532477819252,0,development
2021-09-03,0.42250507720598984,0,development
2021-09-06,0.4389426471583955,0,development
2021-09-07,0.44725194673997987,0,development
2021-09-08,0.4416031741548214,0,development
2021-09-09,0.4532620291497046,0,development
2021-09-10,0.4153853218495338,0,development
2021-09-13,0.4466025214281207,0,development
2021-09-14,0.4508032863049291,0,development
2021-09-15,0.553286375002894,0,development
2021-09-16,0.5090754002348589,0,development
2021-09-17,0.603067693198701,0,development
2021-09-22,0.7438588412872539,1,development
2021-09-23,0.47831919984821936,0,development
2021-09-24,0.48427066674856534,0,development
2021-09-27,0.5164033637377082,0,development
2021-09-28,0.543077682199215,0,development
2021-09-29,0.5357885210742387,0,development
2021-09-30,0.5389728052647077,0,development
2021-10-08,0.49807217749756766,0,development
2021-10-11,0.505048668670802,0,development
2021-10-12,0.4815963115875558,0,development
2021-10-13,0.4792743117334735,0,development
2021-10-14,0.48713184513444824,0,development
2021-10-15,0.4834311783879711,0,development
2021-10-18,0.4611890213260883,0,development
2021-10-19,0.40761947337253757,0,development
2021-10-20,0.40635988742267726,0,development
2021-10-21,0.47350450038875813,0,development
2021-10-22,0.4855857428888573,0,development
2021-10-25,0.4869057785349402,0,development
2021-10-26,0.49093425924252515,0,development
2021-10-27,0.46972418986834424,0,development
2021-10-28,0.483425233624433,0,development
2021-10-29,0.5920868257869787,0,development
2021-11-01,0.5952704135964779,0,development
2021-11-02,0.5944310123597594,0,development
2021-11-03,0.6143905192420775,0,development
2021-11-04,0.6002987392235056,0,development
2021-11-05,0.5782312671650907,0,development
2021-11-08,0.578985554102285,0,development
2021-11-09,0.5754893023640847,0,development
2021-11-10,0.5471031095498011,0,development
2021-11-11,0.5236074578081107,0,development
2021-11-12,0.5083482199616683,0,development
2021-11-15,0.5113921149833341,0,development
2021-11-16,0.5428216345577692,0,development
2021-11-17,0.5243712558815188,0,development
2021-11-18,0.524765063094391,0,development
2021-11-19,0.5412109318556382,0,development
2021-11-22,0.48832729868898783,0,development
2021-11-23,0.5022896907637293,0,development
2021-11-24,0.4842172066757346,0,development
2021-11-25,0.4919028381710353,0,development
2021-11-26,0.5122750543266577,0,development
2021-11-29,0.6383029388470768,0,development
2021-11-30,0.5858417602572463,0,development
2021-12-01,0.5674529708749131,0,development
2021-12-02,0.5567901363874973,0,development
2021-12-03,0.5352947087663561,0,development
2021-12-06,0.5272751500530767,0,development
2021-12-07,0.5534510082414164,0,development
2021-12-08,0.5823797090771705,0,development
2021-12-09,0.5826485379592137,0,development
2021-12-10,0.5923738995225343,0,development
2021-12-13,0.5103984578384303,0,development
2021-12-14,0.50571858167682,0,development
2021-12-15,0.5007889685615393,0,development
2021-12-16,0.47928910643026634,0,development
2021-12-17,0.470778418442959,0,development
2021-12-20,0.4346629035447679,0,development
2021-12-21,0.4931518275356932,0,development
2021-12-22,0.4295204876622902,0,development
2021-12-23,0.42776890145458324,0,development
2021-12-24,0.41060456788181116,0,development
2021-12-27,0.44838093473782425,0,development
2021-12-28,0.4345448201089855,0,development
2021-12-29,0.4260394252981804,0,development
2021-12-30,0.4480173871422824,0,development
2021-12-31,0.374831913209025,0,development
2022-01-04,0.3023872918913606,0,development
2022-01-05,0.2632616990730027,0,development
2022-01-06,0.4305500959939199,0,development
2022-01-07,0.4306167601572672,0,development
2022-01-10,0.462002674981714,0,development
2022-01-11,0.4200722096067676,0,development
2022-01-12,0.420768141399281,0,development
2022-01-13,0.41896873933790957,0,development
2022-01-14,0.47758105704096276,0,development
2022-01-17,0.4641883513873839,0,development
2022-01-18,0.46347206391754897,0,development
2022-01-19,0.42782263637007767,0,development
2022-01-20,0.3503972430050447,0,development
2022-01-21,0.3966667419948008,0,development
2022-01-24,0.4295688649504431,0,development
2022-01-25,0.41903407677188664,0,development
2022-01-26,0.4745734397940875,0,development
2022-01-27,0.4545298226252566,0,development
2022-01-28,0.47248180309977295,0,development
2022-02-07,0.4638343952620773,0,development
2022-02-08,0.4586024979001566,0,development
2022-02-09,0.484116628848515,0,development
2022-02-10,0.4713315860307873,0,development
2022-02-11,0.39527496467396517,0,development
2022-02-14,0.39566191671044115,0,development
2022-02-15,0.398593508621373,0,development
2022-02-16,0.31345800629559634,0,development
2022-02-17,0.32771656885357,0,development
2022-02-18,0.3754942482344204,0,development
2022-02-21,0.33670396555506327,0,development
2022-02-22,0.3442639427880399,0,development
2022-02-23,0.3807884990629522,0,development
2022-02-24,0.38573547030697863,0,development
2022-02-25,0.3591999531026181,0,development
2022-02-28,0.32174292506272756,0,development
2022-03-01,0.3096499613011711,0,development
2022-03-02,0.3437416897764434,0,development
2022-03-03,0.3878879333888238,0,development
2022-03-04,0.4257507941942037,0,development
2022-03-07,0.45316222346519286,0,development
2022-03-08,0.553582167570779,0,development
2022-03-09,0.5818883145264203,0,development
2022-03-10,0.39840085465573766,0,development
2022-03-11,0.4253162744791162,0,development
2022-03-14,0.4320775750126644,0,development
2022-03-15,0.4729567431403667,0,development
2022-03-16,0.4843231620647646,0,development
2022-03-17,0.4946237571237956,0,development
2022-03-18,0.48565533719919285,0,development
2022-03-21,0.4866450961059101,0,development
2022-03-22,0.457732607853251,0,development
2022-03-23,0.3923597634083278,0,development
2022-03-24,0.3780740210673227,0,development
2022-03-25,0.3735215823734751,0,development
2022-03-28,0.4156368456515364,0,development
2022-03-29,0.3794941658216081,0,development
2022-03-30,0.3414445151758901,0,development
2022-03-31,0.5030997791262127,0,development
2022-04-01,0.5192252961671777,0,development
2022-04-06,0.5343056687112856,0,development
2022-04-07,0.5338110375146499,0,development
2022-04-08,0.5582435301698003,0,development
2022-04-11,0.564171996291458,0,development
2022-04-12,0.6127591539117674,0,development
2022-04-13,0.5648079217855011,0,development
2022-04-14,0.5616877906496424,0,development
2022-04-15,0.5398892635886436,0,development
2022-04-18,0.5875410971804236,0,development
2022-04-19,0.5583701420461455,0,development
2022-04-20,0.5490965413784445,0,development
2022-04-21,0.5857156219122799,0,development
2022-04-22,0.6258102091642497,0,development
2022-04-25,0.6288253767394514,0,development
2022-04-26,0.6157293405331324,0,development
2022-04-27,0.6498730290623588,0,development
2022-04-28,0.6705617263219216,0,development
2022-04-29,0.6558800263361593,0,development
2022-05-05,0.6675315028469708,0,development
2022-05-06,0.728818317203077,1,development
2022-05-09,0.7232716078389877,1,development
2022-05-10,0.7083193624337016,1,development
2022-05-11,0.672364792632114,0,development
2022-05-12,0.6330451505958783,0,development
2022-05-13,0.5687130866640336,0,development
2022-05-16,0.5709317020979725,0,development
2022-05-17,0.582822061118103,0,development
2022-05-18,0.5849706192081146,0,development
2022-05-19,0.6555325266269132,0,development
2022-05-20,0.6540588067536849,0,development
2022-05-23,0.6433264270174625,0,development
2022-05-24,0.6334706855303711,0,development
2022-05-25,0.6801778905106832,0,development
2022-05-26,0.6835989451628355,1,development
2022-05-27,0.6427182567979852,0,development
2022-05-30,0.6332826649727342,0,development
2022-05-31,0.5998021732708776,0,development
2022-06-01,0.6090250887703351,0,development
2022-06-02,0.5808572703369094,0,development
2022-06-06,0.5983796552643715,0,development
2022-06-07,0.5892458390060311,0,development
2022-06-08,0.5802116755362661,0,development
2022-06-09,0.527889328438504,0,development
2022-06-10,0.4809051627978204,0,development
2022-06-13,0.5845925702352577,0,development
2022-06-14,0.6101061267932444,0,development
2022-06-15,0.6093043843295058,0,development
2022-06-16,0.6098017406250188,0,development
2022-06-17,0.6333259126397892,0,development
2022-06-20,0.6352369402735236,0,development
2022-06-21,0.6377487180382775,0,development
2022-06-22,0.6551312507001704,0,development
2022-06-23,0.6811459615896486,0,development
2022-06-24,0.6040789716836352,0,development
2022-06-27,0.6048784665352566,0,development
2022-06-28,0.5889645459391043,0,development
2022-06-29,0.5807205431669642,0,development
2022-06-30,0.6160271320217763,0,development
2022-07-01,0.5697522264713198,0,development
2022-07-04,0.4796912177551502,0,development
2022-07-05,0.4814636849918159,0,development
2022-07-06,0.4871272254152138,0,development
2022-07-07,0.4791533984990648,0,development
2022-07-08,0.48526830042647523,0,development
2022-07-11,0.5493068941770385,0,development
2022-07-12,0.5863774712595393,0,development
2022-07-13,0.6048866750551615,0,development
2022-07-14,0.5661306225402817,0,development
2022-07-15,0.5605226736966591,0,development
2022-07-18,0.5839031763058349,0,development
2022-07-19,0.585043570195365,0,development
2022-07-20,0.5547421982969297,0,development
2022-07-21,0.5048295440526286,0,development
2022-07-22,0.5338371138411604,0,development
2022-07-25,0.5113444004641015,0,development
2022-07-26,0.47484370966792905,0,development
2022-07-27,0.43471372779839035,0,development
2022-07-28,0.44956668971934355,0,development
2022-07-29,0.43468773789397064,0,development
2022-08-01,0.4414927414647345,0,development
2022-08-02,0.4353454905137557,0,development
2022-08-03,0.5254744080370437,0,development
2022-08-04,0.5299936279650065,0,development
2022-08-05,0.49220333709672814,0,development
2022-08-08,0.4637919387504543,0,development
2022-08-09,0.43587326230875956,0,development
2022-08-10,0.4526078082341893,0,development
2022-08-11,0.45542058663393603,0,development
2022-08-12,0.4414232775912021,0,development
2022-08-15,0.42938393688134496,0,development
2022-08-16,0.43472738574462677,0,development
2022-08-17,0.3852742858114519,0,development
2022-08-18,0.3731420475035465,0,development
2022-08-19,0.3794720052457373,0,development
2022-08-22,0.4360731338649948,0,development
2022-08-23,0.4611878589432873,0,development
2022-08-24,0.4731027644010777,0,development
2022-08-25,0.5663672391578053,0,development
2022-08-26,0.5853010888820731,0,development
2022-08-29,0.7491598462068039,1,development
2022-08-30,0.7311013282903582,1,development
2022-08-31,0.7244486717060714,1,development
2022-09-01,0.7372785760384643,1,development
2022-09-02,0.710401661718408,1,development
2022-09-05,0.6663438401349524,0,development
2022-09-06,0.6491917493124444,0,development
2022-09-07,0.6397772101358743,0,development
2022-09-08,0.561517876108222,0,development
2022-09-09,0.5469678732496603,0,development
2022-09-13,0.5070950806352503,0,development
2022-09-14,0.6133077788818683,0,development
2022-09-15,0.59466860303837,0,development
2022-09-16,0.6085607860812776,0,development
2022-09-19,0.6542719922391014,0,development
2022-09-20,0.5383958886810708,0,development
2022-09-21,0.5289635684569161,0,development
2022-09-22,0.5437570694668766,0,development
2022-09-23,0.5380201394745509,0,development
2022-09-26,0.5614039854461508,0,development
2022-09-27,0.5310715587002789,0,development
2022-09-28,0.4889170021463758,0,development
2022-09-29,0.5242214776045231,0,development
2022-09-30,0.46161700799748695,0,development
2022-10-10,0.4047190004177589,0,development
2022-10-11,0.4274849316832198,0,development
2022-10-12,0.3377957500308626,0,development
2022-10-13,0.3545428136274387,0,development
2022-10-14,0.3608787588317705,0,development
2022-10-17,0.32170043960555994,0,development
2022-10-18,0.3243165920660833,0,development
2022-10-19,0.314559802114109,0,development
2022-10-20,0.30929956559702204,0,development
2022-10-21,0.2948528874516478,0,development
2022-10-24,0.3059931014014703,0,development
2022-10-25,0.32060591168964103,0,development
2022-10-26,0.33641061978603204,0,development
2022-10-27,0.32949896545549295,0,development
2022-10-28,0.3594994396269702,0,development
2022-10-31,0.4713654634172269,0,development
2022-11-01,0.4683731186712429,0,development
2022-11-02,0.4816457619283095,0,development
2022-11-03,0.5589465313943065,0,development
2022-11-04,0.5742898754947323,0,development
2022-11-07,0.5542590198864703,0,development
2022-11-08,0.47445409924727316,0,development
2022-11-09,0.4897721910244423,0,development
2022-11-10,0.573254318364769,0,development
2022-11-11,0.3638037523668324,0,development
2022-11-14,0.31985442747871934,0,development
2022-11-15,0.34245077393983575,0,development
2022-11-16,0.35786117294614256,0,development
2022-11-17,0.40528181445203126,0,development
2022-11-18,0.4240782670075662,0,development
2022-11-21,0.4755260603003837,0,development
2022-11-22,0.4750434479908371,0,development
2022-11-23,0.5109513158984821,0,development
2022-11-24,0.3672235411257922,0,development
2022-11-25,0.39620983853077696,0,development
2022-11-28,0.5097482332699439,0,development
2022-11-29,0.4884575710951966,0,development
2022-11-30,0.4827232060784044,0,development
2022-12-01,0.30547227645325337,0,development
2022-12-02,0.41278450505732717,0,development
2022-12-05,0.3508506721660844,0,development
2022-12-06,0.35872923885729735,0,development
2022-12-07,0.3254941874151275,0,development
2022-12-08,0.3190938034674656,0,development
2022-12-09,0.3139540093967623,0,development
2022-12-12,0.2732678583585947,0,development
2022-12-13,0.30065224693290604,0,development
2022-12-14,0.3240898027099044,0,development
2022-12-15,0.3409906458518941,0,development
2022-12-16,0.33520794940386817,0,development
2022-12-19,0.2959432345173784,0,development
2022-12-20,0.39857716667645665,0,development
2022-12-21,0.413585387500542,0,development
2022-12-22,0.5690642147047613,0,development
2022-12-23,0.5929519520369604,0,development
2022-12-26,0.5780648638073628,0,development
2022-12-27,0.5586972723488658,0,development
2022-12-28,0.5231603183246722,0,development
2022-12-29,0.5149118515975875,0,development
2022-12-30,0.5119785879519168,0,development
2023-01-03,0.5151908291228643,0,validation
2023-01-04,0.43855214313858776,0,validation
2023-01-05,0.401182644365524,0,validation
2023-01-06,0.39955491433540125,0,validation
2023-01-09,0.36520361273744123,0,validation
2023-01-10,0.375445549014178,0,validation
2023-01-11,0.3931255965034461,0,validation
2023-01-12,0.3972097706992608,0,validation
2023-01-13,0.36361193985024115,0,validation
2023-01-16,0.36505397068906886,0,validation
2023-01-17,0.373795029376486,0,validation
2023-01-18,0.38306994118476195,0,validation
2023-01-19,0.3924103564417423,0,validation
2023-01-20,0.37501232763878206,0,validation
2023-01-30,0.24649587235166465,0,validation
2023-01-31,0.29597556188187557,0,validation
2023-02-01,0.29709659813259526,0,validation
2023-02-02,0.30612704989698625,0,validation
2023-02-03,0.318854092883563,0,validation
2023-02-06,0.34584713542926215,0,validation
2023-02-07,0.3547183330077026,0,validation
2023-02-08,0.3629889630179643,0,validation
2023-02-09,0.41459363289602935,0,validation
2023-02-10,0.43788926145842516,0,validation
2023-02-13,0.4340238444293229,0,validation
2023-02-14,0.39689722306236835,0,validation
2023-02-15,0.4020929411855232,0,validation
2023-02-16,0.4012154606200655,0,validation
2023-02-17,0.4596522644813844,0,validation
2023-02-20,0.5993308930302962,0,validation
2023-02-21,0.5891767898923974,0,validation
2023-02-22,0.6241959656969588,0,validation
2023-02-23,0.5537805829172222,0,validation
2023-02-24,0.5400202170949046,0,validation
2023-02-27,0.5536498426351959,0,validation
2023-02-28,0.5262409713537843,0,validation
2023-03-01,0.5125820739008502,0,validation
2023-03-02,0.49123818186216484,0,validation
2023-03-03,0.4013570252997353,0,validation
2023-03-06,0.3823151511001319,0,validation
2023-03-07,0.3940858201463149,0,validation
2023-03-08,0.5291601639032872,0,validation
2023-03-09,0.5323117139477989,0,validation
2023-03-10,0.5437875806298262,0,validation
2023-03-13,0.555721489278547,0,validation
2023-03-14,0.5529512747238887,0,validation
2023-03-15,0.48325556580368034,0,validation
2023-03-16,0.46256609500225876,0,validation
2023-03-17,0.45186627315964,0,validation
2023-03-20,0.45912747003573895,0,validation
2023-03-21,0.44956474168437344,0,validation
2023-03-22,0.3437128651827051,0,validation
2023-03-23,0.3675286376712307,0,validation
2023-03-24,0.3267150447194285,0,validation
2023-03-27,0.29479403493410644,0,validation
2023-03-28,0.31050182779058294,0,validation
2023-03-29,0.2971002198905727,0,validation
2023-03-30,0.29695072787906085,0,validation
2023-03-31,0.3166860896034329,0,validation
2023-04-03,0.30467122929459084,0,validation
2023-04-04,0.3027412118805529,0,validation
2023-04-06,0.3570908541159278,0,validation
2023-04-07,0.37971782279805166,0,validation
2023-04-10,0.4004214379378269,0,validation
2023-04-11,0.44042726795945114,0,validation
2023-04-12,0.46031290124422,0,validation
2023-04-13,0.43828455898026336,0,validation
2023-04-14,0.3925835873909777,0,validation
2023-04-17,0.4109851770160482,0,validation
2023-04-18,0.4126425117116398,0,validation
2023-04-19,0.4076410058904534,0,validation
2023-04-20,0.4142292649385297,0,validation
2023-04-21,0.42110331803375084,0,validation
2023-04-24,0.5386878894277859,0,validation
2023-04-25,0.5222251175686576,0,validation
2023-04-26,0.5642059291526604,0,validation
2023-04-27,0.5269317796592846,0,validation
2023-04-28,0.5282626573414148,0,validation
2023-05-04,0.5580987455069768,0,validation
2023-05-05,0.5422470480959827,0,validation
2023-05-08,0.5397310397845093,0,validation
2023-05-09,0.525505454522537,0,validation
2023-05-10,0.5559000034073873,0,validation
2023-05-11,0.4822054293362483,0,validation
2023-05-12,0.46476584984051633,0,validation
2023-05-15,0.43057511280936844,0,validation
2023-05-16,0.4271130588525135,0,validation
2023-05-17,0.489558625465188,0,validation
2023-05-18,0.49260842907360813,0,validation
2023-05-19,0.4978669793378762,0,validation
2023-05-22,0.43273695440535465,0,validation
2023-05-23,0.4036362686086318,0,validation
2023-05-24,0.3765555008530233,0,validation
2023-05-25,0.34655960431238253,0,validation
2023-05-26,0.3349838319486619,0,validation
2023-05-29,0.3284203581059536,0,validation
2023-05-30,0.3971896152989141,0,validation
2023-05-31,0.34504891348418293,0,validation
2023-06-01,0.32611070626602634,0,validation
2023-06-02,0.31602780743520625,0,validation
2023-06-05,0.3118391738750572,0,validation
2023-06-06,0.3235917162076872,0,validation
2023-06-07,0.33046350698134114,0,validation
2023-06-08,0.29903869604601674,0,validation
2023-06-09,0.2751381749583716,0,validation
2023-06-12,0.2994792379585716,0,validation
2023-06-13,0.33564612796354637,0,validation
2023-06-14,0.3674731084154989,0,validation
2023-06-15,0.34341989539592366,0,validation
2023-06-16,0.3526443064739946,0,validation
2023-06-19,0.3398723681755768,0,validation
2023-06-20,0.3374927673033967,0,validation
2023-06-21,0.2501121264215756,0,validation
2023-06-26,0.3375583779475779,0,validation
2023-06-27,0.3877257478550647,0,validation
2023-06-28,0.39025719055433344,0,validation
2023-06-29,0.4320557011168933,0,validation
2023-06-30,0.4486162181180563,0,validation
2023-07-03,0.4312658816241265,0,validation
2023-07-04,0.437909857237707,0,validation
2023-07-05,0.3970188372582137,0,validation
2023-07-06,0.3617910955063476,0,validation
2023-07-07,0.3733585752479861,0,validation
2023-07-10,0.23596712416305293,0,validation
2023-07-11,0.2159361873245189,0,validation
2023-07-12,0.23894435560817456,0,validation
2023-07-13,0.2481670572745278,0,validation
2023-07-14,0.3100599488190078,0,validation
2023-07-17,0.3838621151205416,0,validation
2023-07-18,0.4115366540910488,0,validation
2023-07-19,0.4293687516808227,0,validation
2023-07-20,0.3813034463340818,0,validation
2023-07-21,0.4076641057246251,0,validation
2023-07-24,0.43402600347973286,0,validation
2023-07-25,0.3833296425916328,0,validation
2023-07-26,0.3914129137043773,0,validation
2023-07-27,0.3658551637735924,0,validation
2023-07-28,0.4823455266646084,0,validation
2023-07-31,0.42944063770746843,0,validation
2023-08-01,0.45366026068780174,0,validation
2023-08-02,0.4103851415478241,0,validation
2023-08-03,0.525475827200197,0,validation
2023-08-04,0.3741270700960052,0,validation
2023-08-07,0.354951943083568,0,validation
2023-08-08,0.3765526028060274,0,validation
2023-08-09,0.3750460041427491,0,validation
2023-08-10,0.42313339567651903,0,validation
2023-08-11,0.3349294435815018,0,validation
2023-08-14,0.6042673201322118,0,validation
2023-08-15,0.6473285277297532,0,validation
2023-08-16,0.6135806210677486,0,validation
2023-08-17,0.6431606132632892,0,validation
2023-08-18,0.6166872008105795,0,validation
2023-08-21,0.6171421825759049,0,validation
2023-08-22,0.5927926811256963,0,validation
2023-08-23,0.5717206288736457,0,validation
2023-08-24,0.5119560228970328,0,validation
2023-08-25,0.4720883332017237,0,validation
2023-08-28,0.4103872731652056,0,validation
2023-08-29,0.5054470733008375,0,validation
2023-08-30,0.516664692836242,0,validation
2023-08-31,0.5008211057419045,0,validation
2023-09-01,0.5127251051550303,0,validation
2023-09-04,0.45532775670002096,0,validation
2023-09-05,0.4497022919014649,0,validation
2023-09-06,0.4902349416805546,0,validation
2023-09-07,0.43961574153502647,0,validation
2023-09-08,0.489193480164686,0,validation
2023-09-11,0.4886867564097377,0,validation
2023-09-12,0.3851364757334406,0,validation
2023-09-13,0.4021382971623799,0,validation
2023-09-14,0.4205367252023693,0,validation
2023-09-15,0.4287099162670644,0,validation
2023-09-18,0.5909123314387904,0,validation
2023-09-19,0.5850861607701937,0,validation
2023-09-20,0.5676080419256934,0,validation
2023-09-21,0.5754870413802222,0,validation
2023-09-22,0.5453471927916467,0,validation
2023-09-25,0.560729373403229,0,validation
2023-09-26,0.5812670531921503,0,validation
2023-09-27,0.5802931846508217,0,validation
2023-09-28,0.557903676188469,0,validation
2023-10-09,0.5455417327119072,0,validation
2023-10-10,0.5490487793305923,0,validation
2023-10-11,0.5677542397971382,0,validation
2023-10-12,0.5269537788263664,0,validation
2023-10-13,0.5037880750292412,0,validation
2023-10-16,0.48847863524535684,0,validation
2023-10-17,0.5077747501558773,0,validation
2023-10-18,0.47954501071070577,0,validation
2023-10-19,0.5268718804940447,0,validation
2023-10-20,0.5677112228435925,0,validation
2023-10-23,0.5737203231048651,0,validation
2023-10-24,0.594228238117149,0,validation
2023-10-25,0.6005868885015243,0,validation
2023-10-26,0.6302087531343076,0,validation
2023-10-27,0.6354395314090238,0,validation
2023-10-30,0.6493395108079764,0,validation
2023-10-31,0.6123540179714242,0,validation
2023-11-01,0.621314246146114,0,validation
2023-11-02,0.5813911237076769,0,validation
2023-11-03,0.5866628512515902,0,validation
2023-11-06,0.5410237754670639,0,validation
2023-11-07,0.5150479868562768,0,validation
2023-11-08,0.5361914760189984,0,validation
2023-11-09,0.5405092994507193,0,validation
2023-11-10,0.5615151123444986,0,validation
2023-11-13,0.5570793141613666,0,validation
2023-11-14,0.5667330444474511,0,validation
2023-11-15,0.3370855080633941,0,validation
2023-11-16,0.34856057936232154,0,validation
2023-11-17,0.3635432874069044,0,validation
2023-11-20,0.37853562676521096,0,validation
2023-11-21,0.39664585126763574,0,validation
2023-11-22,0.42697272506862394,0,validation
2023-11-23,0.4715422774688639,0,validation
2023-11-24,0.4645757383973669,0,validation
2023-11-27,0.5121315273577518,0,validation
2023-11-28,0.44257199149989107,0,validation
2023-11-29,0.43997840033738195,0,validation
2023-11-30,0.4497729307104882,0,validation
2023-12-01,0.4195156152937756,0,validation
2023-12-04,0.44977572408365035,0,validation
2023-12-05,0.4753133162126909,0,validation
2023-12-06,0.6565832749886803,0,validation
2023-12-07,0.6044265739502656,0,validation
2023-12-08,0.5881574347023886,0,validation
2023-12-11,0.5411683244852499,0,validation
2023-12-12,0.5310709410469338,0,validation
2023-12-13,0.5305433895147028,0,validation
2023-12-14,0.5159961076932638,0,validation
2023-12-15,0.5536507118206577,0,validation
2023-12-18,0.6070904301962088,0,validation
2023-12-19,0.6121814735073615,0,validation
2023-12-20,0.5042159143642755,0,validation
2023-12-21,0.6234564790355688,0,validation
2023-12-22,0.6210064586722651,0,validation
2023-12-25,0.6144235929596703,0,validation
2023-12-26,0.6127439445511786,0,validation
2023-12-27,0.6130056093413357,0,validation
2023-12-28,0.5977372665452333,0,validation
2023-12-29,0.5919348341157127,0,validation
2024-01-02,0.5218889839030431,0,validation
2024-01-03,0.4968080678336654,0,validation
2024-01-04,0.5058869926988155,0,validation
2024-01-05,0.44620243486997246,0,validation
2024-01-08,0.5187658424045507,0,validation
2024-01-09,0.5844084070244004,0,validation
2024-01-10,0.5329234866260956,0,validation
2024-01-11,0.4916136806846077,0,validation
2024-01-12,0.46409659406437503,0,validation
2024-01-15,0.49234049072476826,0,validation
2024-01-16,0.48320843709930694,0,validation
2024-01-17,0.44659380634975016,0,validation
2024-01-18,0.5459047253836011,0,validation
2024-01-19,0.5053063109423754,0,validation
2024-01-22,0.4817953955950579,0,validation
2024-01-23,0.5425057913559925,0,validation
2024-01-24,0.5400872827299513,0,validation
2024-01-25,0.5407200260626341,0,validation
2024-01-26,0.5552568075526687,0,validation
2024-01-29,0.5693694532138698,0,validation
2024-01-30,0.5875952527105871,0,validation
2024-01-31,0.5813540895402634,0,validation
2024-02-01,0.5585242088480646,0,validation
2024-02-02,0.5654253086673253,0,validation
2024-02-05,0.5754566703073531,0,validation
2024-02-06,0.604723740600849,0,validation
2024-02-07,0.6885935385411639,1,validation
2024-02-08,0.7038128192936434,1,validation
2024-02-19,0.7555502575480697,1,validation
2024-02-20,0.7993372134428153,1,validation
2024-02-21,0.7507443170746381,1,validation
2024-02-22,0.7115544596178056,1,validation
2024-02-23,0.6609312552757605,0,validation
2024-02-26,0.6699020618123487,0,validation
2024-02-27,0.6424599790289272,0,validation
2024-02-28,0.6490601622303248,0,validation
2024-02-29,0.7057969125427285,1,validation
2024-03-01,0.7025858416659325,1,validation
2024-03-04,0.6969831846059298,1,validation
2024-03-05,0.6672645419119189,0,validation
2024-03-06,0.6604014572179401,0,validation
2024-03-07,0.6655982093965079,0,validation
2024-03-08,0.6774183230231039,0,validation
2024-03-11,0.6498559742300776,0,validation
2024-03-12,0.6181952091624553,0,validation
2024-03-13,0.6142841290001821,0,validation
2024-03-14,0.5576343024526362,0,validation
2024-03-15,0.5900138818675122,0,validation
2024-03-18,0.5633855100308893,0,validation
2024-03-19,0.5112624801312748,0,validation
2024-03-20,0.5331865304125183,0,validation
2024-03-21,0.5311060875704972,0,validation
2024-03-22,0.5185998474610094,0,validation
2024-03-25,0.541289991158549,0,validation
2024-03-26,0.5874795064385717,0,validation
2024-03-27,0.5760989455620321,0,validation
2024-03-28,0.6175658232107872,0,validation
2024-03-29,0.6138755663424892,0,validation
2024-04-01,0.5773282064230982,0,validation
2024-04-02,0.5747509617794898,0,validation
2024-04-03,0.5607269022689423,0,validation
2024-04-08,0.5511531214816776,0,validation
2024-04-09,0.5565169727768864,0,validation
2024-04-10,0.5308745736927745,0,validation
2024-04-11,0.594331992176907,0,validation
2024-04-12,0.5759643246612429,0,validation
2024-04-15,0.5011086231423704,0,validation
2024-04-16,0.4934826815888834,0,validation
2024-04-17,0.5614280600101044,0,validation
2024-04-18,0.5797130176013828,0,validation
2024-04-19,0.5591804542152485,0,validation
2024-04-22,0.553728462716396,0,validation
2024-04-23,0.5062447463470969,0,validation
2024-04-24,0.5814392368413532,0,validation
2024-04-25,0.5250275466038602,0,validation
2024-04-26,0.5295860790350986,0,validation
2024-04-29,0.5444533543486331,0,validation
2024-04-30,0.5024172458484019,0,validation
2024-05-06,0.431496050032147,0,validation
2024-05-07,0.4176674026361723,0,validation
2024-05-08,0.41038710569077425,0,validation
2024-05-09,0.4268149924153065,0,validation
2024-05-10,0.45397756324304595,0,validation
2024-05-13,0.4916718183993235,0,validation
2024-05-14,0.4824572625086651,0,validation
2024-05-15,0.45259632556896723,0,validation
2024-05-16,0.5228697874168524,0,validation
2024-05-17,0.5934764818844294,0,validation
2024-05-20,0.5798060292326006,0,validation
2024-05-21,0.5150762312555135,0,validation
2024-05-22,0.5223840473075317,0,validation
2024-05-23,0.4578836384969083,0,validation
2024-05-24,0.5567268087691558,0,validation
2024-05-27,0.5657608521167724,0,validation
2024-05-28,0.523952390702557,0,validation
2024-05-29,0.6056507845297696,0,validation
2024-05-30,0.562697700306717,0,validation
2024-05-31,0.5162322236798595,0,validation
2024-06-03,0.5071399361824221,0,validation
2024-06-04,0.5733636207214838,0,validation
2024-06-05,0.5066880863899478,0,validation
2024-06-06,0.5174419987677046,0,validation
2024-06-07,0.465219727952083,0,validation
2024-06-11,0.6102545247248087,0,validation
2024-06-12,0.658574021865904,0,validation
2024-06-13,0.5797780131929606,0,validation
2024-06-14,0.6660576761727898,0,validation
2024-06-17,0.6780725117279288,0,validation
2024-06-18,0.6413643806470086,0,validation
2024-06-19,0.5812198293591967,0,validation
2024-06-20,0.6843693869066475,1,validation
2024-06-21,0.7197661832540222,1,validation
2024-06-24,0.6580795022933816,0,validation
2024-06-25,0.6715835232507497,0,validation
2024-06-26,0.6937328753260388,1,validation
2024-06-27,0.6779394346713847,0,validation
2024-06-28,0.6437799981766332,0,validation
2024-07-01,0.5983689932539862,0,validation
2024-07-02,0.5697734997852556,0,validation
2024-07-03,0.5711997864564953,0,validation
2024-07-04,0.5468637506538337,0,validation
2024-07-05,0.5395001933845589,0,validation
2024-07-08,0.4128045211429549,0,validation
2024-07-09,0.4208057025991402,0,validation
2024-07-10,0.37734506984289434,0,validation
2024-07-11,0.3645312227189574,0,validation
2024-07-12,0.28309417675709125,0,validation
2024-07-15,0.3004674853674985,0,validation
2024-07-16,0.33400978543082666,0,validation
2024-07-17,0.2803401348911771,0,validation
2024-07-18,0.36555746575304054,0,validation
2024-07-19,0.3046564901822684,0,validation
2024-07-22,0.3176018994751802,0,validation
2024-07-23,0.29796859463555364,0,validation
2024-07-24,0.40468135070943984,0,validation
2024-07-25,0.4649417796570037,0,validation
2024-07-26,0.4539619332127002,0,validation
2024-07-29,0.4553644295947413,0,validation
2024-07-30,0.4631229336611295,0,validation
2024-07-31,0.4808328571402002,0,validation
2024-08-01,0.4556986547498174,0,validation
2024-08-02,0.5242253575990286,0,validation
2024-08-05,0.5636785069986107,0,validation
2024-08-06,0.5432729828718326,0,validation
2024-08-07,0.423235568676954,0,validation
2024-08-08,0.3568153301250935,0,validation
2024-08-09,0.37542685905114254,0,validation
2024-08-12,0.42092603166725817,0,validation
2024-08-13,0.3828487009202255,0,validation
2024-08-14,0.3911893973447504,0,validation
2024-08-15,0.45895517603296493,0,validation
2024-08-16,0.4110259683052466,0,validation
2024-08-19,0.38555217629339394,0,validation
2024-08-20,0.37970131052671413,0,validation
2024-08-21,0.46616348901793875,0,validation
2024-08-22,0.44879894763593275,0,validation
2024-08-23,0.555209602897753,0,validation
2024-08-26,0.5036535255874258,0,validation
2024-08-27,0.4989293876044736,0,validation
2024-08-28,0.5484099265139333,0,validation
2024-08-29,0.4811197417209535,0,validation
2024-08-30,0.4500821657357273,0,validation
2024-09-02,0.39910698679062756,0,validation
2024-09-03,0.5259042765434635,0,validation
2024-09-04,0.42961522332366253,0,validation
2024-09-05,0.4176176811722253,0,validation
2024-09-06,0.37561722179772905,0,validation
2024-09-09,0.4369812466538801,0,validation
2024-09-10,0.43002406233160995,0,validation
2024-09-11,0.44921918834543906,0,validation
2024-09-12,0.44560910209392485,0,validation
2024-09-13,0.46230178820919576,0,validation
2024-09-18,0.5298809710215848,0,validation
2024-09-19,0.4327934778112055,0,validation
2024-09-20,0.4085258584657429,0,validation
2024-09-23,0.39821420838732957,0,validation
2024-09-24,0.3683431750895094,0,validation
2024-09-25,0.3483974238542603,0,validation
2024-09-26,0.36805169786290926,0,validation
2024-09-27,0.31884578002787534,0,validation
2024-09-30,0.33722113183466046,0,validation
2024-10-08,0.41287751007328416,0,validation
2024-10-09,0.6087532072865036,0,validation
2024-10-10,0.6391710693940886,0,validation
2024-10-11,0.6357841429309403,0,validation
2024-10-14,0.6373168704435993,0,validation
2024-10-15,0.6299754760374621,0,validation
2024-10-16,0.6478978192435796,0,validation
2024-10-17,0.6500516032303815,0,validation
2024-10-18,0.6544951225066016,0,validation
2024-10-21,0.6518868015869695,0,validation
2024-10-22,0.6514722416559637,0,validation
2024-10-23,0.5937356067524437,0,validation
2024-10-24,0.5460520149636259,0,validation
2024-10-25,0.5355357218798057,0,validation
2024-10-28,0.5255480965613922,0,validation
2024-10-29,0.6646759506665229,0,validation
2024-10-30,0.6599975284606483,0,validation
2024-10-31,0.6569677573335015,0,validation
2024-11-01,0.6435715391370859,0,validation
2024-11-04,0.652139787583226,0,validation
2024-11-05,0.6572386307300747,0,validation
2024-11-06,0.6509902920264284,0,validation
2024-11-07,0.6677214132492562,0,validation
2024-11-08,0.6808226989915205,0,validation
2024-11-11,0.6985360619086232,1,validation
2024-11-12,0.6973625025810539,1,validation
2024-11-13,0.6921591724632923,1,validation
2024-11-14,0.6865069630217187,1,validation
2024-11-15,0.7244333693814047,1,validation
2024-11-18,0.7354904562991411,1,validation
2024-11-19,0.7432421805196383,1,validation
2024-11-20,0.7358297355222997,1,validation
2024-11-21,0.7144479275227551,1,validation
2024-11-22,0.706115337300725,1,validation
2024-11-25,0.7303527030464046,1,validation
2024-11-26,0.7238458305562052,1,validation
2024-11-27,0.7085588602740769,1,validation
2024-11-28,0.6860969629170036,1,validation
2024-11-29,0.6251838530178544,0,validation
2024-12-02,0.5824845041875509,0,validation
2024-12-03,0.5500835946194703,0,validation
2024-12-04,0.5517898421344833,0,validation
2024-12-05,0.6004230556308194,0,validation
2024-12-06,0.6068862510318428,0,validation
2024-12-09,0.5430421679754108,0,validation
2024-12-10,0.4115369149585132,0,validation
2024-12-11,0.45207345816846867,0,validation
2024-12-12,0.46104595246013425,0,validation
2024-12-13,0.44743791210028966,0,validation
2024-12-16,0.47531210428809956,0,validation
2024-12-17,0.5126338126912571,0,validation
2024-12-18,0.5191292925899906,0,validation
2024-12-19,0.5247684488280047,0,validation
2024-12-20,0.5299086572480425,0,validation
2024-12-23,0.5339072434855824,0,validation
2024-12-24,0.572128009440731,0,validation
2024-12-25,0.4970055524500476,0,validation
2024-12-26,0.5267473956102805,0,validation
2024-12-27,0.5294995050285363,0,validation
2024-12-30,0.48724253526635897,0,validation
2024-12-31,0.5537456563962179,0,validation
2025-01-02,0.6184087533584323,0,test
2025-01-03,0.6886757571860906,1,test
2025-01-06,0.7239486710992316,1,test
2025-01-07,0.7086324254545998,1,test
2025-01-08,0.67390059337687,0,test
2025-01-09,0.6827649922212994,0,test
2025-01-10,0.6210126371143864,0,test
2025-01-13,0.6790120427670242,0,test
2025-01-14,0.6692699211790717,0,test
2025-01-15,0.6609401393569445,0,test
2025-01-16,0.5757022190359691,0,test
2025-01-17,0.5143264411333721,0,test
2025-01-20,0.49087813020566373,0,test
2025-01-21,0.49911509807608867,0,test
2025-01-22,0.5100684302728458,0,test
2025-01-23,0.5268348586329625,0,test
2025-01-24,0.5654195313746426,0,test
2025-01-27,0.5318632905968219,0,test
2025-02-05,0.3624089694556057,0,test
2025-02-06,0.38716032909728537,0,test
2025-02-07,0.3901008522466835,0,test
2025-02-10,0.38194149477272527,0,test
2025-02-11,0.37869451765382783,0,test
2025-02-12,0.41649795982114096,0,test
2025-02-13,0.4148810329017696,0,test
2025-02-14,0.4344328054506718,0,test
2025-02-17,0.40298338042132426,0,test
2025-02-18,0.4092349085333435,0,test
2025-02-19,0.4384146628965904,0,test
2025-02-20,0.3846232479989987,0,test
2025-02-21,0.3724581694453752,0,test
2025-02-24,0.37342307836975963,0,test
2025-02-25,0.49570859613940965,0,test
2025-02-26,0.5963902678409917,0,test
2025-02-27,0.5844579786400722,0,test
2025-02-28,0.5759751555550469,0,test
2025-03-03,0.6398348952720623,0,test
2025-03-04,0.6331726278731299,0,test
2025-03-05,0.5441712996146383,0,test
2025-03-06,0.5345301466914004,0,test
2025-03-07,0.5262997961350431,0,test
2025-03-10,0.5213982733611594,0,test
2025-03-11,0.570461392898217,0,test
2025-03-12,0.5669252997851638,0,test
2025-03-13,0.5766087747234304,0,test
2025-03-14,0.5585583407513307,0,test
2025-03-17,0.3414423273856359,0,test
2025-03-18,0.2835509399701348,0,test
2025-03-19,0.30060620092624113,0,test
2025-03-20,0.3169606895566587,0,test
2025-03-21,0.3607946077267097,0,test
2025-03-24,0.4153700163424878,0,test
2025-03-25,0.32386581887653165,0,test
2025-03-26,0.36354020640998774,0,test
2025-03-27,0.33878080049510795,0,test
2025-03-28,0.31057088048475834,0,test
2025-03-31,0.38117495377918387,0,test
2025-04-01,0.3387973351721663,0,test
2025-04-02,0.3334701553105336,0,test
2025-04-03,0.39624486223362493,0,test
2025-04-07,0.4691690820443582,0,test
2025-04-08,0.5999080884277634,0,test
2025-04-09,0.6015499938106487,0,test
2025-04-10,0.5980097616527602,0,test
2025-04-11,0.5985572032532935,0,test
2025-04-14,0.45392730572542467,0,test
2025-04-15,0.43282901005037633,0,test
2025-04-16,0.43389403235173535,0,test
2025-04-17,0.44267679476149624,0,test
2025-04-18,0.42916514222607455,0,test
2025-04-21,0.3438566653447952,0,test
2025-04-22,0.298915177393932,0,test
2025-04-23,0.31189160401029825,0,test
2025-04-24,0.31783934570314876,0,test
2025-04-25,0.26862397969715884,0,test
2025-04-28,0.28439252526718317,0,test
2025-04-29,0.30156033097090085,0,test
2025-04-30,0.29357295744805323,0,test
2025-05-06,0.2807396599770171,0,test
2025-05-07,0.2281622271920441,0,test
2025-05-08,0.3578144199343821,0,test
2025-05-09,0.36308621429196614,0,test
2025-05-12,0.35930171699616514,0,test
2025-05-13,0.2766119604468518,0,test
2025-05-14,0.30000990114062115,0,test
2025-05-15,0.3046856737117604,0,test
2025-05-16,0.33300355773572343,0,test
2025-05-19,0.33420150341905197,0,test
2025-05-20,0.3391447483988904,0,test
2025-05-21,0.3491901817737331,0,test
2025-05-22,0.31864359423248395,0,test
2025-05-23,0.33971378932850926,0,test
2025-05-26,0.3565212660281883,0,test
2025-05-27,0.36740919237017605,0,test
2025-05-28,0.45289481685485466,0,test
2025-05-29,0.45107129888971037,0,test
2025-05-30,0.40483842558854366,0,test
2025-06-03,0.4531231739300115,0,test
2025-06-04,0.5255897794496579,0,test
2025-06-05,0.5126067399024268,0,test
2025-06-06,0.509200965559909,0,test
2025-06-09,0.47189766250265214,0,test
2025-06-10,0.4412988255620869,0,test
2025-06-11,0.4715731413201538,0,test
2025-06-12,0.46153590582199255,0,test
2025-06-13,0.44956095521812606,0,test
2025-06-16,0.5013148417458364,0,test
2025-06-17,0.45733090569186574,0,test
2025-06-18,0.48415556302453083,0,test
2025-06-19,0.4853326911173627,0,test
2025-06-20,0.5314768809480442,0,test
2025-06-23,0.5747993967083146,0,test
2025-06-24,0.5562950927829327,0,test
2025-06-25,0.5142154686491279,0,test
2025-06-26,0.5138842637388663,0,test
2025-06-27,0.5247962883710223,0,test
2025-06-30,0.45882895862499146,0,test
2025-07-01,0.4587912248598062,0,test
2025-07-02,0.42225678373825165,0,test
2025-07-03,0.4316307659550629,0,test
2025-07-04,0.37977410258459254,0,test
2025-07-07,0.3475859604224161,0,test
2025-07-08,0.338425299833743,0,test
2025-07-09,0.34736923143430176,0,test
2025-07-10,0.3758340913446406,0,test
2025-07-11,0.37121393948775755,0,test
2025-07-14,0.363883265938808,0,test
2025-07-15,0.38531918204840276,0,test
2025-07-16,0.3902432769762857,0,test
2025-07-17,0.3729501648811988,0,test
2025-07-18,0.3758683602972017,0,test
2025-07-21,0.3668353397007816,0,test
2025-07-22,0.3693784183142479,0,test
2025-07-23,0.3795022388310483,0,test
2025-07-24,0.378540258167146,0,test
2025-07-25,0.38649449178696976,0,test
2025-07-28,0.3843992480221706,0,test
2025-07-29,0.38628083072388275,0,test
2025-07-30,0.38668348643276296,0,test
2025-07-31,0.4200582249359713,0,test
2025-08-01,0.5003040525005291,0,test
2025-08-04,0.5364907636390107,0,test
2025-08-05,0.5096135909799541,0,test
2025-08-06,0.5078704793731161,0,test
2025-08-07,0.4832410120661794,0,test
2025-08-08,0.508209331343887,0,test
2025-08-11,0.5121591210007375,0,test
2025-08-12,0.5162251349167172,0,test
2025-08-13,0.5057470973653385,0,test
2025-08-14,0.46249422277229313,0,test
2025-08-15,0.49044703974423126,0,test
2025-08-18,0.44874103508489405,0,test
2025-08-19,0.437238565948264,0,test
2025-08-20,0.5045514866866527,0,test
2025-08-21,0.5256670379899046,0,test
2025-08-22,0.5198003054790556,0,test
2025-08-25,0.45324107156943527,0,test
2025-08-26,0.5031883109486652,0,test
2025-08-27,0.4963506637114379,0,test
2025-08-28,0.584941410655071,0,test
2025-08-29,0.4936001548835505,0,test
2025-09-01,0.4761604161658998,0,test
2025-09-02,0.4792990184376545,0,test
2025-09-03,0.5928879501605517,0,test
2025-09-04,0.62929032605398,0,test
2025-09-05,0.6136675999686662,0,test
2025-09-08,0.6159771941095918,0,test
2025-09-09,0.5858195924061577,0,test
2025-09-10,0.547287200864534,0,test
2025-09-11,0.5043755778228911,0,test
2025-09-12,0.5172679771558568,0,test
2025-09-15,0.6272681951056325,0,test
2025-09-16,0.6009595693198209,0,test
2025-09-17,0.5486733807591321,0,test
2025-09-18,0.4971912264099164,0,test
2025-09-19,0.46520937414419733,0,test
2025-09-22,0.49808431786513235,0,test
2025-09-23,0.5088741960461849,0,test
2025-09-24,0.5450698554053146,0,test
2025-09-25,0.5441219139891526,0,test
2025-09-26,0.5230744736924527,0,test
2025-09-29,0.5625657381811848,0,test
2025-09-30,0.544014529630222,0,test
2025-10-09,0.4818041417438124,0,test
2025-10-10,0.4383611513900635,0,test
2025-10-13,0.8114544068347843,1,test
2025-10-14,0.7958488435217147,1,test
2025-10-15,0.8054779814699652,1,test
2025-10-16,0.7602448189636651,1,test
2025-10-17,0.7519495122693257,1,test
2025-10-20,0.5221303011637065,0,test
2025-10-21,0.51191423069082,0,test
2025-10-22,0.5122239713591095,0,test
2025-10-23,0.5144590500478344,0,test
2025-10-24,0.5116491921782254,0,test
2025-10-27,0.4280288421659468,0,test
2025-10-28,0.4380111230229772,0,test
2025-10-29,0.396889872089991,0,test
2025-10-30,0.4182104270796662,0,test
2025-10-31,0.44243802815576977,0,test
2025-11-03,0.3679939082142843,0,test
2025-11-04,0.3815715030592475,0,test
2025-11-05,0.5042233050134508,0,test
2025-11-06,0.49974240707994594,0,test
2025-11-07,0.5056320429014024,0,test
2025-11-10,0.65606065043611,0,test
2025-11-11,0.6589425613956857,0,test
2025-11-12,0.6856123731503769,1,test
2025-11-13,0.6835289170934166,1,test
2025-11-14,0.6467154023348936,0,test
2025-11-17,0.637213076374833,0,test
2025-11-18,0.6391487310557661,0,test
2025-11-19,0.5764496045504116,0,test
2025-11-20,0.5915724004464888,0,test
2025-11-21,0.6790091385806504,0,test
2025-11-24,0.7005263992592696,1,test
2025-11-25,0.6892379013810992,1,test
2025-11-26,0.5669107925473512,0,test
2025-11-27,0.5615396277891875,0,test
2025-11-28,0.5669902936138341,0,test
2025-12-01,0.5337326842678063,0,test
2025-12-02,0.49922957066653906,0,test
2025-12-03,0.48053162939827576,0,test
2025-12-04,0.5031105019917946,0,test
2025-12-05,0.41894020451601355,0,test
2025-12-08,0.3954547718452777,0,test
2025-12-09,0.409350965272128,0,test
2025-12-10,0.4329421146285223,0,test
2025-12-11,0.42618232078760676,0,test
2025-12-12,0.46419806645876366,0,test
2025-12-15,0.4663430789892552,0,test
2025-12-16,0.4802513460492047,0,test
2025-12-17,0.5031668325460947,0,test
2025-12-18,0.48764637327353577,0,test
2025-12-19,0.4731936566958889,0,test
2025-12-22,0.4856744357821554,0,test
2025-12-23,0.5010800223896054,0,test
2025-12-24,0.47299227221564555,0,test
2025-12-25,0.48310148504542083,0,test
2025-12-26,0.4371095555788347,0,test
2025-12-29,0.4648922108707865,0,test
2025-12-30,0.5198929722025217,0,test
2025-12-31,0.47635260722216977,0,test
2026-01-05,0.44494737039284016,0,test
2026-01-06,0.447332505108753,0,test
2026-01-07,0.42817815806691945,0,test
2026-01-08,0.4294704375625414,0,test
2026-01-09,0.42662939297932756,0,test
2026-01-12,0.4096286699809493,0,test
2026-01-13,0.4477472185263846,0,test
2026-01-14,0.5131683738667188,0,test
2026-01-15,0.5006640124769716,0,test
2026-01-16,0.5068872349510061,0,test
2026-01-19,0.547158542288774,0,test
2026-01-20,0.5615119119552332,0,test
2026-01-21,0.6561519640014756,0,test
2026-01-22,0.5945862060256766,0,test
2026-01-23,0.5635043229301433,0,test
2026-01-26,0.6166868975766479,0,test
2026-01-27,0.6842066358186711,1,test
2026-01-28,0.629059131145941,0,test
2026-01-29,0.5970935524613532,0,test
2026-01-30,0.6352984061806085,0,test
2026-02-02,0.6461993896386614,0,test
2026-02-03,0.5888996053031649,0,test
2026-02-04,0.576853378518749,0,test
2026-02-05,0.5085167338240758,0,test
2026-02-06,0.5450928502093076,0,test
2026-02-09,0.5006955065686909,0,test
2026-02-10,0.4567758812539715,0,test
2026-02-11,0.435572354446848,0,test
2026-02-12,0.44549030881124474,0,test
2026-02-13,0.39480820395111654,0,test
2026-02-24,0.27803321681566606,0,test
2026-02-25,0.2569020162483587,0,test
2026-02-26,0.2848573162917285,0,test
2026-02-27,0.2841941373620592,0,test
2026-03-02,0.28840623019113437,0,test
2026-03-03,0.3266152223233394,0,test
2026-03-04,0.4744281848179851,0,test
2026-03-05,0.4219328411806744,0,test
2026-03-06,0.4632085489065081,0,test
2026-03-09,0.47160542522512705,0,test
2026-03-10,0.479507765493853,0,test
2026-03-11,0.4816920967501457,0,test
2026-03-12,0.4741954266305738,0,test
2026-03-13,0.48289688673890446,0,test
2026-03-16,0.507279783279772,0,test
2026-03-17,0.6140918784058089,0,test
2026-03-18,0.5239158407998673,0,test
2026-03-19,0.5394630354993782,0,test
2026-03-20,0.519069535935867,0,test
2026-03-23,0.5747971740996597,0,test
2026-03-24,0.5680857725855553,0,test
2026-03-25,0.547222217960167,0,test
2026-03-26,0.6486143368105267,0,test
2026-03-27,0.6845272574835022,1,test
2026-03-30,0.6754037893245556,0,test
2026-03-31,0.6729760191073502,0,test
2026-04-01,0.49681070274140715,0,test
2026-04-02,0.48561200896817047,0,test
2026-04-03,0.5152452442077065,0,test
2026-04-07,0.4444176454192887,0,test
2026-04-08,0.43010364887327934,0,test
2026-04-09,0.5166739878292151,0,test
2026-04-10,0.5372156250621415,0,test
2026-04-13,0.5579978915459308,0,test
2026-04-14,0.5646876663758192,0,test
2026-04-15,0.5901423891368338,0,test
2026-04-16,0.6047112767630842,0,test
2026-04-17,0.600040370197191,0,test
2026-04-20,0.5664933519532994,0,test
2026-04-21,0.5448574931880902,0,test
2026-04-22,0.5718389593448264,0,test
2026-04-23,0.6534715521015114,0,test
2026-04-24,0.6673542839309976,0,test
2026-04-27,0.6443702734355957,0,test
2026-04-28,0.6371462649235684,0,test
2026-04-29,0.6741907428341357,0,test
2026-04-30,0.624027339287451,0,test
2026-05-06,0.6213004934300527,0,test
2026-05-07,0.5721766554559746,0,test
2026-05-08,0.6304686916838088,0,test
2026-05-11,0.594330589811662,0,test
2026-05-12,0.6044479553077118,0,test
2026-05-13,0.5953532473260267,0,test
2026-05-14,0.6159884829835106,0,test
2026-05-15,0.7180805188498482,1,test
2026-05-18,0.7140725082984415,1,test
2026-05-19,0.7034874622508546,1,test
2026-05-20,0.7044676157674469,1,test
2026-05-21,0.7129471411996007,1,test
2026-05-22,0.7415286995423503,1,test
2026-05-25,0.7154143446794433,1,test
2026-05-26,0.6943544789581108,1,test
2026-05-27,0.6573831704315745,0,test
2026-05-28,0.6962939624162471,1,test
2026-05-29,0.5520495778502981,0,test
2026-06-01,0.5489505741171372,0,test
2026-06-02,0.5506249318438012,0,test
2026-06-03,0.5312523707033723,0,test
2026-06-04,0.6257281960306402,0,test
2026-06-05,0.5270315316693248,0,test
2026-06-08,0.6402893234534106,0,test
2026-06-09,0.6100261899333264,0,test
2026-06-10,0.5866560762839624,0,test
2026-06-11,0.539239681290628,0,test
2026-06-12,0.43819170431717225,0,test
2026-06-15,0.3455619739151594,0,test
2026-06-16,0.3566136202638527,0,test
2026-06-17,0.3767681700555321,0,test
2026-06-18,0.38699764253937446,0,test
2026-06-22,0.40179508931073193,0,test
2026-06-23,0.36468638098956285,0,test
2026-06-24,0.42029708775893687,0,test
2026-06-25,0.4318926646326139,0,test
2026-06-26,0.37040390182531263,0,test
2026-06-29,0.4183376579623412,0,test
2026-06-30,0.4136538587441719,0,test
2026-07-01,0.43944378363744463,0,test
2026-07-02,0.5078005596267091,0,test
2026-07-03,0.5347148683861925,0,test
2026-07-06,0.6639780466766313,0,test
2026-07-07,0.6920455571728231,1,test
2026-07-08,0.6688300390997604,0,test
2026-07-09,0.6570000348953932,0,test
2026-07-10,0.6649801969170138,0,test
2026-07-13,0.6699164791868918,0,test
2026-07-14,0.6877508115494385,1,test
2026-07-15,0.6852424705809128,1,test
2026-07-16,0.6579177685724676,0,test
2026-07-17,0.6606149716206593,0,test
2026-07-20,0.6946944436025383,1,test
2026-07-21,0.6755130704784569,0,test
2026-07-22,0.6823078750287208,0,test
2026-07-23,0.6779724509238534,0,test
2026-07-24,0.669625715225376,0,test
2026-07-27,0.6478689463048957,0,test
2026-07-28,0.5984128475931305,0,test
2026-07-29,0.6168861515897265,0,test
2026-07-30,0.5670547750410457,0,test
2026-07-31,0.4260301168198739,0,test
2026-08-03,0.4051219011770676,0,test
2026-08-04,0.39873969332596737,0,test
2026-08-05,0.41939179800440174,0,test
2026-08-06,0.4500318219377082,0,test
2026-08-07,0.45093240940944074,0,test
2026-08-10,0.4456590946838706,0,test
2026-08-11,0.4522088184015207,0,test
2026-08-12,0.4411200590876949,0,test
2026-08-13,0.46972275524117724,0,test
2026-08-14,0.49268512844324325,0,test
2026-08-17,0.48331753554893403,0,test
2026-08-18,0.4978824266149686,0,test
2026-08-19,0.5034096604730972,0,test
2026-08-20,0.5320762875858207,0,test
2026-08-21,0.6905065008048729,1,test
2026-08-24,0.6780957848002076,0,test
