实际执行日,三状态,+1反转,-1反转,0转-1,0转+1,大涨,大跌,调整后三状态,调整原因,阶段,执行日开盘,close,high,low,下一实际交易日,下一交易日开盘,执行日O2O,行情中有执行日价格,推定形成日,形成日早于执行日,原始状态,原始策略日收益,调整策略日收益,指数日收益,O2O可评价,原始净值,调整净值,指数净值,原始超额净值,调整超额净值,调整相对原始净值,year,month,raw_nav_2026,adjusted_nav_2026,index_nav_2026,adjusted_excess_2026,adjusted_minus_raw_2026
2026-01-05,1,0,0,0,0,0,0,1,基础+1,Test,7523.8754,7651.1981,7651.2383,7523.2477,2026-01-06,7663.9415,0.0186162173818029,True,2025-12-31,True,1,0.0186162173818029,0.0186162173818029,0.0186162173818029,True,2.2273961839886427,3.4954028693573447,1.4076070609720817,1.8197891230165608,3.087795808385267,2.268006685368704,2026,2026-01,1.018616217381803,1.018616217381803,1.018616217381803,1.0,1.0
2026-01-06,1,0,0,0,0,0,0,1,基础+1,Test,7663.9415,7814.1356,7814.6506,7663.6621,2026-01-07,7838.9115,0.022830289088193,True,2026-01-05,True,1,0.022830289088193,0.022830289088193,0.022830289088193,True,2.2502264730768355,3.518233158445538,1.4304373500602747,1.8197891230165608,3.087795808385267,2.268006685368704,2026,2026-01,1.0414465064699958,1.0414465064699958,1.0414465064699958,1.0,1.0
2026-01-07,1,0,0,0,0,0,0,1,基础+1,Test,7838.9115,7875.0822,7909.6559,7828.3941,2026-01-08,7853.2089,0.0018239011883218,True,2026-01-06,True,1,0.0018239011883218,0.0018239011883218,0.0018239011883218,True,2.252050374265157,3.52005705963386,1.4322612512485966,1.8197891230165608,3.087795808385267,2.268006685368704,2026,2026-01,1.0432704076583177,1.0432704076583177,1.0432704076583177,1.0,1.0
2026-01-08,1,0,0,0,0,0,0,1,基础+1,Test,7853.2089,7894.5447,7938.5946,7849.0679,2026-01-09,7907.8485,0.0069576144854621,True,2026-01-07,True,1,0.0069576144854621,0.0069576144854621,0.0069576144854621,True,2.2590079887506196,3.5270146741193225,1.4392188657340588,1.8197891230165608,3.087795808385267,2.268006685368704,2026,2026-01,1.0502280221437799,1.0502280221437799,1.0502280221437799,1.0,1.0
2026-01-09,1,0,0,0,0,0,0,1,基础+1,Test,7907.8485,8056.6858,8064.7584,7907.8485,2026-01-12,8141.6262,0.0295627438993044,True,2026-01-08,True,1,0.0295627438993044,0.0295627438993044,0.0295627438993044,True,2.288570732649924,3.5565774180186267,1.4687816096333632,1.8197891230165608,3.087795808385267,2.268006685368704,2026,2026-01,1.079790766043084,1.079790766043084,1.079790766043084,1.0,1.0
2026-01-12,1,0,0,0,0,0,0,1,基础+1,Test,8141.6262,8249.1275,8261.3544,8103.2382,2026-01-13,8270.4224,0.015819468597072,True,2026-01-09,True,1,0.015819468597072,0.015819468597072,0.015819468597072,True,2.304390201246996,3.5723968866156985,1.4846010782304353,1.8197891230165608,3.087795808385267,2.268006685368704,2026,2026-01,1.0956102346401562,1.0956102346401562,1.0956102346401562,1.0,1.0
2026-01-13,1,0,0,0,0,0,0,1,基础+1,Test,8270.4224,8143.28,8270.4224,8106.6099,2026-01-14,8165.352,-0.0127043571559295,True,2026-01-12,True,1,-0.0127043571559295,-0.0127043571559295,-0.0127043571559295,True,2.2916858440910666,3.559692529459769,1.4718967210745058,1.8197891230165608,3.087795808385267,2.268006685368704,2026,2026-01,1.0829058774842266,1.0829058774842266,1.0829058774842266,1.0,1.0
2026-01-14,1,1,0,0,0,1,0,0,+1退出到0,Test,8165.352,8227.697,8368.2215,8123.4045,2026-01-15,8170.3486,0.0006119270791999,True,2026-01-13,True,1,0.0006119270791999,0.0,0.0006119270791999,True,2.292297771170267,3.559692529459769,1.4725086481537055,1.8197891230165608,3.087183881306067,2.2673947582895035,2026,2026-01,1.0835178045634266,1.0829058774842266,1.0835178045634266,0.9993880729208001,0.9993880729208001
2026-01-15,1,1,0,0,0,0,0,0,+1退出到0,Test,8170.3486,8223.2683,8249.0307,8148.7884,2026-01-16,8241.6934,0.0087321610732742,True,2026-01-14,True,1,0.0087321610732742,0.0,0.0087321610732742,True,2.301029932243541,3.559692529459769,1.48124080922698,1.8197891230165608,3.078451720232793,2.2586625972162295,2026,2026-01,1.0922499656367008,1.0829058774842266,1.0922499656367008,0.9906559118475259,0.9906559118475259
2026-01-16,1,1,0,0,0,0,0,0,+1退出到0,Test,8241.6934,8232.674,8292.7409,8204.5254,2026-01-19,8199.4986,-0.0051196760122136,True,2026-01-15,True,1,-0.0051196760122136,-0.0,-0.0051196760122136,True,2.295910256231327,3.559692529459769,1.4761211332147663,1.8197891230165608,3.083571396245006,2.2637822732284434,2026,2026-01,1.0871302896244872,1.0829058774842266,1.0871302896244872,0.9957755878597395,0.9957755878597395
2026-01-19,1,0,0,0,0,0,0,1,基础+1,Test,8199.4986,8287.947,8318.3703,8195.089,2026-01-20,8307.6416,0.01318897718941,True,2026-01-16,True,1,0.01318897718941,0.01318897718941,0.01318897718941,True,2.309099233420737,3.5728815066491793,1.4893101104041764,1.8197891230165608,3.083571396245006,2.2637822732284434,2026,2026-01,1.1003192668138972,1.0960948546736367,1.1003192668138972,0.9957755878597395,0.9957755878597395
2026-01-20,1,0,0,0,0,0,0,1,基础+1,Test,8307.6416,8247.8049,8342.8738,8142.1424,2026-01-21,8196.5565,-0.0133714362449145,True,2026-01-19,True,1,-0.0133714362449145,-0.0133714362449145,-0.0133714362449145,True,2.2957277971758225,3.5595100704042646,1.475938674159262,1.8197891230165608,3.083571396245006,2.2637822732284434,2026,2026-01,1.0869478305689826,1.0827234184287222,1.0869478305689826,0.9957755878597395,0.9957755878597395
2026-01-21,1,0,0,0,0,0,0,1,基础+1,Test,8196.5565,8340.1133,8351.4545,8196.5565,2026-01-22,8355.6781,0.0194132255417258,True,2026-01-20,True,1,0.0194132255417258,0.0194132255417258,0.0194132255417258,True,2.3151410227175484,3.5789232959459905,1.4953518997009878,1.8197891230165608,3.083571396245006,2.2637822732284434,2026,2026-01,1.1063610561107085,1.1021366439704479,1.1063610561107085,0.9957755878597395,0.9957755878597395
2026-01-22,1,0,0,0,0,0,0,1,基础+1,Test,8355.6781,8387.595,8396.1328,8337.195,2026-01-23,8422.3561,0.0079799627513177,True,2026-01-21,True,1,0.0079799627513177,0.0079799627513177,0.0079799627513177,True,2.323120985468866,3.5869032586973084,1.503331862452305,1.8197891230165608,3.083571396245006,2.2637822732284434,2026,2026-01,1.1143410188620262,1.1101166067217656,1.1143410188620262,0.9957755878597395,0.9957755878597395
2026-01-23,1,0,0,0,0,0,0,1,基础+1,Test,8422.3561,8590.1659,8590.1659,8417.752,2026-01-26,8624.8883,0.0240469765936397,True,2026-01-22,True,1,0.0240469765936397,0.0240469765936397,0.0240469765936397,True,2.347167962062506,3.610950235290949,1.5273788390459453,1.8197891230165608,3.083571396245006,2.2637822732284434,2026,2026-01,1.138387995455666,1.1341635833154053,1.138387995455666,0.9957755878597395,0.9957755878597395
2026-01-26,1,1,0,0,0,0,0,0,+1退出到0,Test,8624.8883,8506.6932,8671.3461,8453.4762,2026-01-27,8464.6504,-0.0185785478520341,True,2026-01-23,True,1,-0.0185785478520341,-0.0,-0.0185785478520341,True,2.3285894142104717,3.610950235290949,1.5088002911939111,1.8197891230165608,3.102149944097041,2.282360821080477,2026,2026-01,1.1198094476036318,1.1341635833154053,1.1198094476036318,1.0143541357117736,1.0143541357117736
2026-01-27,1,1,0,0,0,0,0,0,+1退出到0,Test,8464.6504,8548.9321,8581.1049,8368.1751,2026-01-28,8565.3388,0.0118951634434896,True,2026-01-26,True,1,0.0118951634434896,0.0,0.0118951634434896,True,2.340484577653961,3.610950235290949,1.5206954546374003,1.8197891230165608,3.0902547806535514,2.2704656576369877,2026,2026-01,1.1317046110471214,1.1341635833154053,1.1317046110471214,1.002458972268284,1.002458972268284
2026-01-28,0,0,0,0,0,0,1,0,基础0,Test,8565.3388,8601.1644,8633.1468,8526.5335,2026-01-29,8584.6806,0.0022581476870477,True,2026-01-27,True,0,0.0,0.0,0.0022581476870477,True,2.340484577653961,3.610950235290949,1.5229536023244483,1.8175309753295128,3.0879966329665036,2.2704656576369877,2026,2026-01,1.1317046110471214,1.1341635833154053,1.1339627587341692,1.0002008245812364,1.002458972268284
2026-01-29,0,0,0,0,1,0,0,1,0转+1持有,Test,8584.6806,8517.8429,8658.9445,8503.0945,2026-01-30,8439.6524,-0.016893837611151,True,2026-01-28,True,0,-0.0,-0.016893837611151,-0.016893837611151,True,2.340484577653961,3.5940563976797972,1.5060597647132974,1.834424812940664,3.0879966329665036,2.253571820025837,2026,2026-01,1.1317046110471214,1.1172697457042544,1.117068921123018,1.0002008245812364,0.985565134657133
2026-01-30,0,0,0,0,1,0,0,1,0转+1持有,Test,8439.6524,8370.5203,8496.3367,8194.5842,2026-02-02,8279.7152,-0.018950685694117,True,2026-01-29,True,0,-0.0,-0.018950685694117,-0.018950685694117,True,2.340484577653961,3.57510571198568,1.4871090790191803,1.8533754986347808,3.0879966329665036,2.2346211343317197,2026,2026-01,1.1317046110471214,1.0983190600101373,1.0981182354289012,1.0002008245812364,0.966614448963016
2026-02-02,0,0,0,0,1,0,0,1,0转+1持有,Test,8279.7152,8037.0456,8324.4341,8032.35,2026-02-03,8135.8699,-0.0173732183445151,True,2026-01-30,True,0,-0.0,-0.0173732183445151,-0.0173732183445151,True,2.340484577653961,3.557732493641165,1.469735860674665,1.870748716979296,3.0879966329665036,2.2172479159872043,2026,2026-02,1.1317046110471214,1.0809458416656224,1.080745017084386,1.0002008245812364,0.9492412306185009
2026-02-03,0,0,0,0,1,0,0,1,0转+1持有,Test,8135.8699,8286.7005,8286.7005,8075.3738,2026-02-04,8270.842,0.0165897564315773,True,2026-02-02,True,0,0.0,0.0165897564315773,0.0165897564315773,True,2.340484577653961,3.5743222500727425,1.4863256171062424,1.854158960547719,3.0879966329665036,2.2338376724187814,2026,2026-02,1.1317046110471214,1.0975355980971995,1.0973347735159633,1.0002008245812364,0.9658309870500782
2026-02-04,0,0,0,1,1,0,0,0,零段同日冲突置0,Test,8270.842,8299.0574,8309.8579,8179.3522,2026-02-05,8203.0627,-0.0081949697503591,True,2026-02-03,True,0,-0.0,-0.0,-0.0081949697503591,True,2.340484577653961,3.5743222500727425,1.4781306473558833,1.8623539302980776,3.096191602716863,2.2338376724187814,2026,2026-02,1.1317046110471214,1.0975355980971995,1.0891398037656042,1.0083957943315953,0.9658309870500782
2026-02-05,0,0,0,1,0,0,0,-1,0转-1持有,Test,8203.0627,8146.1073,8224.7847,8081.4283,2026-02-06,8054.218,-0.0181450155196303,True,2026-02-04,True,0,-0.0,0.0181450155196303,-0.0181450155196303,True,2.340484577653961,3.592467265592373,1.4599856318362532,1.880498945817708,3.132481633756123,2.251982687938412,2026,2026-02,1.1317046110471214,1.1156806136168298,1.0709947882459738,1.044685825370856,0.9839760025697085
2026-02-06,0,0,0,0,0,0,0,0,基础0,Test,8054.218,8146.4128,8247.2968,8014.6599,2026-02-09,8280.1088,0.0280462733936428,True,2026-02-05,True,0,0.0,0.0,0.0280462733936428,True,2.340484577653961,3.592467265592373,1.4880319052298958,1.8524526724240653,3.104435360362481,2.251982687938412,2026,2026-02,1.1317046110471214,1.1156806136168298,1.0990410616396167,1.0166395519772131,0.9839760025697085
2026-02-09,0,0,0,0,0,0,0,0,基础0,Test,8280.1088,8311.2829,8313.4692,8229.0026,2026-02-10,8318.5325,0.0046404825018724,True,2026-02-06,True,0,0.0,0.0,0.0046404825018724,True,2.340484577653961,3.592467265592373,1.4926723877317682,1.8478121899221929,3.0997948778606084,2.251982687938412,2026,2026-02,1.1317046110471214,1.1156806136168298,1.1036815441414891,1.011999069475341,0.9839760025697085
2026-02-10,0,0,0,0,0,0,0,0,基础0,Test,8318.5325,8306.4448,8331.9858,8258.1519,2026-02-11,8295.3326,-0.0027889414388895,True,2026-02-09,True,0,-0.0,-0.0,-0.0027889414388895,True,2.340484577653961,3.592467265592373,1.489883446292879,1.8506011313610824,3.1025838192994977,2.251982687938412,2026,2026-02,1.1317046110471214,1.1156806136168298,1.1008926027025996,1.0147880109142302,0.9839760025697085
2026-02-11,0,0,0,0,0,0,0,0,基础0,Test,8295.3326,8325.8107,8373.5033,8295.1223,2026-02-12,8342.365,0.0056697425248506,True,2026-02-10,True,0,0.0,0.0,0.0056697425248506,True,2.340484577653961,3.592467265592373,1.4955531888177296,1.844931388836232,3.096914076774647,2.251982687938412,2026,2026-02,1.1317046110471214,1.1156806136168298,1.1065623452274502,1.0091182683893798,0.9839760025697085
2026-02-12,0,0,0,0,0,0,0,0,基础0,Test,8342.365,8423.5695,8437.4202,8341.7705,2026-02-13,8366.3327,0.0028730102315113,True,2026-02-11,True,0,0.0,0.0,0.0028730102315113,True,2.340484577653961,3.592467265592373,1.498426199049241,1.8420583786047204,3.0940410665431357,2.251982687938412,2026,2026-02,1.1317046110471214,1.1156806136168298,1.1094353554589615,1.0062452581578685,0.9839760025697085
2026-02-13,0,0,0,0,0,0,0,0,基础0,Test,8366.3327,8299.585,8419.7618,8290.8388,2026-02-24,8403.3106,0.004419845746751,True,2026-02-12,True,0,0.0,0.0,0.004419845746751,True,2.340484577653961,3.592467265592373,1.5028460447959917,1.8376385328579696,3.089621220796385,2.251982687938412,2026,2026-02,1.1317046110471214,1.1156806136168298,1.1138552012057126,1.0018254124111174,0.9839760025697085
2026-02-24,0,0,0,0,0,0,0,0,基础0,Test,8403.3106,8392.9098,8444.1283,8328.5678,2026-02-25,8412.08,0.0010435649016709,True,2026-02-13,True,0,0.0,0.0,0.0010435649016709,True,2.340484577653961,3.592467265592373,1.5038896096976626,1.8365949679562985,3.088577655894714,2.251982687938412,2026,2026-02,1.1317046110471214,1.1156806136168298,1.1148987661073835,1.0007818475094465,0.9839760025697085
2026-02-25,0,0,0,0,0,0,0,0,基础0,Test,8412.08,8527.5593,8551.5345,8401.5965,2026-02-26,8542.8324,0.0155434090022918,True,2026-02-24,True,0,0.0,0.0,0.0155434090022918,True,2.340484577653961,3.592467265592373,1.5194330186999547,1.8210515589540064,3.073034246892422,2.251982687938412,2026,2026-02,1.1317046110471214,1.1156806136168298,1.1304421751096752,0.9852384385071548,0.9839760025697085
2026-02-26,0,0,0,0,0,0,0,0,基础0,Test,8542.8324,8557.216,8582.7633,8490.9215,2026-02-27,8499.7957,-0.0050377553936324,True,2026-02-25,True,0,-0.0,-0.0,-0.0050377553936324,True,2.340484577653961,3.592467265592373,1.514395263306322,1.826089314347639,3.0780720022860546,2.251982687938412,2026,2026-02,1.1317046110471214,1.1156806136168298,1.1254044197160429,0.9902761939007871,0.9839760025697085
2026-02-27,0,0,0,0,0,0,0,0,基础0,Test,8499.7957,8658.4503,8658.4503,8499.7957,2026-03-02,8585.8534,0.0101246786437465,True,2026-02-26,True,0,0.0,0.0,0.0101246786437465,True,2.340484577653961,3.592467265592373,1.5245199419500688,1.8159646357038923,3.067947323642308,2.251982687938412,2026,2026-02,1.1317046110471214,1.1156806136168298,1.1355290983597892,0.9801515152570406,0.9839760025697085
2026-03-02,0,0,0,0,0,0,0,0,基础0,Test,8585.8534,8658.3336,8683.9816,8551.4601,2026-03-03,8651.06,0.0075946556459953,True,2026-02-27,True,0,0.0,0.0,0.0075946556459953,True,2.340484577653961,3.592467265592373,1.5321145975960642,1.8083699800578972,3.0603526679963124,2.251982687938412,2026,2026-03,1.1317046110471214,1.1156806136168298,1.1431237540057846,0.9725568596110453,0.9839760025697085
2026-03-03,0,0,0,1,0,0,0,-1,0转-1持有,Test,8651.06,8281.6139,8654.5678,8267.1091,2026-03-04,8167.9811,-0.0558404288029443,True,2026-03-02,True,0,-0.0,0.0558404288029443,-0.0558404288029443,True,2.340484577653961,3.648307694395317,1.4762741687931196,1.8642104088608416,3.172033525602201,2.307823116741356,2026,2026-03,1.1317046110471214,1.1715210424197742,1.0872833252028402,1.084237717216934,1.0398164313726528
2026-03-04,0,0,0,1,0,1,0,-1,0转-1持有,Test,8167.9811,8248.945,8377.1743,8167.9811,2026-03-05,8383.5464,0.0263915032810249,True,2026-03-03,True,0,0.0,-0.0263915032810249,0.0263915032810249,True,2.340484577653961,3.621916191114292,1.5026656720741447,1.8378189055798169,3.1192505190401514,2.2814316134603314,2026,2026-03,1.1317046110471214,1.1451295391387493,1.1136748284838651,1.0314547106548841,1.0134249280916279
2026-03-05,0,0,0,0,0,0,0,0,基础0,Test,8383.5464,8309.1713,8391.0367,8251.1062,2026-03-06,8273.1829,-0.0131642976294613,True,2026-03-04,True,0,-0.0,-0.0,-0.0131642976294613,True,2.340484577653961,3.621916191114292,1.4895013744446832,1.850983203209278,3.1324148166696126,2.2814316134603314,2026,2026-03,1.1317046110471214,1.1451295391387493,1.1005105308544039,1.0446190082843454,1.0134249280916279
2026-03-06,0,0,0,0,0,0,0,0,基础0,Test,8273.1829,8360.3347,8394.3341,8258.6447,2026-03-09,8234.1927,-0.0047128415352694,True,2026-03-05,True,0,-0.0,-0.0,-0.0047128415352694,True,2.340484577653961,3.621916191114292,1.484788532909414,1.8556960447445472,3.137127658204882,2.2814316134603314,2026,2026-03,1.1317046110471214,1.1451295391387493,1.0957976893191346,1.0493318498196147,1.0134249280916279
2026-03-09,0,0,0,0,0,0,0,0,基础0,Test,8234.1927,8279.4811,8305.9247,8066.1408,2026-03-10,8341.1447,0.0129887657353466,True,2026-03-06,True,0,0.0,0.0,0.0129887657353466,True,2.340484577653961,3.621916191114292,1.4977772986447606,1.8427072790092007,3.1241388924695355,2.2814316134603314,2026,2026-03,1.1317046110471214,1.1451295391387493,1.108786455054481,1.0363430840842682,1.0134249280916279
2026-03-10,0,0,0,0,0,0,0,0,基础0,Test,8341.1447,8410.303,8412.9325,8330.9345,2026-03-11,8419.3105,0.0093711118571049,True,2026-03-09,True,0,0.0,0.0,0.0093711118571049,True,2.340484577653961,3.621916191114292,1.507148410501865,1.833336167152096,3.1147677806124303,2.2814316134603314,2026,2026-03,1.1317046110471214,1.1451295391387493,1.118157566911586,1.0269719722271633,1.0134249280916279
2026-03-11,0,0,0,0,0,0,0,0,基础0,Test,8419.3105,8403.3296,8439.6188,8379.0332,2026-03-12,8396.7222,-0.0026829156615615,True,2026-03-10,True,0,-0.0,-0.0,-0.0026829156615615,True,2.340484577653961,3.621916191114292,1.504465494840304,1.836019082813657,3.117450696273992,2.2814316134603314,2026,2026-03,1.1317046110471214,1.1451295391387493,1.1154746512500244,1.0296548878887248,1.0134249280916279
2026-03-12,0,0,0,0,0,0,0,0,基础0,Test,8396.7222,8359.4721,8433.0374,8290.5879,2026-03-13,8317.7799,-0.0094015614807407,True,2026-03-11,True,0,-0.0,-0.0,-0.0094015614807407,True,2.340484577653961,3.621916191114292,1.495063933359563,1.845420644294398,3.1268522577547326,2.2814316134603314,2026,2026-03,1.1317046110471214,1.1451295391387493,1.1060730897692839,1.0390564493694654,1.0134249280916279
2026-03-13,0,0,0,0,0,0,0,0,基础0,Test,8317.7799,8239.798,8371.7157,8217.9686,2026-03-16,8227.6932,-0.0108306183961419,True,2026-03-12,True,0,-0.0,-0.0,-0.0108306183961419,True,2.340484577653961,3.621916191114292,1.4842333149634213,1.85625126269054,3.1376828761508744,2.2814316134603314,2026,2026-03,1.1317046110471214,1.1451295391387493,1.095242471373142,1.0498870677656074,1.0134249280916279
2026-03-16,0,0,0,0,0,0,0,0,基础0,Test,8227.6932,8185.152,8233.6551,8060.7824,2026-03-17,8199.9926,-0.0033667516917135,True,2026-03-13,True,0,-0.0,-0.0,-0.0033667516917135,True,2.340484577653961,3.621916191114292,1.4808665632717075,1.8596180143822536,3.141049627842588,2.2814316134603314,2026,2026-03,1.1317046110471214,1.1451295391387493,1.0918757196814284,1.0532538194573209,1.0134249280916279
2026-03-17,-1,0,0,0,0,0,0,-1,基础-1,Test,8199.9926,8016.0262,8207.4607,8016.002,2026-03-18,8044.9186,-0.0189114804810921,True,2026-03-16,True,-1,0.0189114804810921,0.0189114804810921,-0.0189114804810921,True,2.3593960581350535,3.640827671595385,1.4619550827906154,1.897440975344438,3.178872588804772,2.2814316134603314,2026,2026-03,1.1506160915282135,1.1640410196198414,1.0729642392003362,1.0910767804195052,1.0134249280916279
2026-03-18,-1,0,0,0,0,1,0,-1,基础-1,Test,8044.9186,8096.4276,8105.9551,7958.4504,2026-03-19,7975.8477,-0.0085856555465955,True,2026-03-17,True,-1,0.0085856555465955,0.0085856555465955,-0.0085856555465955,True,2.3679817136816492,3.64941332714198,1.45336942724402,1.914612286437629,3.1960438998979632,2.2814316134603314,2026,2026-03,1.159201747074809,1.172626675166437,1.064378583653741,1.1082480915126962,1.0134249280916279
2026-03-19,-1,0,0,0,0,0,0,-1,基础-1,Test,7975.8477,7877.09,8000.4297,7844.1519,2026-03-20,7913.4854,-0.0078188930312699,True,2026-03-18,True,-1,0.0078188930312699,0.0078188930312699,-0.0078188930312699,True,2.375800606712919,3.65723222017325,1.44555053421275,1.9302500725001688,3.211681685960503,2.2814316134603314,2026,2026-03,1.1670206401060788,1.1804455681977069,1.056559690622471,1.1238858775752358,1.0134249280916279
2026-03-20,-1,0,0,0,0,0,0,-1,基础-1,Test,7913.4854,7760.0365,7941.5857,7757.8333,2026-03-23,7623.2446,-0.0366767341227418,True,2026-03-19,True,-1,0.0366767341227418,0.0366767341227418,-0.0366767341227418,True,2.412477340835661,3.693908954295992,1.4088738000900085,2.0036035407456527,3.285035154205987,2.2814316134603314,2026,2026-03,1.2036973742288206,1.2171223023204485,1.0198829564997292,1.1972393458207196,1.0134249280916279
2026-03-23,-1,0,1,0,0,0,0,0,-1退出到0,Test,7623.2446,7440.7451,7708.4298,7399.0423,2026-03-24,7555.0818,-0.0089414420731036,True,2026-03-20,True,-1,0.0089414420731036,-0.0,-0.0089414420731036,True,2.421418782908765,3.693908954295992,1.3999323580169043,2.02148642489186,3.2939765962790903,2.272490171387228,2026,2026-03,1.2126388163019244,1.2171223023204485,1.0109415144266256,1.206180787893823,1.0044834860185243
2026-03-24,-1,0,1,0,0,1,0,0,-1退出到0,Test,7555.0818,7597.3732,7597.3732,7379.8608,2026-03-25,7660.4009,0.0139401667365135,True,2026-03-23,True,-1,-0.0139401667365135,0.0,0.0139401667365135,True,2.4074786161722512,3.693908954295992,1.413872524753418,1.9936060914188327,3.280036429542577,2.2864303381237416,2026,2026-03,1.1986986495654108,1.2171223023204485,1.024881681163139,1.1922406211573096,1.0184236527550379
2026-03-25,-1,0,1,0,0,0,0,0,-1退出到0,Test,7660.4009,7767.6654,7806.9106,7660.4009,2026-03-26,7757.0185,0.0126126036040752,True,2026-03-24,True,-1,-0.0126126036040752,0.0,0.0126126036040752,True,2.394866012568176,3.693908954295992,1.4264851283574933,1.9683808842106825,3.2674238259385016,2.2990429417278166,2026,2026-03,1.1860860459613356,1.2171223023204485,1.0374942847672142,1.1796280175532343,1.031036256359113
2026-03-26,0,0,0,0,1,0,0,1,0转+1持有,Test,7757.0185,7642.1302,7777.29,7620.7773,2026-03-27,7539.1959,-0.0280807116806541,True,2026-03-25,True,0,-0.0,-0.0280807116806541,-0.0280807116806541,True,2.394866012568176,3.665828242615338,1.398404416676839,1.9964615958913363,3.2674238259385016,2.2709622300471626,2026,2026-03,1.1860860459613356,1.1890415906397944,1.00941357308656,1.1796280175532343,1.0029555446784588
2026-03-27,0,0,0,0,1,0,0,1,0转+1持有,Test,7539.1959,7737.6144,7785.3777,7539.1959,2026-03-30,7655.1534,0.0153806190392267,True,2026-03-26,True,0,0.0,0.0153806190392267,0.0153806190392267,True,2.394866012568176,3.681208861654565,1.413785035716066,1.9810809768521096,3.2674238259385016,2.286342849086389,2026,2026-03,1.1860860459613356,1.2044222096790211,1.0247941921257868,1.1796280175532343,1.0183361637176855
2026-03-30,-1,0,0,0,0,0,1,-1,基础-1,Test,7655.1534,7753.7234,7766.1107,7610.5492,2026-03-31,7740.5787,0.0111591885278223,True,2026-03-27,True,-1,-0.0111591885278223,-0.0111591885278223,0.0111591885278223,True,2.3837068240403534,3.670049673126742,1.4249442242438883,1.958762599796465,3.245105448882857,2.286342849086389,2026,2026-03,1.1749268574335132,1.1932630211511988,1.0359533806536092,1.1573096404975898,1.0183361637176855
2026-03-31,-1,0,0,0,0,0,0,-1,基础-1,Test,7740.5787,7617.3262,7788.8928,7617.3262,2026-04-01,7764.3363,0.0030692278860235,True,2026-03-30,True,-1,-0.0030692278860235,-0.0030692278860235,0.0030692278860235,True,2.3806375961543296,3.666980445240718,1.4280134521299117,1.952624144024418,3.2389669931108096,2.286342849086389,2026,2026-03,1.1718576295474898,1.1901937932651754,1.0390226085396326,1.1511711847255428,1.0183361637176855
2026-04-01,-1,0,0,0,0,0,0,-1,基础-1,Test,7764.3363,7750.0924,7778.9878,7689.5897,2026-04-02,7726.4451,-0.0048801595572309,True,2026-03-31,True,-1,0.0048801595572309,0.0048801595572309,-0.0048801595572309,True,2.385517755711561,3.6718606047979496,1.4231332925726807,1.96238446313888,3.2487273122252716,2.286342849086389,2026,2026-04,1.1767377891047206,1.1950739528224061,1.0341424489824018,1.1609315038400045,1.0183361637176855
2026-04-02,-1,0,0,0,0,0,0,-1,基础-1,Test,7726.4451,7605.2932,7740.0952,7562.2104,2026-04-03,7636.6633,-0.011620065740194,True,2026-04-01,True,-1,0.011620065740194,0.011620065740194,-0.011620065740194,True,2.397137821451755,3.683480670538143,1.4115132268324868,1.9856245946192677,3.27196744370566,2.286342849086389,2026,2026-04,1.1883578548449147,1.2066940185626003,1.0225223832422077,1.1841716353203926,1.0183361637176855
2026-04-03,-1,0,0,0,0,0,0,-1,基础-1,Test,7636.6633,7534.938,7640.8412,7518.3455,2026-04-07,7562.1371,-0.0097590003738936,True,2026-04-02,True,-1,0.0097590003738936,0.0097590003738936,-0.0097590003738936,True,2.406896821825649,3.693239670912037,1.4017542264585932,2.005142595367055,3.291485444453447,2.286342849086389,2026,2026-04,1.1981168552188082,1.2164530189364937,1.012763382868314,1.2036896360681797,1.0183361637176855
2026-04-07,0,0,0,0,0,0,0,0,基础0,Test,7562.1371,7571.1106,7630.1357,7529.3992,2026-04-08,7741.6345,0.0237363324185169,True,2026-04-03,True,0,0.0,0.0,0.0237363324185169,True,2.406896821825649,3.693239670912037,1.42549055887711,1.981406262948538,3.26774911203493,2.286342849086389,2026,2026-04,1.1981168552188082,1.2164530189364937,1.036499715286831,1.179953303649663,1.0183361637176855
2026-04-08,0,0,0,0,0,0,0,0,基础0,Test,7741.6345,7945.1527,7945.1527,7741.6345,2026-04-09,7865.2051,0.0159618230491247,True,2026-04-07,True,0,0.0,0.0,0.0159618230491247,True,2.406896821825649,3.693239670912037,1.4414523819262348,1.9654444398994133,3.2517872889858053,2.286342849086389,2026,2026-04,1.1981168552188082,1.2164530189364937,1.0524615383359557,1.1639914806005383,1.0183361637176855
2026-04-09,0,0,0,0,0,0,0,0,基础0,Test,7865.2051,7898.6329,7947.6782,7845.9575,2026-04-10,7958.8149,0.0119017621040804,True,2026-04-08,True,0,0.0,0.0,0.0119017621040804,True,2.406896821825649,3.693239670912037,1.4533541440303153,1.9535426777953329,3.239885526881725,2.286342849086389,2026,2026-04,1.1981168552188082,1.2164530189364937,1.0643633004400361,1.1520897184964578,1.0183361637176855
2026-04-10,0,0,0,0,0,0,0,0,基础0,Test,7958.8149,7969.3646,8070.6482,7953.4969,2026-04-13,7917.9194,-0.0051383906415515,True,2026-04-09,True,0,-0.0,-0.0,-0.0051383906415515,True,2.406896821825649,3.693239670912037,1.4482157533887636,1.9586810684368845,3.2450239175232767,2.286342849086389,2026,2026-04,1.1981168552188082,1.2164530189364937,1.0592249097984847,1.1572281091380092,1.0183361637176855
2026-04-13,0,0,0,0,0,0,0,0,基础0,Test,7917.9194,7967.697,7990.9809,7917.9194,2026-04-14,8039.0737,0.0153012797781195,True,2026-04-10,True,0,0.0,0.0,0.0153012797781195,True,2.406896821825649,3.693239670912037,1.4635170331668834,1.9433797886587647,3.229722637745157,2.286342849086389,2026,2026-04,1.1981168552188082,1.2164530189364937,1.074526189576604,1.1419268293598899,1.0183361637176855
2026-04-14,0,0,0,0,0,0,0,0,基础0,Test,8039.0737,8088.5687,8088.5687,8002.6484,2026-04-15,8144.8093,0.0131527093724741,True,2026-04-13,True,0,0.0,0.0,0.0131527093724741,True,2.406896821825649,3.693239670912037,1.4766697425393571,1.9302270792862908,3.2165699283726825,2.286342849086389,2026,2026-04,1.1981168552188082,1.2164530189364937,1.0876788989490782,1.1287741199874157,1.0183361637176855
2026-04-15,0,0,0,0,1,0,0,1,0转+1持有,Test,8144.8093,8044.0773,8150.622,8020.868,2026-04-16,8068.1536,-0.0094116015705856,True,2026-04-14,True,0,-0.0,-0.0094116015705856,-0.0094116015705856,True,2.406896821825649,3.683828069341452,1.467258140968772,1.939638680856876,3.2165699283726825,2.2769312475158037,2026,2026-04,1.1981168552188082,1.2070414173659083,1.0782672973784926,1.1287741199874157,1.0089245621471
2026-04-16,0,0,0,0,1,0,0,1,0转+1持有,Test,8068.1536,8180.0815,8189.1751,8056.781,2026-04-17,8155.3958,0.0108131555651098,True,2026-04-15,True,0,0.0,0.0108131555651098,0.0108131555651098,True,2.406896821825649,3.6946412249065617,1.4780712965338818,1.9288255252917663,3.2165699283726825,2.2877444030809135,2026,2026-04,1.1981168552188082,1.217854572931018,1.0890804529436025,1.1287741199874157,1.0197377177122098
2026-04-17,0,0,0,1,1,0,0,0,零段同日冲突置0,Test,8155.3958,8214.1939,8230.1072,8149.938,2026-04-20,8223.5842,0.0083611392594824,True,2026-04-16,True,0,0.0,0.0,0.0083611392594824,True,2.406896821825649,3.6946412249065617,1.4864324357933645,1.920464386032284,3.2082087891132,2.2877444030809135,2026,2026-04,1.1981168552188082,1.217854572931018,1.097441592203085,1.1204129807279333,1.0197377177122098
2026-04-20,0,0,0,1,1,0,0,0,零段同日冲突置0,Test,8223.5842,8290.0224,8310.9444,8214.2626,2026-04-21,8263.3791,0.0048391186898775,True,2026-04-17,True,0,0.0,0.0,0.0048391186898775,True,2.406896821825649,3.6946412249065617,1.4912715544832418,1.9156252673424063,3.2033696704233225,2.2877444030809135,2026,2026-04,1.1981168552188082,1.217854572931018,1.1022807108929624,1.1155738620380558,1.0197377177122098
2026-04-21,0,0,0,0,1,0,0,1,0转+1持有,Test,8263.3791,8270.3266,8281.3207,8189.7576,2026-04-22,8226.8516,-0.0044204071431261,True,2026-04-20,True,0,-0.0,-0.0044204071431261,-0.0044204071431261,True,2.406896821825649,3.690220817763436,1.4868511473401154,1.9200456744855328,3.2033696704233225,2.2833239959377876,2026,2026-04,1.1981168552188082,1.213434165787892,1.0978603037498362,1.1155738620380558,1.0153173105690836
2026-04-22,1,0,0,0,0,0,0,1,基础+1,Test,8226.8516,8376.1808,8377.3362,8226.8516,2026-04-23,8387.7647,0.0195594995295649,True,2026-04-21,True,1,0.0195594995295649,0.0195594995295649,0.0195594995295649,True,2.4264563213552135,3.7097803172930006,1.5064106468696803,1.9200456744855328,3.2033696704233225,2.2833239959377876,2026,2026-04,1.217676354748373,1.232993665317457,1.1174198032794012,1.1155738620380558,1.0153173105690836
2026-04-23,1,0,0,0,0,0,0,1,基础+1,Test,8387.7647,8295.207,8401.4992,8220.9526,2026-04-24,8244.7784,-0.0170470089605637,True,2026-04-22,True,1,-0.0170470089605637,-0.0170470089605637,-0.0170470089605637,True,2.40940931239465,3.692733308332437,1.4893636379091166,1.9200456744855328,3.2033696704233225,2.2833239959377876,2026,2026-04,1.2006293457878094,1.215946656356893,1.1003727943188375,1.1155738620380558,1.0153173105690836
2026-04-24,1,0,0,0,0,0,0,1,基础+1,Test,8244.7784,8247.8759,8299.8778,8165.8037,2026-04-27,8236.4336,-0.001012131508592,True,2026-04-23,True,1,-0.001012131508592,-0.001012131508592,-0.001012131508592,True,2.408397180886058,3.6917211768238447,1.4883515064005246,1.9200456744855328,3.2033696704233225,2.2833239959377876,2026,2026-04,1.1996172142792174,1.2149345248483012,1.0993606628102455,1.1155738620380558,1.0153173105690836
2026-04-27,1,0,0,0,0,0,0,1,基础+1,Test,8236.4336,8299.0486,8326.1546,8219.943,2026-04-28,8274.6312,0.0046376383098625,True,2026-04-24,True,1,0.0046376383098625,0.0046376383098625,0.0046376383098625,True,2.413034819195921,3.6963588151337072,1.4929891447103871,1.9200456744855328,3.2033696704233225,2.2833239959377876,2026,2026-04,1.20425485258908,1.2195721631581637,1.103998301120108,1.1155738620380558,1.0153173105690836
2026-04-28,1,0,0,0,0,0,0,1,基础+1,Test,8274.6312,8203.9614,8275.328,8173.4448,2026-04-29,8157.3548,-0.0141730062845579,True,2026-04-27,True,1,-0.0141730062845579,-0.0141730062845579,-0.0141730062845579,True,2.3988618129113624,3.682185808849149,1.4788161384258292,1.9200456744855328,3.2033696704233225,2.2833239959377876,2026,2026-04,1.190081846304522,1.2053991568736058,1.08982529483555,1.1155738620380558,1.0153173105690836
2026-04-29,1,0,0,0,0,0,0,1,基础+1,Test,8157.3548,8342.4217,8356.7152,8157.3548,2026-04-30,8331.4394,0.0213408150396987,True,2026-04-28,True,1,0.0213408150396987,0.0213408150396987,0.0213408150396987,True,2.420202627951061,3.703526623888848,1.500156953465528,1.9200456744855328,3.2033696704233225,2.2833239959377876,2026,2026-04,1.2114226613442207,1.2267399719133045,1.1111661098752488,1.1155738620380558,1.0153173105690836
2026-04-30,1,1,0,0,0,0,0,0,+1退出到0,Test,8331.4394,8349.5081,8375.1934,8300.5019,2026-05-06,8441.3419,0.013191298012682,True,2026-04-29,True,1,0.013191298012682,0.0,0.013191298012682,True,2.433393925963743,3.703526623888848,1.51334825147821,1.9200456744855328,3.1901783724106405,2.2701326979251055,2026,2026-04,1.2246139593569028,1.2267399719133045,1.1243574078879308,1.102382564025374,1.0021260125564018
2026-05-06,1,1,0,0,0,0,0,0,+1退出到0,Test,8441.3419,8588.4399,8621.3457,8441.3419,2026-05-07,8637.8414,0.0232782302065031,True,2026-04-30,True,1,0.0232782302065031,0.0,0.0232782302065031,True,2.4566721561702463,3.703526623888848,1.536626481684713,1.9200456744855328,3.1669001422041374,2.2468544677186024,2026,2026-05,1.2478921895634059,1.2267399719133045,1.147635638094434,1.0791043338188708,0.9788477823498986
2026-05-07,1,1,0,0,0,0,0,0,+1退出到0,Test,8637.8414,8696.7989,8700.3353,8598.7116,2026-05-08,8638.8383,0.0001154107784382,True,2026-05-06,True,1,0.0001154107784382,0.0,0.0001154107784382,True,2.4567875669486847,3.703526623888848,1.5367418924631513,1.9200456744855328,3.1667847314256994,2.246739056940164,2026,2026-05,1.248007600341844,1.2267399719133045,1.147751048872872,1.0789889230404326,0.9787323715714604
2026-05-08,1,1,0,0,0,0,0,0,+1退出到0,Test,8638.8383,8694.1709,8706.333,8616.2233,2026-05-11,8771.1761,0.0153189347229709,True,2026-05-07,True,1,0.0153189347229709,0.0,0.0153189347229709,True,2.4721065016716555,3.703526623888848,1.5520608271861225,1.9200456744855328,3.1514657967027286,2.2314201222171928,2026,2026-05,1.2633265350648148,1.2267399719133045,1.163069983595843,1.0636699883174616,0.9634134368484895
2026-05-11,1,0,0,0,0,0,0,1,基础+1,Test,8771.1761,8839.7415,8863.769,8716.4515,2026-05-12,8856.1797,0.0096912431161881,True,2026-05-08,True,1,0.0096912431161881,0.0096912431161881,0.0096912431161881,True,2.4817977447878437,3.713217867005036,1.5617520703023104,1.9200456744855328,3.1514657967027286,2.2314201222171928,2026,2026-05,1.273017778181003,1.2364312150294925,1.172761226712031,1.0636699883174616,0.9634134368484895
2026-05-12,1,1,0,0,0,0,0,0,+1退出到0,Test,8856.1797,8785.9791,8856.1797,8736.4171,2026-05-13,8730.913,-0.014144552644974,True,2026-05-11,True,1,-0.014144552644974,-0.0,-0.014144552644974,True,2.4676531921428695,3.713217867005036,1.5476075176573365,1.9200456744855328,3.165610349347703,2.245564674862167,2026,2026-05,1.258873225536029,1.2364312150294925,1.1586166740670572,1.0778145409624356,0.9775579894934635
2026-05-13,1,0,0,0,0,0,0,1,基础+1,Test,8730.913,8918.239,8925.877,8730.913,2026-05-14,8952.9502,0.0254311547944641,True,2026-05-12,True,1,0.0254311547944641,0.0254311547944641,0.0254311547944641,True,2.4930843469373336,3.7386490217995,1.5730386724518004,1.9200456744855328,3.165610349347703,2.245564674862167,2026,2026-05,1.2843043803304932,1.2618623698239566,1.1840478288615213,1.0778145409624356,0.9775579894934635
2026-05-14,1,1,0,0,0,0,0,0,+1退出到0,Test,8952.9502,8670.1574,8956.6619,8670.1574,2026-05-15,8676.621,-0.0308645970129488,True,2026-05-13,True,1,-0.0308645970129488,-0.0,-0.0308645970129488,True,2.462219749924385,3.7386490217995,1.5421740754388518,1.9200456744855328,3.196474946360651,2.2764292718751156,2026,2026-05,1.2534397833175444,1.2618623698239566,1.1531832318485724,1.1086791379753844,1.0084225865064123
2026-05-15,1,1,0,0,0,1,0,0,+1退出到0,Test,8676.621,8536.3444,8717.0924,8473.0421,2026-05-18,8493.0157,-0.0211609219764237,True,2026-05-14,True,1,-0.0211609219764237,-0.0,-0.0211609219764237,True,2.441058827947961,3.7386490217995,1.521013153462428,1.9200456744855328,3.217635868337075,2.2975901938515397,2026,2026-05,1.2322788613411206,1.2618623698239566,1.1320223098721487,1.1298400599518081,1.029583508482836
2026-05-18,1,0,0,0,0,1,1,1,基础+1,Test,8493.0157,8554.2372,8606.4096,8472.4244,2026-05-19,8524.1543,0.0036663773034117,True,2026-05-15,True,1,0.0036663773034117,0.0036663773034117,0.0036663773034117,True,2.444725205251373,3.742315399102912,1.5246795307658396,1.9200456744855328,3.217635868337075,2.2975901938515397,2026,2026-05,1.2359452386445324,1.2655287471273684,1.1356886871755605,1.1298400599518081,1.029583508482836
2026-05-19,0,0,0,1,0,0,1,-1,0转-1持有,Test,8524.1543,8627.9461,8633.0613,8416.515,2026-05-20,8581.3938,0.006714976991911,True,2026-05-18,True,0,0.0,-0.006714976991911,0.006714976991911,True,2.444725205251373,3.735600422111001,1.5313945077577509,1.9133306974936215,3.204205914353253,2.2908752168596287,2026,2026-05,1.2359452386445324,1.2588137701354574,1.1424036641674713,1.116410105967986,1.022868531490925
2026-05-20,0,0,0,1,0,0,1,-1,0转-1持有,Test,8581.3938,8656.3062,8681.7226,8552.4273,2026-05-21,8703.1742,0.0141912144854603,True,2026-05-19,True,0,0.0,-0.0141912144854603,0.0141912144854603,True,2.444725205251373,3.7214092076255407,1.545585722243211,1.8991394830081616,3.1758234853823324,2.276684002374168,2026,2026-05,1.2359452386445324,1.244622555649997,1.1565948786529316,1.0880276769970656,1.0086773170054648
2026-05-21,0,0,0,1,0,0,1,-1,0转-1持有,Test,8703.1742,8419.8373,8790.3751,8406.2885,2026-05-22,8473.6091,-0.0263771693780413,True,2026-05-20,True,0,-0.0,0.0263771693780413,-0.0263771693780413,True,2.444725205251373,3.747786377003582,1.5192085528651698,1.9255166523862024,3.228577824138415,2.30306117175221,2026,2026-05,1.2359452386445324,1.2709997250280383,1.1302177092748904,1.140782015753148,1.035054486383506
2026-05-22,0,0,0,1,0,1,1,-1,0转-1持有,Test,8473.6091,8576.9402,8591.1549,8414.9398,2026-05-25,8631.2078,0.0185987692068543,True,2026-05-21,True,0,0.0,-0.0185987692068543,0.0185987692068543,True,2.444725205251373,3.729187607796728,1.537807322072024,1.9069178831793483,3.1913802857247062,2.284462402545355,2026,2026-05,1.2359452386445324,1.2524009558211842,1.1488164784817447,1.1035844773394394,1.0164557171766517
2026-05-25,0,0,0,1,1,0,1,0,零段同日冲突置0,Test,8631.2078,8703.8901,8705.1965,8543.8916,2026-05-26,8665.4355,0.0039655747831721,True,2026-05-22,True,0,0.0,0.0,0.0039655747831721,True,2.444725205251373,3.729187607796728,1.5417728968551965,1.902952308396176,3.187414710941534,2.284462402545355,2026,2026-05,1.2359452386445324,1.2524009558211842,1.1527820532649167,1.0996189025562675,1.0164557171766517
2026-05-26,0,0,0,0,1,0,1,1,0转+1持有,Test,8665.4355,8658.6192,8673.2096,8529.666,2026-05-27,8659.2188,-0.0007174134525609,True,2026-05-25,True,0,-0.0,-0.0007174134525609,-0.0007174134525609,True,2.444725205251373,3.728470194344167,1.541055483402635,1.903669721848737,3.187414710941534,2.283744989092794,2026,2026-05,1.2359452386445324,1.2516835423686232,1.152064639812356,1.0996189025562675,1.0157383037240908
2026-05-27,0,0,0,0,1,0,1,1,0转+1持有,Test,8659.2188,8530.9802,8722.5814,8491.3163,2026-05-28,8503.6714,-0.0179632139564369,True,2026-05-26,True,0,-0.0,-0.0179632139564369,-0.0179632139564369,True,2.444725205251373,3.71050698038773,1.5230922694461984,1.921632935805174,3.187414710941534,2.265781775136358,2026,2026-05,1.2359452386445324,1.2337203284121863,1.134101425855919,1.0996189025562675,0.9977750897676539
2026-05-28,0,0,0,0,1,1,0,1,0转+1持有,Test,8503.6714,8563.2218,8596.4487,8424.449,2026-05-29,8589.818,0.0101305184487725,True,2026-05-27,True,0,0.0,0.0101305184487725,0.0101305184487725,True,2.444725205251373,3.7206374988365023,1.533222787894971,1.9115024173564017,3.187414710941534,2.2759122935851295,2026,2026-05,1.2359452386445324,1.2438508468609588,1.1442319443046916,1.0996189025562675,1.0079056082164264
2026-05-29,0,0,0,0,1,0,1,1,0转+1持有,Test,8589.818,8359.5596,8597.9839,8296.2406,2026-06-01,8358.4866,-0.0269308849151401,True,2026-05-28,True,0,-0.0,-0.0269308849151401,-0.0269308849151401,True,2.444725205251373,3.6937066139213623,1.5062919029798307,1.9384333022715416,3.187414710941534,2.2489814086699895,2026,2026-05,1.2359452386445324,1.2169199619458186,1.1173010593895514,1.0996189025562675,0.9809747233012863
2026-06-01,0,0,0,1,0,1,0,-1,0转-1持有,Test,8358.4866,8274.212,8442.5323,8259.6,2026-06-02,8290.8329,-0.0080940130956244,True,2026-05-29,True,0,-0.0,0.0080940130956244,-0.0080940130956244,True,2.444725205251373,3.701800627016987,1.4981978898842063,1.946527315367166,3.203602737132783,2.257075421765614,2026,2026-06,1.2359452386445324,1.225013975041443,1.109207046293927,1.1158069287475163,0.9890687363969107
2026-06-02,0,0,0,1,0,0,0,-1,0转-1持有,Test,8290.8329,8321.4347,8378.4341,8142.5071,2026-06-03,8317.0025,0.0031564500594387,True,2026-06-01,True,0,0.0,-0.0031564500594387,0.0031564500594387,True,2.444725205251373,3.698644176957548,1.501354339943645,1.9433708653077273,3.1972898370139053,2.253918971706175,2026,2026-06,1.2359452386445324,1.2218575249820043,1.1123634963533657,1.1094940286286388,0.985912286337472
2026-06-03,0,0,0,1,0,0,0,-1,0转-1持有,Test,8317.0025,8362.156,8462.67,8294.2881,2026-06-04,8279.8632,-0.0044654669756322,True,2026-06-02,True,0,-0.0,0.0044654669756322,-0.0044654669756322,True,2.444725205251373,3.70310964393318,1.4968888729680128,1.9478363322833596,3.20622077096517,2.2583844386818073,2026,2026-06,1.2359452386445324,1.2263229919576366,1.1078980293777334,1.1184249625799032,0.9903777533131042
2026-06-04,0,0,0,0,0,0,0,0,基础0,Test,8279.8632,8356.7444,8391.0521,8279.8632,2026-06-05,8317.6415,0.004562672001634,True,2026-06-03,True,0,0.0,0.0,0.004562672001634,True,2.444725205251373,3.70310964393318,1.501451544969647,1.943273660281725,3.201658098963536,2.2583844386818073,2026,2026-06,1.2359452386445324,1.2263229919576366,1.1124607013793675,1.1138622905782691,0.9903777533131042
2026-06-05,0,0,0,0,0,0,0,0,基础0,Test,8317.6415,8251.1407,8399.4084,8218.1415,2026-06-08,7978.6598,-0.0407545456245017,True,2026-06-04,True,0,-0.0,-0.0,-0.0407545456245017,True,2.444725205251373,3.70310964393318,1.4606969993451453,1.984028205906227,3.242412644588038,2.2583844386818073,2026,2026-06,1.2359452386445324,1.2263229919576366,1.0717061557548657,1.154616836202771,0.9903777533131042
2026-06-08,-1,0,0,0,0,0,0,-1,基础-1,Test,7978.6598,7963.4529,8142.3354,7889.3991,2026-06-09,8059.339,0.0101118736758269,True,2026-06-05,True,-1,-0.0101118736758269,-0.0101118736758269,0.0101118736758269,True,2.434613331575546,3.692997770257353,1.4708088730209723,1.963804458554573,3.222188897236384,2.2583844386818073,2026,2026-06,1.2258333649687054,1.2162111182818096,1.0818180294306927,1.1343930888511171,0.9903777533131042
2026-06-09,-1,0,0,0,0,0,0,-1,基础-1,Test,8059.339,8176.1785,8181.1277,7965.4851,2026-06-10,8094.1367,0.0043176865993601,True,2026-06-08,True,-1,-0.0043176865993601,-0.0043176865993601,0.0043176865993601,True,2.4302956449761854,3.688680083657993,1.4751265596203322,1.9551690853558528,3.2135535240376636,2.2583844386818073,2026,2026-06,1.2215156783693453,1.2118934316824497,1.0861357160300529,1.125757715652397,0.9903777533131042
2026-06-10,-1,0,0,0,0,0,0,-1,基础-1,Test,8094.1367,8063.8637,8148.255,7973.547,2026-06-11,8025.608,-0.0084664619019839,True,2026-06-09,True,-1,0.0084664619019839,0.0084664619019839,-0.0084664619019839,True,2.4387621068781695,3.6971465455599777,1.4666600977183484,1.972102009159821,3.2304864478416313,2.2583844386818073,2026,2026-06,1.2299821402713293,1.2203598935844335,1.0776692541280688,1.1426906394563647,0.9903777533131042
2026-06-11,-1,0,0,0,0,0,0,-1,基础-1,Test,8025.608,8035.7788,8091.6829,7965.0233,2026-06-12,8189.2103,0.0203850350029555,True,2026-06-10,True,-1,-0.0203850350029555,-0.0203850350029555,0.0203850350029555,True,2.418377071875214,3.6767615105570215,1.487045132721304,1.93133193915391,3.1897163778357203,2.2583844386818073,2026,2026-06,1.2095971052683738,1.199974858581478,1.0980542891310243,1.1019205694504537,0.9903777533131042
2026-06-12,-1,0,0,0,0,0,0,-1,基础-1,Test,8189.2103,8106.203,8258.9084,8098.7805,2026-06-15,8175.0523,-0.0017288602296609,True,2026-06-11,True,-1,0.0017288602296609,0.0017288602296609,-0.0017288602296609,True,2.420105932104875,3.6784903707866823,1.485316272491643,1.9347896596132317,3.1931740982950423,2.2583844386818073,2026,2026-06,1.2113259654980346,1.2017037188111388,1.0963254289013635,1.1053782899097755,0.9903777533131042
2026-06-15,0,0,0,0,0,0,0,0,基础0,Test,8175.0523,8406.7479,8406.7793,8174.5906,2026-06-16,8430.9157,0.0312980749982478,True,2026-06-12,True,0,0.0,0.0,0.0312980749982478,True,2.420105932104875,3.6784903707866823,1.5166143474898908,1.903491584614984,3.161876023296794,2.2583844386818073,2026,2026-06,1.2113259654980346,1.2017037188111388,1.1276235038996112,1.0740802149115276,0.9903777533131042
2026-06-16,0,0,0,0,0,0,0,0,基础0,Test,8430.9157,8507.9799,8538.1941,8413.5082,2026-06-17,8451.6325,0.0024572419814374,True,2026-06-15,True,0,0.0,0.0,0.0024572419814374,True,2.420105932104875,3.6784903707866823,1.5190715894713285,1.901034342633546,3.159418781315357,2.2583844386818073,2026,2026-06,1.2113259654980346,1.2017037188111388,1.1300807458810487,1.0716229729300903,0.9903777533131042
2026-06-17,0,0,0,0,0,0,0,0,基础0,Test,8451.6325,8627.0862,8630.5156,8451.6325,2026-06-18,8590.4987,0.0164306954898949,True,2026-06-16,True,0,0.0,0.0,0.0164306954898949,True,2.420105932104875,3.6784903707866823,1.5355022849612232,1.8846036471436511,3.142988085825462,2.2583844386818073,2026,2026-06,1.2113259654980346,1.2017037188111388,1.1465114413709436,1.0551922774401954,0.9903777533131042
2026-06-18,0,0,0,0,1,0,0,1,0转+1持有,Test,8590.4987,8673.0899,8716.3417,8587.9818,2026-06-22,8709.664,0.0138717557806045,True,2026-06-17,True,0,0.0,0.0138717557806045,0.0138717557806045,True,2.420105932104875,3.6923621265672866,1.549374040741828,1.8707318913630464,3.142988085825462,2.272256194462412,2026,2026-06,1.2113259654980346,1.2155754745917433,1.1603831971515481,1.0551922774401954,1.0042495090937087
2026-06-22,0,0,0,0,1,0,0,1,0转+1持有,Test,8709.664,8868.782,8870.485,8605.223,2026-06-23,8831.5916,0.0139991163838235,True,2026-06-18,True,0,0.0,0.0139991163838235,0.0139991163838235,True,2.420105932104875,3.70636124295111,1.5633731571256515,1.856732774979223,3.142988085825462,2.2862553108462356,2026,2026-06,1.2113259654980346,1.2295745909755669,1.1743823135353715,1.0551922774401954,1.0182486254775323
2026-06-23,0,0,0,0,1,0,0,1,0转+1持有,Test,8831.5916,8688.5923,8895.3398,8629.0106,2026-06-24,8638.6561,-0.021846062265832,True,2026-06-22,True,0,-0.0,-0.021846062265832,-0.021846062265832,True,2.420105932104875,3.684515180685278,1.5415270948598194,1.8785788372450551,3.142988085825462,2.264409248580403,2026,2026-06,1.2113259654980346,1.207728528709735,1.1525362512695396,1.0551922774401954,0.9964025632117002
2026-06-24,0,0,0,0,1,1,0,1,0转+1持有,Test,8638.6561,8842.9378,8850.7909,8613.0845,2026-06-25,8844.849,0.0238686316034735,True,2026-06-23,True,0,0.0,0.0238686316034735,0.0238686316034735,True,2.420105932104875,3.7083838122887514,1.5653957264632927,1.8547102056415816,3.142988085825462,2.288277880183877,2026,2026-06,1.2113259654980346,1.2315971603132083,1.1764048828730131,1.0551922774401954,1.0202711948151737
2026-06-25,1,0,0,0,0,0,0,1,基础+1,Test,8844.849,8938.0113,8940.9587,8803.5962,2026-06-26,8891.0312,0.0052213666960283,True,2026-06-24,True,1,0.0052213666960283,0.0052213666960283,0.0052213666960283,True,2.4253272988009034,3.71360517898478,1.570617093159321,1.8547102056415816,3.142988085825462,2.288277880183877,2026,2026-06,1.216547332194063,1.2368185270092367,1.1816262495690415,1.0551922774401954,1.0202711948151737
2026-06-26,1,0,0,0,0,0,0,1,基础+1,Test,8891.0312,8703.5652,8926.7514,8647.7678,2026-06-29,8731.5763,-0.0179343538913685,True,2026-06-25,True,1,-0.0179343538913685,-0.0179343538913685,-0.0179343538913685,True,2.407392944909535,3.695670825093411,1.5526827392679523,1.8547102056415816,3.142988085825462,2.288277880183877,2026,2026-06,1.1986129783026944,1.2188841731178681,1.163691895677673,1.0551922774401954,1.0202711948151737
2026-06-29,1,0,0,0,0,1,0,1,基础+1,Test,8731.5763,8821.0944,8837.0312,8587.8817,2026-06-30,8815.1067,0.0095664742687984,True,2026-06-26,True,1,0.0095664742687984,0.0095664742687984,0.0095664742687984,True,2.4169594191783332,3.7052372993622096,1.562249213536751,1.8547102056415816,3.142988085825462,2.288277880183877,2026,2026-06,1.2081794525714928,1.2284506473866665,1.1732583699464714,1.0551922774401954,1.0202711948151737
2026-06-30,1,0,0,0,0,0,0,1,基础+1,Test,8815.1067,9031.3788,9040.1322,8771.6552,2026-07-01,9052.0429,0.0268784267806991,True,2026-06-29,True,1,0.0268784267806991,0.0268784267806991,0.0268784267806991,True,2.4438378459590324,3.7321157261429088,1.58912764031745,1.8547102056415816,3.142988085825462,2.288277880183877,2026,2026-06,1.235057879352192,1.2553290741673657,1.2001367967271703,1.0551922774401954,1.0202711948151737
2026-07-01,1,1,0,0,0,0,0,0,+1退出到0,Test,9052.0429,9028.9326,9147.5592,8956.1848,2026-07-02,8829.6208,-0.0245714809858004,True,2026-06-30,True,1,-0.0245714809858004,-0.0,-0.0245714809858004,True,2.419266364973232,3.7321157261429088,1.5645561593316497,1.8547102056415816,3.1675595668112626,2.312849361169677,2026,2026-07,1.2104863983663916,1.2553290741673657,1.17556531574137,1.0797637584259958,1.0448426758009741
2026-07-02,1,1,0,0,0,0,0,0,+1退出到0,Test,8829.6208,8694.1756,8932.6466,8667.4191,2026-07-03,8702.3265,-0.0144167346348556,True,2026-07-01,True,1,-0.0144167346348556,-0.0,-0.0144167346348556,True,2.4048496303383766,3.7321157261429088,1.5501394246967943,1.8547102056415816,3.1819763014461184,2.327266095804533,2026,2026-07,1.196069663731536,1.2553290741673657,1.1611485811065143,1.0941804930608514,1.0592594104358297
2026-07-03,1,1,0,0,0,1,0,0,+1退出到0,Test,8702.3265,8745.2607,8860.4157,8636.1503,2026-07-06,8790.9674,0.0101858853491649,True,2026-07-02,True,1,0.0101858853491649,0.0,0.0101858853491649,True,2.415035515687541,3.7321157261429088,1.560325310045959,1.8547102056415816,3.1717904160969534,2.3170802104553676,2026,2026-07,1.206255549080701,1.2553290741673657,1.1713344664556793,1.0839946077116864,1.0490735250866647
2026-07-06,1,1,0,0,0,0,0,0,+1退出到0,Test,8790.9674,8651.1339,8823.0502,8570.8924,2026-07-07,8604.0756,-0.0212595259993797,True,2026-07-03,True,1,-0.0212595259993797,-0.0,-0.0212595259993797,True,2.3937759896881614,3.7321157261429088,1.5390657840465796,1.8547102056415816,3.193049942096333,2.3383397364547474,2026,2026-07,1.1849960230813212,1.2553290741673657,1.1500749404562995,1.1052541337110662,1.0703330510860445
2026-07-07,1,1,0,0,0,0,0,0,+1退出到0,Test,8604.0756,8508.7885,8663.6652,8457.5756,2026-07-08,8539.0155,-0.0075615444383125,True,2026-07-06,True,1,-0.0075615444383125,-0.0,-0.0075615444383125,True,2.3862144452498493,3.7321157261429088,1.531504239608267,1.8547102056415816,3.2006114865346458,2.3459012808930604,2026,2026-07,1.1774344786430087,1.2553290741673657,1.1425133960179872,1.1128156781493788,1.077894595524357
2026-07-08,0,0,0,0,0,0,1,0,基础0,Test,8539.0155,8390.0194,8571.5247,8343.9232,2026-07-09,8437.1473,-0.0119297359279882,True,2026-07-07,True,0,-0.0,-0.0,-0.0119297359279882,True,2.3862144452498493,3.7321157261429088,1.5195745036802786,1.86663994156957,3.212541222462634,2.3459012808930604,2026,2026-07,1.1774344786430087,1.2553290741673657,1.1305836600899988,1.124745414077367,1.077894595524357
2026-07-09,0,0,0,0,0,0,0,0,基础0,Test,8437.1473,8652.787,8659.6504,8281.9533,2026-07-10,8672.3631,0.0278785935146586,True,2026-07-08,True,0,0.0,0.0,0.0278785935146586,True,2.3862144452498493,3.7321157261429088,1.5474530971949372,1.8387613480549112,3.1846626289479754,2.3459012808930604,2026,2026-07,1.1774344786430087,1.2553290741673657,1.1584622536046574,1.0968668205627083,1.077894595524357
2026-07-10,0,0,0,0,0,0,0,0,基础0,Test,8672.3631,8503.9705,8783.249,8503.2448,2026-07-13,8409.1434,-0.0303515543531611,True,2026-07-09,True,0,-0.0,-0.0,-0.0303515543531611,True,2.3862144452498493,3.7321157261429088,1.517101542841776,1.8691129024080728,3.2150141833011365,2.3459012808930604,2026,2026-07,1.1774344786430087,1.2553290741673657,1.1281106992514964,1.1272183749158695,1.077894595524357
2026-07-13,0,0,0,1,0,1,0,-1,0转-1持有,Test,8409.1434,8138.1443,8457.6923,8106.2688,2026-07-14,8135.0456,-0.0325952105894639,True,2026-07-10,True,0,-0.0,0.0325952105894639,-0.0325952105894639,True,2.3862144452498493,3.764710936732373,1.484506332252312,1.9017081129975364,3.280204604480065,2.378496491482524,2026,2026-07,1.1774344786430087,1.2879242847568295,1.0955154886620324,1.192408796094797,1.1104898061138209
2026-07-14,-1,0,0,0,0,0,0,-1,基础-1,Test,8135.0456,8275.9388,8275.9601,7955.3082,2026-07-15,8294.1422,0.0195569401602371,True,2026-07-13,True,-1,-0.0195569401602371,-0.0195569401602371,0.0195569401602371,True,2.366657505089612,3.745153996572135,1.5040632724125491,1.862594232677062,3.2410907241595903,2.378496491482524,2026,2026-07,1.1578775384827715,1.2683673445965926,1.1150724288222695,1.153294915774323,1.1104898061138209
2026-07-15,-1,0,0,0,0,0,1,-1,基础-1,Test,8294.1422,8147.5786,8305.2723,8117.4588,2026-07-16,8006.4489,-0.0346863235597769,True,2026-07-14,True,-1,0.0346863235597769,0.0346863235597769,-0.0346863235597769,True,2.401343828649389,3.779840320131912,1.4693769488527724,1.931966879796616,3.3104633712791443,2.378496491482524,2026,2026-07,1.1925638620425485,1.3030536681563694,1.0803861052624926,1.2226675628938768,1.1104898061138209
2026-07-16,-1,0,0,0,0,0,1,-1,基础-1,Test,8006.4489,7955.6635,8148.0419,7907.0974,2026-07-17,7900.097,-0.0132832796822072,True,2026-07-15,True,-1,0.0132832796822072,0.0132832796822072,-0.0132832796822072,True,2.414627108331596,3.7931235998141193,1.456093669170565,1.9585334391610307,3.337029930643559,2.378496491482524,2026,2026-07,1.2058471417247558,1.3163369478385767,1.0671028255802855,1.2492341222582912,1.1104898061138209
2026-07-17,-1,0,0,0,0,0,0,-1,基础-1,Test,7900.097,7513.7627,7908.7387,7474.1508,2026-07-20,7597.7694,-0.0382688465723901,True,2026-07-16,True,-1,0.0382688465723901,0.0382688465723901,-0.0382688465723901,True,2.452895954903986,3.831392446386509,1.4178248225981749,2.035071132305811,3.4135676237883392,2.378496491482524,2026,2026-07,1.2441159882971458,1.3546057944109666,1.0288339790078953,1.3257718154030713,1.1104898061138209
2026-07-20,-1,0,1,0,0,0,0,0,-1退出到0,Test,7597.7694,7411.3134,7626.489,7253.5179,2026-07-21,7437.4524,-0.0211005351123185,True,2026-07-17,True,-1,0.0211005351123185,-0.0,-0.0211005351123185,True,2.4739964900163045,3.831392446386509,1.3967242874858563,2.077272202530448,3.434668158900658,2.3573959563702056,2026,2026-07,1.2652165234094643,1.3546057944109666,1.007733443895577,1.34687235051539,1.0893892710015025
2026-07-21,-1,0,1,0,0,0,1,0,-1退出到0,Test,7437.4524,7800.6085,7802.7549,7270.9541,2026-07-22,7741.9063,0.0409352401367972,True,2026-07-20,True,-1,-0.0409352401367972,0.0,0.0409352401367972,True,2.4330612498795077,3.831392446386509,1.4376595276226536,1.9954017222568536,3.3937329187638605,2.398331196507003,2026,2026-07,1.224281283272667,1.3546057944109666,1.048668684032374,1.3059371103785926,1.1303245111382996
2026-07-22,-1,0,1,0,0,0,0,0,-1退出到0,Test,7741.9063,7751.6618,7889.4455,7701.2212,2026-07-23,7750.8521,0.0011555035224335,True,2026-07-21,True,-1,-0.0011555035224335,0.0,0.0011555035224335,True,2.431905746357074,3.831392446386509,1.4388150311450871,1.9930907152119863,3.392577415241427,2.3994867000294366,2026,2026-07,1.2231257797502337,1.3546057944109666,1.0498241875548076,1.3047816068561593,1.1314800146607331
2026-07-23,0,0,0,0,0,0,0,0,基础0,Test,7750.8521,7734.31,7795.3499,7658.9994,2026-07-24,7625.2021,-0.016211120839217,True,2026-07-22,True,0,-0.0,-0.0,-0.016211120839217,True,2.431905746357074,3.831392446386509,1.42260391030587,2.0093018360512036,3.408788536080644,2.3994867000294366,2026,2026-07,1.2231257797502337,1.3546057944109666,1.0336130667155905,1.3209927276953763,1.1314800146607331
2026-07-24,0,0,0,0,0,0,0,0,基础0,Test,7625.2021,7532.7006,7703.5986,7532.6682,2026-07-27,7512.4036,-0.0147928538182615,True,2026-07-23,True,0,-0.0,-0.0,-0.0147928538182615,True,2.431905746357074,3.831392446386509,1.4078110564876083,2.0240946898694654,3.4235813898989056,2.3994867000294366,2026,2026-07,1.2231257797502337,1.3546057944109666,1.0188202128973292,1.3357855815136377,1.1314800146607331
2026-07-27,-1,0,0,0,0,0,0,-1,基础-1,Test,7512.4036,7720.5975,7721.4028,7466.5446,2026-07-28,7589.7596,0.0102971038456987,True,2026-07-24,True,-1,-0.0102971038456987,-0.0102971038456987,0.0102971038456987,True,2.421608642511375,3.8210953425408105,1.4181081603333072,2.003500482178068,3.402987182207508,2.3994867000294366,2026,2026-07,1.212828675904535,1.344308690565268,1.0291173167430276,1.3151913738222403,1.1314800146607331
2026-07-28,-1,0,0,0,0,0,0,-1,基础-1,Test,7589.7596,7443.4332,7646.0156,7412.6308,2026-07-29,7444.802,-0.0190991029544599,True,2026-07-27,True,-1,0.0190991029544599,0.0190991029544599,-0.0190991029544599,True,2.440707745465835,3.8401944454952703,1.3990090573788474,2.0416986880869876,3.441185388116428,2.3994867000294366,2026,2026-07,1.2319277788589948,1.363407793519728,1.0100182137885678,1.3533895797311601,1.1314800146607331
2026-07-29,-1,0,0,0,0,0,0,-1,基础-1,Test,7444.802,7524.5075,7572.8138,7325.3558,2026-07-30,7477.3139,0.0043670603999945,True,2026-07-28,True,-1,-0.0043670603999945,-0.0043670603999945,0.0043670603999945,True,2.4363406850658405,3.835827385095276,1.403376117778842,2.0329645672869985,3.4324512673164387,2.3994867000294366,2026,2026-07,1.2275607184590003,1.3590407331197334,1.0143852741885624,1.3446554589311712,1.1314800146607331
2026-07-30,-1,0,0,0,0,0,0,-1,基础-1,Test,7477.3139,7309.5753,7536.4854,7221.9471,2026-07-31,7537.8478,0.0080956745710514,True,2026-07-29,True,-1,-0.0080956745710514,-0.0080956745710514,0.0080956745710514,True,2.428245010494789,3.827731710524224,1.4114717923498934,2.0167732181448956,3.416259918174336,2.3994867000294366,2026,2026-07,1.2194650438879489,1.350945058548682,1.0224809487596138,1.3284641097890684,1.1314800146607331
2026-07-31,-1,0,0,0,0,0,0,-1,基础-1,Test,7537.8478,7493.985,7638.7805,7487.4314,2026-08-03,7457.1176,-0.0107099801086458,True,2026-07-30,True,-1,0.0107099801086458,0.0107099801086458,-0.0107099801086458,True,2.4389549906034347,3.8384416906328704,1.4007618122412473,2.0381931783621874,3.4376798783916276,2.3994867000294366,2026,2026-07,1.2301750239965947,1.3616550386573278,1.011770968650968,1.34988407000636,1.1314800146607331
2026-08-03,-1,0,1,0,0,0,0,0,-1退出到0,Test,7457.1176,7414.5227,7499.5786,7397.9416,2026-08-04,7467.0793,0.0013358646777945,True,2026-07-31,True,-1,-0.0013358646777945,0.0,0.0013358646777945,True,2.4376191259256403,3.8384416906328704,1.402097676919042,2.0355214490065983,3.436344013713833,2.400822564707231,2026,2026-08,1.2288391593188002,1.3616550386573278,1.0131068333287625,1.3485482053285653,1.1328158793385277
2026-08-04,0,0,0,0,0,0,0,0,基础0,Test,7467.0793,7607.4867,7645.4754,7450.3175,2026-08-05,7567.9561,0.0135095391313173,True,2026-08-03,True,0,0.0,0.0,0.0135095391313173,True,2.4376191259256403,3.8384416906328704,1.4156072160503594,2.022011909875281,3.422834474582515,2.400822564707231,2026,2026-08,1.2288391593188002,1.3616550386573278,1.0266163724600799,1.3350386661972482,1.1328158793385277
2026-08-05,0,0,0,0,0,0,0,0,基础0,Test,7567.9561,7809.2065,7845.3919,7567.9561,2026-08-06,7737.5918,0.0224149952455459,True,2026-08-04,True,0,0.0,0.0,0.0224149952455459,True,2.4376191259256403,3.8384416906328704,1.4380222112959054,1.999596914629735,3.4004194793369695,2.400822564707231,2026,2026-08,1.2288391593188002,1.3616550386573278,1.0490313677056256,1.3126236709517023,1.1328158793385277
2026-08-06,0,0,0,0,0,0,0,0,基础0,Test,7737.5918,7829.3615,7868.8549,7722.5705,2026-08-07,7828.7906,0.0117864579002475,True,2026-08-05,True,0,0.0,0.0,0.0117864579002475,True,2.4376191259256403,3.8384416906328704,1.4498086691961527,1.9878104567294872,3.388633021436722,2.400822564707231,2026,2026-08,1.2288391593188002,1.3616550386573278,1.0608178256058731,1.3008372130514547,1.1328158793385277
2026-08-07,0,0,0,0,0,0,0,0,基础0,Test,7828.7906,7980.1245,7983.1726,7763.5287,2026-08-10,8003.9204,0.0223699686130318,True,2026-08-06,True,0,0.0,0.0,0.0223699686130318,True,2.4376191259256403,3.8384416906328704,1.4721786378091846,1.9654404881164556,3.3662630528236903,2.400822564707231,2026,2026-08,1.2288391593188002,1.3616550386573278,1.083187794218905,1.2784672444384229,1.1328158793385277
2026-08-10,0,0,0,0,0,0,0,0,基础0,Test,8003.9204,8030.9483,8031.1557,7910.8357,2026-08-11,7979.276,-0.0030790411159011,True,2026-08-07,True,0,-0.0,-0.0,-0.0030790411159011,True,2.4376191259256403,3.8384416906328704,1.4690995966932836,1.9685195292323567,3.3693420939395917,2.400822564707231,2026,2026-08,1.2288391593188002,1.3616550386573278,1.0801087531030038,1.281546285554324,1.1328158793385277
2026-08-11,0,0,0,1,0,0,0,-1,0转-1持有,Test,7979.276,7967.5386,8078.361,7947.6668,2026-08-12,7978.0412,-0.0001547508821602,True,2026-08-10,True,0,-0.0,0.0001547508821602,-0.0001547508821602,True,2.4376191259256403,3.83859644151503,1.4689448458111234,1.968674280114517,3.369651595703912,2.400977315589391,2026,2026-08,1.2288391593188002,1.361809789539488,1.0799540022208436,1.2818557873186445,1.132970630220688
2026-08-12,0,0,0,1,0,0,0,-1,0转-1持有,Test,7978.0412,8045.3099,8067.5276,7961.8285,2026-08-13,8096.8517,0.0148921893258711,True,2026-08-11,True,0,0.0,-0.0148921893258711,0.0148921893258711,True,2.4376191259256403,3.823704252189159,1.4838370351369945,1.9537820907886456,3.33986721705217,2.38608512626352,2026,2026-08,1.2288391593188002,1.346917600213617,1.0948461915467147,1.2520714086669023,1.1180784408948168
2026-08-13,0,0,0,1,0,0,0,-1,0转-1持有,Test,8096.8517,7968.3809,8142.3265,7966.8665,2026-08-14,7989.6469,-0.0132403067231675,True,2026-08-12,True,0,-0.0,0.0132403067231675,-0.0132403067231675,True,2.4376191259256403,3.836944558912327,1.4705967284138268,1.9670223975118133,3.366347830498505,2.3993254329866875,2026,2026-08,1.2288391593188002,1.3601579069367844,1.0816058848235472,1.2785520221132372,1.1313187476179842
2026-08-14,0,0,0,1,0,0,0,-1,0转-1持有,Test,7989.6469,7990.3277,8005.1484,7897.2428,2026-08-17,8007.8703,0.0022808767681585,True,2026-08-13,True,0,0.0,-0.0022808767681585,0.0022808767681585,True,2.4376191259256403,3.8346636821441686,1.4728776051819854,1.964741520743655,3.3617860769621877,2.397044556218529,2026,2026-08,1.2288391593188002,1.3578770301686258,1.0838867615917058,1.2739902685769202,1.1290378708498257
2026-08-17,0,0,0,1,0,0,0,-1,0转-1持有,Test,8007.8703,8184.6407,8184.6407,7992.3579,2026-08-18,8178.8426,0.0213505331124057,True,2026-08-14,True,0,0.0,-0.0213505331124057,0.0213505331124057,True,2.4376191259256403,3.813313149031763,1.4942281382943912,1.9433909876312492,3.319085010737376,2.375694023106123,2026,2026-08,1.2288391593188002,1.3365264970562203,1.1052372947041114,1.2312892023521087,1.1076873377374201
2026-08-18,0,0,0,1,0,0,0,-1,0转-1持有,Test,8178.8426,8177.1762,8211.307,8069.8215,2026-08-19,8029.5224,-0.0182568863716732,True,2026-08-17,True,0,-0.0,0.0182568863716732,-0.0182568863716732,True,2.4376191259256403,3.831570035403436,1.475971251922718,1.9616478740029224,3.3555987834807226,2.3939509094777964,2026,2026-08,1.2288391593188002,1.3547833834278933,1.0869804083324381,1.2678029750954551,1.1259442241090931
2026-08-19,0,0,0,0,0,0,0,0,基础0,Test,8029.5224,7783.4558,8050.079,7762.2919,2026-08-20,7864.677,-0.0205299134603572,True,2026-08-18,True,0,-0.0,-0.0,-0.0205299134603572,True,2.4376191259256403,3.831570035403436,1.4554413384623608,1.9821777874632796,3.37612869694108,2.3939509094777964,2026,2026-08,1.2288391593188002,1.3547833834278933,1.066450494872081,1.2883328885558125,1.1259442241090931
2026-08-20,0,0,0,0,0,0,0,0,基础0,Test,7864.677,7850.4006,7923.9109,7796.2776,2026-08-21,7812.2612,-0.0066647110873084,True,2026-08-19,True,0,-0.0,-0.0,-0.0066647110873084,True,2.4376191259256403,3.831570035403436,1.4487766273750522,1.988842498550588,3.3827934080283883,2.3939509094777964,2026,2026-08,1.2288391593188002,1.3547833834278933,1.0597857837847726,1.294997599643121,1.1259442241090931
